2026-06-27 21:20:39 | INFO | src.jobs_xlsx.freight.get_freight_index_data | Excel wide value loader started | config_path=config/freight_jobs.yaml
2026-06-27 21:20:39 | INFO | src.jobs_xlsx.freight.get_freight_index_data | Loading Excel sheet | file=/Users/tommy/Desktop/Pycharm/FinancialData/data/freight/china containerized freight index.xlsx | sheet=CCFI | exchange=SSE | country=China
2026-06-27 21:20:39 | INFO | src.jobs_xlsx.freight.get_freight_index_data | Excel sheet loaded | file=/Users/tommy/Desktop/Pycharm/FinancialData/data/freight/china containerized freight index.xlsx | sheet=CCFI | rows=1261 | columns=17
2026-06-27 21:20:39 | INFO | src.jobs_xlsx.freight.get_freight_index_data | Loading Excel sheet | file=/Users/tommy/Desktop/Pycharm/FinancialData/data/freight/china containerized freight index.xlsx | sheet=SCFI | exchange=SSE | country=China
2026-06-27 21:20:39 | INFO | src.jobs_xlsx.freight.get_freight_index_data | Excel sheet loaded | file=/Users/tommy/Desktop/Pycharm/FinancialData/data/freight/china containerized freight index.xlsx | sheet=SCFI | rows=857 | columns=5
2026-06-27 21:20:39 | INFO | src.jobs_xlsx.freight.get_freight_index_data | Loading Excel sheet | file=/Users/tommy/Desktop/Pycharm/FinancialData/data/freight/china containerized freight index.xlsx | sheet=SCFIS | exchange=SSE | country=China
2026-06-27 21:20:39 | INFO | src.jobs_xlsx.freight.get_freight_index_data | Excel sheet loaded | file=/Users/tommy/Desktop/Pycharm/FinancialData/data/freight/china containerized freight index.xlsx | sheet=SCFIS | rows=30 | columns=6
2026-06-27 21:20:39 | INFO | src.jobs_xlsx.freight.get_freight_index_data | Loading Excel sheet | file=/Users/tommy/Desktop/Pycharm/FinancialData/data/freight/china containerized freight index.xlsx | sheet=CBFI | exchange=SSE | country=China
2026-06-27 21:20:39 | INFO | src.jobs_xlsx.freight.get_freight_index_data | Excel sheet loaded | file=/Users/tommy/Desktop/Pycharm/FinancialData/data/freight/china containerized freight index.xlsx | sheet=CBFI | rows=30 | columns=31
2026-06-27 21:20:39 | INFO | src.jobs_xlsx.freight.get_freight_index_data | Loading Excel sheet | file=/Users/tommy/Desktop/Pycharm/FinancialData/data/freight/china containerized freight index.xlsx | sheet=CBCFI | exchange=SSE | country=China
2026-06-27 21:20:39 | INFO | src.jobs_xlsx.freight.get_freight_index_data | Excel sheet loaded | file=/Users/tommy/Desktop/Pycharm/FinancialData/data/freight/china containerized freight index.xlsx | sheet=CBCFI | rows=136 | columns=5
2026-06-27 21:20:39 | INFO | src.jobs_xlsx.freight.get_freight_index_data | Loading Excel sheet | file=/Users/tommy/Desktop/Pycharm/FinancialData/data/freight/china containerized freight index.xlsx | sheet=CBOFI | exchange=SSE | country=China
2026-06-27 21:20:39 | INFO | src.jobs_xlsx.freight.get_freight_index_data | Excel sheet loaded | file=/Users/tommy/Desktop/Pycharm/FinancialData/data/freight/china containerized freight index.xlsx | sheet=CBOFI | rows=83 | columns=10
2026-06-27 21:20:39 | INFO | src.jobs_xlsx.freight.get_freight_index_data | Loading Excel sheet | file=/Users/tommy/Desktop/Pycharm/FinancialData/data/freight/china containerized freight index.xlsx | sheet=CBGFI | exchange=SSE | country=China
2026-06-27 21:20:39 | INFO | src.jobs_xlsx.freight.get_freight_index_data | Excel sheet loaded | file=/Users/tommy/Desktop/Pycharm/FinancialData/data/freight/china containerized freight index.xlsx | sheet=CBGFI | rows=29 | columns=8
2026-06-27 21:20:39 | INFO | src.jobs_xlsx.freight.get_freight_index_data | Loading Excel sheet | file=/Users/tommy/Desktop/Pycharm/FinancialData/data/freight/china containerized freight index.xlsx | sheet=CDFI | exchange=SSE | country=China
2026-06-27 21:20:39 | INFO | src.jobs_xlsx.freight.get_freight_index_data | Excel sheet loaded | file=/Users/tommy/Desktop/Pycharm/FinancialData/data/freight/china containerized freight index.xlsx | sheet=CDFI | rows=136 | columns=22
2026-06-27 21:20:39 | INFO | src.jobs_xlsx.freight.get_freight_index_data | Loading Excel sheet | file=/Users/tommy/Desktop/Pycharm/FinancialData/data/freight/china containerized freight index.xlsx | sheet=FDI | exchange=SSE | country=China
2026-06-27 21:20:39 | INFO | src.jobs_xlsx.freight.get_freight_index_data | Excel sheet loaded | file=/Users/tommy/Desktop/Pycharm/FinancialData/data/freight/china containerized freight index.xlsx | sheet=FDI | rows=136 | columns=30
2026-06-27 21:20:39 | INFO | src.jobs_xlsx.freight.get_freight_index_data | Loading Excel sheet | file=/Users/tommy/Desktop/Pycharm/FinancialData/data/freight/china containerized freight index.xlsx | sheet=CTFI | exchange=SSE | country=China
2026-06-27 21:20:39 | INFO | src.jobs_xlsx.freight.get_freight_index_data | Excel sheet loaded | file=/Users/tommy/Desktop/Pycharm/FinancialData/data/freight/china containerized freight index.xlsx | sheet=CTFI | rows=136 | columns=19
2026-06-27 21:20:39 | INFO | src.jobs_xlsx.freight.get_freight_index_data | Loading Excel sheet | file=/Users/tommy/Desktop/Pycharm/FinancialData/data/freight/china containerized freight index.xlsx | sheet=CSI | exchange=SSE | country=China
2026-06-27 21:20:39 | INFO | src.jobs_xlsx.freight.get_freight_index_data | Excel sheet loaded | file=/Users/tommy/Desktop/Pycharm/FinancialData/data/freight/china containerized freight index.xlsx | sheet=CSI | rows=8 | columns=107
2026-06-27 21:20:39 | INFO | src.jobs_xlsx.freight.get_freight_index_data | Loading Excel sheet | file=/Users/tommy/Desktop/Pycharm/FinancialData/data/freight/china containerized freight index.xlsx | sheet=CICFI | exchange=SSE | country=China
2026-06-27 21:20:39 | INFO | src.jobs_xlsx.freight.get_freight_index_data | Excel sheet loaded | file=/Users/tommy/Desktop/Pycharm/FinancialData/data/freight/china containerized freight index.xlsx | sheet=CICFI | rows=31 | columns=17
2026-06-27 21:20:39 | INFO | src.jobs_xlsx.freight.get_freight_index_data | Loading Excel sheet | file=/Users/tommy/Desktop/Pycharm/FinancialData/data/freight/china containerized freight index.xlsx | sheet=SEAFI | exchange=SSE | country=China
2026-06-27 21:20:39 | INFO | src.jobs_xlsx.freight.get_freight_index_data | Excel sheet loaded | file=/Users/tommy/Desktop/Pycharm/FinancialData/data/freight/china containerized freight index.xlsx | sheet=SEAFI | rows=30 | columns=5
2026-06-27 21:20:39 | INFO | src.jobs_xlsx.freight.get_freight_index_data | Loading Excel sheet | file=/Users/tommy/Desktop/Pycharm/FinancialData/data/freight/china containerized freight index.xlsx | sheet=BRTVI | exchange=SSE | country=China
2026-06-27 21:20:39 | INFO | src.jobs_xlsx.freight.get_freight_index_data | Excel sheet loaded | file=/Users/tommy/Desktop/Pycharm/FinancialData/data/freight/china containerized freight index.xlsx | sheet=BRTVI | rows=8 | columns=13
2026-06-27 21:20:39 | INFO | src.jobs_xlsx.freight.get_freight_index_data | Loading Excel sheet | file=/Users/tommy/Desktop/Pycharm/FinancialData/data/freight/china containerized freight index.xlsx | sheet=BRCVI | exchange=SSE | country=China
2026-06-27 21:20:39 | INFO | src.jobs_xlsx.freight.get_freight_index_data | Excel sheet loaded | file=/Users/tommy/Desktop/Pycharm/FinancialData/data/freight/china containerized freight index.xlsx | sheet=BRCVI | rows=8 | columns=21
2026-06-27 21:20:39 | INFO | src.jobs_xlsx.freight.get_freight_index_data | Loading Excel sheet | file=/Users/tommy/Desktop/Pycharm/FinancialData/data/freight/china containerized freight index.xlsx | sheet=SRFI | exchange=SSE | country=China
2026-06-27 21:20:39 | INFO | src.jobs_xlsx.freight.get_freight_index_data | Excel sheet loaded | file=/Users/tommy/Desktop/Pycharm/FinancialData/data/freight/china containerized freight index.xlsx | sheet=SRFI | rows=9 | columns=26
2026-06-27 21:20:39 | INFO | src.jobs_xlsx.freight.get_freight_index_data | Loading Excel sheet | file=/Users/tommy/Desktop/Pycharm/FinancialData/data/freight/china containerized freight index.xlsx | sheet=TWFI | exchange=SSE | country=China
2026-06-27 21:20:39 | INFO | src.jobs_xlsx.freight.get_freight_index_data | Excel sheet loaded | file=/Users/tommy/Desktop/Pycharm/FinancialData/data/freight/china containerized freight index.xlsx | sheet=TWFI | rows=30 | columns=13
2026-06-27 21:20:39 | INFO | src.jobs_xlsx.freight.get_freight_index_data | Loading Excel sheet | file=/Users/tommy/Desktop/Pycharm/FinancialData/data/freight/GSCPI.xlsx | sheet=GSCPI | exchange=FED | country=United States
2026-06-27 21:20:39 | INFO | src.jobs_xlsx.freight.get_freight_index_data | Excel sheet loaded | file=/Users/tommy/Desktop/Pycharm/FinancialData/data/freight/GSCPI.xlsx | sheet=GSCPI | rows=341 | columns=5
2026-06-27 21:20:39 | INFO | src.jobs_xlsx.freight.get_freight_index_data | Parquet saved | output_path=/Users/tommy/Desktop/Pycharm/FinancialData/data_lake/raw/freight/freights_index.parquet | rows=27612 | symbols=288
2026-06-27 21:36:19 | INFO | src.jobs_xlsx.freight.get_freight_index_data | Excel wide value loader started | config_path=config/freight_jobs.yaml
2026-06-27 21:36:19 | INFO | src.jobs_xlsx.freight.get_freight_index_data | Loading Excel sheet | file=/Users/tommy/Desktop/Pycharm/FinancialData/data/freight/china containerized freight index.xlsx | sheet=CCFI | exchange=SSE | country=China
2026-06-27 21:36:19 | INFO | src.jobs_xlsx.freight.get_freight_index_data | Excel sheet loaded | file=/Users/tommy/Desktop/Pycharm/FinancialData/data/freight/china containerized freight index.xlsx | sheet=CCFI | rows=1261 | columns=17
2026-06-27 21:36:19 | INFO | src.jobs_xlsx.freight.get_freight_index_data | Loading Excel sheet | file=/Users/tommy/Desktop/Pycharm/FinancialData/data/freight/china containerized freight index.xlsx | sheet=SCFI | exchange=SSE | country=China
2026-06-27 21:36:19 | INFO | src.jobs_xlsx.freight.get_freight_index_data | Excel sheet loaded | file=/Users/tommy/Desktop/Pycharm/FinancialData/data/freight/china containerized freight index.xlsx | sheet=SCFI | rows=857 | columns=5
2026-06-27 21:36:19 | INFO | src.jobs_xlsx.freight.get_freight_index_data | Loading Excel sheet | file=/Users/tommy/Desktop/Pycharm/FinancialData/data/freight/china containerized freight index.xlsx | sheet=SCFIS | exchange=SSE | country=China
2026-06-27 21:36:19 | INFO | src.jobs_xlsx.freight.get_freight_index_data | Excel sheet loaded | file=/Users/tommy/Desktop/Pycharm/FinancialData/data/freight/china containerized freight index.xlsx | sheet=SCFIS | rows=30 | columns=6
2026-06-27 21:36:19 | INFO | src.jobs_xlsx.freight.get_freight_index_data | Loading Excel sheet | file=/Users/tommy/Desktop/Pycharm/FinancialData/data/freight/china containerized freight index.xlsx | sheet=CBFI | exchange=SSE | country=China
2026-06-27 21:36:19 | INFO | src.jobs_xlsx.freight.get_freight_index_data | Excel sheet loaded | file=/Users/tommy/Desktop/Pycharm/FinancialData/data/freight/china containerized freight index.xlsx | sheet=CBFI | rows=30 | columns=31
2026-06-27 21:36:19 | INFO | src.jobs_xlsx.freight.get_freight_index_data | Loading Excel sheet | file=/Users/tommy/Desktop/Pycharm/FinancialData/data/freight/china containerized freight index.xlsx | sheet=CBCFI | exchange=SSE | country=China
2026-06-27 21:36:19 | INFO | src.jobs_xlsx.freight.get_freight_index_data | Excel sheet loaded | file=/Users/tommy/Desktop/Pycharm/FinancialData/data/freight/china containerized freight index.xlsx | sheet=CBCFI | rows=136 | columns=5
2026-06-27 21:36:19 | INFO | src.jobs_xlsx.freight.get_freight_index_data | Loading Excel sheet | file=/Users/tommy/Desktop/Pycharm/FinancialData/data/freight/china containerized freight index.xlsx | sheet=CBOFI | exchange=SSE | country=China
2026-06-27 21:36:19 | INFO | src.jobs_xlsx.freight.get_freight_index_data | Excel sheet loaded | file=/Users/tommy/Desktop/Pycharm/FinancialData/data/freight/china containerized freight index.xlsx | sheet=CBOFI | rows=83 | columns=10
2026-06-27 21:36:19 | INFO | src.jobs_xlsx.freight.get_freight_index_data | Loading Excel sheet | file=/Users/tommy/Desktop/Pycharm/FinancialData/data/freight/china containerized freight index.xlsx | sheet=CBGFI | exchange=SSE | country=China
2026-06-27 21:36:19 | INFO | src.jobs_xlsx.freight.get_freight_index_data | Excel sheet loaded | file=/Users/tommy/Desktop/Pycharm/FinancialData/data/freight/china containerized freight index.xlsx | sheet=CBGFI | rows=29 | columns=8
2026-06-27 21:36:19 | INFO | src.jobs_xlsx.freight.get_freight_index_data | Loading Excel sheet | file=/Users/tommy/Desktop/Pycharm/FinancialData/data/freight/china containerized freight index.xlsx | sheet=CDFI | exchange=SSE | country=China
2026-06-27 21:36:19 | INFO | src.jobs_xlsx.freight.get_freight_index_data | Excel sheet loaded | file=/Users/tommy/Desktop/Pycharm/FinancialData/data/freight/china containerized freight index.xlsx | sheet=CDFI | rows=136 | columns=22
2026-06-27 21:36:19 | INFO | src.jobs_xlsx.freight.get_freight_index_data | Loading Excel sheet | file=/Users/tommy/Desktop/Pycharm/FinancialData/data/freight/china containerized freight index.xlsx | sheet=FDI | exchange=SSE | country=China
2026-06-27 21:36:19 | INFO | src.jobs_xlsx.freight.get_freight_index_data | Excel sheet loaded | file=/Users/tommy/Desktop/Pycharm/FinancialData/data/freight/china containerized freight index.xlsx | sheet=FDI | rows=136 | columns=30
2026-06-27 21:36:19 | INFO | src.jobs_xlsx.freight.get_freight_index_data | Loading Excel sheet | file=/Users/tommy/Desktop/Pycharm/FinancialData/data/freight/china containerized freight index.xlsx | sheet=CTFI | exchange=SSE | country=China
2026-06-27 21:36:19 | INFO | src.jobs_xlsx.freight.get_freight_index_data | Excel sheet loaded | file=/Users/tommy/Desktop/Pycharm/FinancialData/data/freight/china containerized freight index.xlsx | sheet=CTFI | rows=136 | columns=19
2026-06-27 21:36:19 | INFO | src.jobs_xlsx.freight.get_freight_index_data | Loading Excel sheet | file=/Users/tommy/Desktop/Pycharm/FinancialData/data/freight/china containerized freight index.xlsx | sheet=CSI | exchange=SSE | country=China
2026-06-27 21:36:19 | INFO | src.jobs_xlsx.freight.get_freight_index_data | Excel sheet loaded | file=/Users/tommy/Desktop/Pycharm/FinancialData/data/freight/china containerized freight index.xlsx | sheet=CSI | rows=8 | columns=107
2026-06-27 21:36:19 | INFO | src.jobs_xlsx.freight.get_freight_index_data | Loading Excel sheet | file=/Users/tommy/Desktop/Pycharm/FinancialData/data/freight/china containerized freight index.xlsx | sheet=CICFI | exchange=SSE | country=China
2026-06-27 21:36:19 | INFO | src.jobs_xlsx.freight.get_freight_index_data | Excel sheet loaded | file=/Users/tommy/Desktop/Pycharm/FinancialData/data/freight/china containerized freight index.xlsx | sheet=CICFI | rows=31 | columns=17
2026-06-27 21:36:19 | INFO | src.jobs_xlsx.freight.get_freight_index_data | Loading Excel sheet | file=/Users/tommy/Desktop/Pycharm/FinancialData/data/freight/china containerized freight index.xlsx | sheet=SEAFI | exchange=SSE | country=China
2026-06-27 21:36:19 | INFO | src.jobs_xlsx.freight.get_freight_index_data | Excel sheet loaded | file=/Users/tommy/Desktop/Pycharm/FinancialData/data/freight/china containerized freight index.xlsx | sheet=SEAFI | rows=30 | columns=5
2026-06-27 21:36:19 | INFO | src.jobs_xlsx.freight.get_freight_index_data | Loading Excel sheet | file=/Users/tommy/Desktop/Pycharm/FinancialData/data/freight/china containerized freight index.xlsx | sheet=BRTVI | exchange=SSE | country=China
2026-06-27 21:36:19 | INFO | src.jobs_xlsx.freight.get_freight_index_data | Excel sheet loaded | file=/Users/tommy/Desktop/Pycharm/FinancialData/data/freight/china containerized freight index.xlsx | sheet=BRTVI | rows=8 | columns=13
2026-06-27 21:36:19 | INFO | src.jobs_xlsx.freight.get_freight_index_data | Loading Excel sheet | file=/Users/tommy/Desktop/Pycharm/FinancialData/data/freight/china containerized freight index.xlsx | sheet=BRCVI | exchange=SSE | country=China
2026-06-27 21:36:19 | INFO | src.jobs_xlsx.freight.get_freight_index_data | Excel sheet loaded | file=/Users/tommy/Desktop/Pycharm/FinancialData/data/freight/china containerized freight index.xlsx | sheet=BRCVI | rows=8 | columns=21
2026-06-27 21:36:19 | INFO | src.jobs_xlsx.freight.get_freight_index_data | Loading Excel sheet | file=/Users/tommy/Desktop/Pycharm/FinancialData/data/freight/china containerized freight index.xlsx | sheet=SRFI | exchange=SSE | country=China
2026-06-27 21:36:19 | INFO | src.jobs_xlsx.freight.get_freight_index_data | Excel sheet loaded | file=/Users/tommy/Desktop/Pycharm/FinancialData/data/freight/china containerized freight index.xlsx | sheet=SRFI | rows=9 | columns=26
2026-06-27 21:36:19 | INFO | src.jobs_xlsx.freight.get_freight_index_data | Loading Excel sheet | file=/Users/tommy/Desktop/Pycharm/FinancialData/data/freight/china containerized freight index.xlsx | sheet=TWFI | exchange=SSE | country=China
2026-06-27 21:36:19 | INFO | src.jobs_xlsx.freight.get_freight_index_data | Excel sheet loaded | file=/Users/tommy/Desktop/Pycharm/FinancialData/data/freight/china containerized freight index.xlsx | sheet=TWFI | rows=30 | columns=13
2026-06-27 21:36:19 | INFO | src.jobs_xlsx.freight.get_freight_index_data | Loading Excel sheet | file=/Users/tommy/Desktop/Pycharm/FinancialData/data/freight/GSCPI.xlsx | sheet=GSCPI | exchange=FED | country=United States
2026-06-27 21:36:19 | INFO | src.jobs_xlsx.freight.get_freight_index_data | Excel sheet loaded | file=/Users/tommy/Desktop/Pycharm/FinancialData/data/freight/GSCPI.xlsx | sheet=GSCPI | rows=341 | columns=5
2026-06-27 21:36:19 | INFO | src.jobs_xlsx.freight.get_freight_index_data | Parquet saved | output_path=/Users/tommy/Desktop/Pycharm/FinancialData/data_lake/raw/freight/freights_index.parquet | rows=27612 | symbols=288
2026-06-29 13:36:44 | INFO | src.jobs_xlsx.freight.get_freight_index_data | Excel wide value loader started | config_path=config/freight_jobs.yaml
2026-06-29 13:36:44 | INFO | src.jobs_xlsx.freight.get_freight_index_data | Loading Excel sheet | file=C:\Users\krm\PycharmProjects\AlternativeData\data\freight\china containerized freight index.xlsx | sheet=CCFI | exchange=SSE | country=China
2026-06-29 13:36:44 | INFO | src.jobs_xlsx.freight.get_freight_index_data | Excel sheet loaded | file=C:\Users\krm\PycharmProjects\AlternativeData\data\freight\china containerized freight index.xlsx | sheet=CCFI | rows=1261 | columns=17
2026-06-29 13:36:44 | INFO | src.jobs_xlsx.freight.get_freight_index_data | Loading Excel sheet | file=C:\Users\krm\PycharmProjects\AlternativeData\data\freight\china containerized freight index.xlsx | sheet=SCFI | exchange=SSE | country=China
2026-06-29 13:36:44 | INFO | src.jobs_xlsx.freight.get_freight_index_data | Excel sheet loaded | file=C:\Users\krm\PycharmProjects\AlternativeData\data\freight\china containerized freight index.xlsx | sheet=SCFI | rows=857 | columns=5
2026-06-29 13:36:44 | INFO | src.jobs_xlsx.freight.get_freight_index_data | Loading Excel sheet | file=C:\Users\krm\PycharmProjects\AlternativeData\data\freight\china containerized freight index.xlsx | sheet=SCFIS | exchange=SSE | country=China
2026-06-29 13:36:45 | INFO | src.jobs_xlsx.freight.get_freight_index_data | Excel sheet loaded | file=C:\Users\krm\PycharmProjects\AlternativeData\data\freight\china containerized freight index.xlsx | sheet=SCFIS | rows=30 | columns=6
2026-06-29 13:36:45 | INFO | src.jobs_xlsx.freight.get_freight_index_data | Loading Excel sheet | file=C:\Users\krm\PycharmProjects\AlternativeData\data\freight\china containerized freight index.xlsx | sheet=CBFI | exchange=SSE | country=China
2026-06-29 13:36:45 | INFO | src.jobs_xlsx.freight.get_freight_index_data | Excel sheet loaded | file=C:\Users\krm\PycharmProjects\AlternativeData\data\freight\china containerized freight index.xlsx | sheet=CBFI | rows=30 | columns=31
2026-06-29 13:36:45 | INFO | src.jobs_xlsx.freight.get_freight_index_data | Loading Excel sheet | file=C:\Users\krm\PycharmProjects\AlternativeData\data\freight\china containerized freight index.xlsx | sheet=CBCFI | exchange=SSE | country=China
2026-06-29 13:36:45 | INFO | src.jobs_xlsx.freight.get_freight_index_data | Excel sheet loaded | file=C:\Users\krm\PycharmProjects\AlternativeData\data\freight\china containerized freight index.xlsx | sheet=CBCFI | rows=136 | columns=5
2026-06-29 13:36:45 | INFO | src.jobs_xlsx.freight.get_freight_index_data | Loading Excel sheet | file=C:\Users\krm\PycharmProjects\AlternativeData\data\freight\china containerized freight index.xlsx | sheet=CBOFI | exchange=SSE | country=China
2026-06-29 13:36:45 | INFO | src.jobs_xlsx.freight.get_freight_index_data | Excel sheet loaded | file=C:\Users\krm\PycharmProjects\AlternativeData\data\freight\china containerized freight index.xlsx | sheet=CBOFI | rows=83 | columns=10
2026-06-29 13:36:45 | INFO | src.jobs_xlsx.freight.get_freight_index_data | Loading Excel sheet | file=C:\Users\krm\PycharmProjects\AlternativeData\data\freight\china containerized freight index.xlsx | sheet=CBGFI | exchange=SSE | country=China
2026-06-29 13:36:45 | INFO | src.jobs_xlsx.freight.get_freight_index_data | Excel sheet loaded | file=C:\Users\krm\PycharmProjects\AlternativeData\data\freight\china containerized freight index.xlsx | sheet=CBGFI | rows=29 | columns=8
2026-06-29 13:36:45 | INFO | src.jobs_xlsx.freight.get_freight_index_data | Loading Excel sheet | file=C:\Users\krm\PycharmProjects\AlternativeData\data\freight\china containerized freight index.xlsx | sheet=CDFI | exchange=SSE | country=China
2026-06-29 13:36:45 | INFO | src.jobs_xlsx.freight.get_freight_index_data | Excel sheet loaded | file=C:\Users\krm\PycharmProjects\AlternativeData\data\freight\china containerized freight index.xlsx | sheet=CDFI | rows=136 | columns=22
2026-06-29 13:36:45 | INFO | src.jobs_xlsx.freight.get_freight_index_data | Loading Excel sheet | file=C:\Users\krm\PycharmProjects\AlternativeData\data\freight\china containerized freight index.xlsx | sheet=FDI | exchange=SSE | country=China
2026-06-29 13:36:45 | INFO | src.jobs_xlsx.freight.get_freight_index_data | Excel sheet loaded | file=C:\Users\krm\PycharmProjects\AlternativeData\data\freight\china containerized freight index.xlsx | sheet=FDI | rows=136 | columns=30
2026-06-29 13:36:45 | INFO | src.jobs_xlsx.freight.get_freight_index_data | Loading Excel sheet | file=C:\Users\krm\PycharmProjects\AlternativeData\data\freight\china containerized freight index.xlsx | sheet=CTFI | exchange=SSE | country=China
2026-06-29 13:36:45 | INFO | src.jobs_xlsx.freight.get_freight_index_data | Excel sheet loaded | file=C:\Users\krm\PycharmProjects\AlternativeData\data\freight\china containerized freight index.xlsx | sheet=CTFI | rows=136 | columns=19
2026-06-29 13:36:45 | INFO | src.jobs_xlsx.freight.get_freight_index_data | Loading Excel sheet | file=C:\Users\krm\PycharmProjects\AlternativeData\data\freight\china containerized freight index.xlsx | sheet=CSI | exchange=SSE | country=China
2026-06-29 13:36:45 | INFO | src.jobs_xlsx.freight.get_freight_index_data | Excel sheet loaded | file=C:\Users\krm\PycharmProjects\AlternativeData\data\freight\china containerized freight index.xlsx | sheet=CSI | rows=8 | columns=107
2026-06-29 13:36:45 | INFO | src.jobs_xlsx.freight.get_freight_index_data | Loading Excel sheet | file=C:\Users\krm\PycharmProjects\AlternativeData\data\freight\china containerized freight index.xlsx | sheet=CICFI | exchange=SSE | country=China
2026-06-29 13:36:45 | INFO | src.jobs_xlsx.freight.get_freight_index_data | Excel sheet loaded | file=C:\Users\krm\PycharmProjects\AlternativeData\data\freight\china containerized freight index.xlsx | sheet=CICFI | rows=31 | columns=17
2026-06-29 13:36:45 | INFO | src.jobs_xlsx.freight.get_freight_index_data | Loading Excel sheet | file=C:\Users\krm\PycharmProjects\AlternativeData\data\freight\china containerized freight index.xlsx | sheet=SEAFI | exchange=SSE | country=China
2026-06-29 13:36:45 | INFO | src.jobs_xlsx.freight.get_freight_index_data | Excel sheet loaded | file=C:\Users\krm\PycharmProjects\AlternativeData\data\freight\china containerized freight index.xlsx | sheet=SEAFI | rows=30 | columns=5
2026-06-29 13:36:45 | INFO | src.jobs_xlsx.freight.get_freight_index_data | Loading Excel sheet | file=C:\Users\krm\PycharmProjects\AlternativeData\data\freight\china containerized freight index.xlsx | sheet=BRTVI | exchange=SSE | country=China
2026-06-29 13:36:45 | INFO | src.jobs_xlsx.freight.get_freight_index_data | Excel sheet loaded | file=C:\Users\krm\PycharmProjects\AlternativeData\data\freight\china containerized freight index.xlsx | sheet=BRTVI | rows=8 | columns=13
2026-06-29 13:36:45 | INFO | src.jobs_xlsx.freight.get_freight_index_data | Loading Excel sheet | file=C:\Users\krm\PycharmProjects\AlternativeData\data\freight\china containerized freight index.xlsx | sheet=BRCVI | exchange=SSE | country=China
2026-06-29 13:36:45 | INFO | src.jobs_xlsx.freight.get_freight_index_data | Excel sheet loaded | file=C:\Users\krm\PycharmProjects\AlternativeData\data\freight\china containerized freight index.xlsx | sheet=BRCVI | rows=8 | columns=21
2026-06-29 13:36:45 | INFO | src.jobs_xlsx.freight.get_freight_index_data | Loading Excel sheet | file=C:\Users\krm\PycharmProjects\AlternativeData\data\freight\china containerized freight index.xlsx | sheet=SRFI | exchange=SSE | country=China
2026-06-29 13:36:45 | INFO | src.jobs_xlsx.freight.get_freight_index_data | Excel sheet loaded | file=C:\Users\krm\PycharmProjects\AlternativeData\data\freight\china containerized freight index.xlsx | sheet=SRFI | rows=9 | columns=26
2026-06-29 13:36:45 | INFO | src.jobs_xlsx.freight.get_freight_index_data | Loading Excel sheet | file=C:\Users\krm\PycharmProjects\AlternativeData\data\freight\china containerized freight index.xlsx | sheet=TWFI | exchange=SSE | country=China
2026-06-29 13:36:45 | INFO | src.jobs_xlsx.freight.get_freight_index_data | Excel sheet loaded | file=C:\Users\krm\PycharmProjects\AlternativeData\data\freight\china containerized freight index.xlsx | sheet=TWFI | rows=30 | columns=13
2026-06-29 13:36:45 | INFO | src.jobs_xlsx.freight.get_freight_index_data | Loading Excel sheet | file=C:\Users\krm\PycharmProjects\AlternativeData\data\freight\GSCPI.xlsx | sheet=GSCPI | exchange=FED | country=United States
2026-06-29 13:36:45 | INFO | src.jobs_xlsx.freight.get_freight_index_data | Excel sheet loaded | file=C:\Users\krm\PycharmProjects\AlternativeData\data\freight\GSCPI.xlsx | sheet=GSCPI | rows=341 | columns=5
2026-06-29 13:36:45 | INFO | src.jobs_xlsx.freight.get_freight_index_data | Parquet saved | output_path=C:\Users\krm\PycharmProjects\AlternativeData\data_lake\raw\freight\freights_index.parquet | rows=27612 | symbols=288
2026-06-29 18:08:24 | INFO | src.jobs_xlsx.freight.get_freight_index_data | Excel wide value loader started | config_path=config/freight_jobs.yaml
2026-06-29 18:08:24 | INFO | src.jobs_xlsx.freight.get_freight_index_data | Loading Excel sheet | file=C:\Users\krm\PycharmProjects\AlternativeData\data\freight\china containerized freight index.xlsx | sheet=CCFI | exchange=SSE | country=China
2026-06-29 18:08:24 | INFO | src.jobs_xlsx.freight.get_freight_index_data | Excel sheet loaded | file=C:\Users\krm\PycharmProjects\AlternativeData\data\freight\china containerized freight index.xlsx | sheet=CCFI | rows=1261 | columns=17
2026-06-29 18:08:25 | INFO | src.jobs_xlsx.freight.get_freight_index_data | Loading Excel sheet | file=C:\Users\krm\PycharmProjects\AlternativeData\data\freight\china containerized freight index.xlsx | sheet=SCFI | exchange=SSE | country=China
2026-06-29 18:08:25 | INFO | src.jobs_xlsx.freight.get_freight_index_data | Excel sheet loaded | file=C:\Users\krm\PycharmProjects\AlternativeData\data\freight\china containerized freight index.xlsx | sheet=SCFI | rows=857 | columns=5
2026-06-29 18:08:25 | INFO | src.jobs_xlsx.freight.get_freight_index_data | Loading Excel sheet | file=C:\Users\krm\PycharmProjects\AlternativeData\data\freight\china containerized freight index.xlsx | sheet=SCFIS | exchange=SSE | country=China
2026-06-29 18:08:25 | INFO | src.jobs_xlsx.freight.get_freight_index_data | Excel sheet loaded | file=C:\Users\krm\PycharmProjects\AlternativeData\data\freight\china containerized freight index.xlsx | sheet=SCFIS | rows=30 | columns=6
2026-06-29 18:08:25 | INFO | src.jobs_xlsx.freight.get_freight_index_data | Loading Excel sheet | file=C:\Users\krm\PycharmProjects\AlternativeData\data\freight\china containerized freight index.xlsx | sheet=CBFI | exchange=SSE | country=China
2026-06-29 18:08:25 | INFO | src.jobs_xlsx.freight.get_freight_index_data | Excel sheet loaded | file=C:\Users\krm\PycharmProjects\AlternativeData\data\freight\china containerized freight index.xlsx | sheet=CBFI | rows=30 | columns=31
2026-06-29 18:08:25 | INFO | src.jobs_xlsx.freight.get_freight_index_data | Loading Excel sheet | file=C:\Users\krm\PycharmProjects\AlternativeData\data\freight\china containerized freight index.xlsx | sheet=CBCFI | exchange=SSE | country=China
2026-06-29 18:08:25 | INFO | src.jobs_xlsx.freight.get_freight_index_data | Excel sheet loaded | file=C:\Users\krm\PycharmProjects\AlternativeData\data\freight\china containerized freight index.xlsx | sheet=CBCFI | rows=136 | columns=5
2026-06-29 18:08:25 | INFO | src.jobs_xlsx.freight.get_freight_index_data | Loading Excel sheet | file=C:\Users\krm\PycharmProjects\AlternativeData\data\freight\china containerized freight index.xlsx | sheet=CBOFI | exchange=SSE | country=China
2026-06-29 18:08:25 | INFO | src.jobs_xlsx.freight.get_freight_index_data | Excel sheet loaded | file=C:\Users\krm\PycharmProjects\AlternativeData\data\freight\china containerized freight index.xlsx | sheet=CBOFI | rows=83 | columns=10
2026-06-29 18:08:25 | INFO | src.jobs_xlsx.freight.get_freight_index_data | Loading Excel sheet | file=C:\Users\krm\PycharmProjects\AlternativeData\data\freight\china containerized freight index.xlsx | sheet=CBGFI | exchange=SSE | country=China
2026-06-29 18:08:25 | INFO | src.jobs_xlsx.freight.get_freight_index_data | Excel sheet loaded | file=C:\Users\krm\PycharmProjects\AlternativeData\data\freight\china containerized freight index.xlsx | sheet=CBGFI | rows=29 | columns=8
2026-06-29 18:08:25 | INFO | src.jobs_xlsx.freight.get_freight_index_data | Loading Excel sheet | file=C:\Users\krm\PycharmProjects\AlternativeData\data\freight\china containerized freight index.xlsx | sheet=CDFI | exchange=SSE | country=China
2026-06-29 18:08:25 | INFO | src.jobs_xlsx.freight.get_freight_index_data | Excel sheet loaded | file=C:\Users\krm\PycharmProjects\AlternativeData\data\freight\china containerized freight index.xlsx | sheet=CDFI | rows=136 | columns=22
2026-06-29 18:08:25 | INFO | src.jobs_xlsx.freight.get_freight_index_data | Loading Excel sheet | file=C:\Users\krm\PycharmProjects\AlternativeData\data\freight\china containerized freight index.xlsx | sheet=FDI | exchange=SSE | country=China
2026-06-29 18:08:25 | INFO | src.jobs_xlsx.freight.get_freight_index_data | Excel sheet loaded | file=C:\Users\krm\PycharmProjects\AlternativeData\data\freight\china containerized freight index.xlsx | sheet=FDI | rows=136 | columns=30
2026-06-29 18:08:25 | INFO | src.jobs_xlsx.freight.get_freight_index_data | Loading Excel sheet | file=C:\Users\krm\PycharmProjects\AlternativeData\data\freight\china containerized freight index.xlsx | sheet=CTFI | exchange=SSE | country=China
2026-06-29 18:08:25 | INFO | src.jobs_xlsx.freight.get_freight_index_data | Excel sheet loaded | file=C:\Users\krm\PycharmProjects\AlternativeData\data\freight\china containerized freight index.xlsx | sheet=CTFI | rows=136 | columns=19
2026-06-29 18:08:25 | INFO | src.jobs_xlsx.freight.get_freight_index_data | Loading Excel sheet | file=C:\Users\krm\PycharmProjects\AlternativeData\data\freight\china containerized freight index.xlsx | sheet=CSI | exchange=SSE | country=China
2026-06-29 18:08:25 | INFO | src.jobs_xlsx.freight.get_freight_index_data | Excel sheet loaded | file=C:\Users\krm\PycharmProjects\AlternativeData\data\freight\china containerized freight index.xlsx | sheet=CSI | rows=8 | columns=107
2026-06-29 18:08:25 | INFO | src.jobs_xlsx.freight.get_freight_index_data | Loading Excel sheet | file=C:\Users\krm\PycharmProjects\AlternativeData\data\freight\china containerized freight index.xlsx | sheet=CICFI | exchange=SSE | country=China
2026-06-29 18:08:25 | INFO | src.jobs_xlsx.freight.get_freight_index_data | Excel sheet loaded | file=C:\Users\krm\PycharmProjects\AlternativeData\data\freight\china containerized freight index.xlsx | sheet=CICFI | rows=31 | columns=17
2026-06-29 18:08:25 | INFO | src.jobs_xlsx.freight.get_freight_index_data | Loading Excel sheet | file=C:\Users\krm\PycharmProjects\AlternativeData\data\freight\china containerized freight index.xlsx | sheet=SEAFI | exchange=SSE | country=China
2026-06-29 18:08:25 | INFO | src.jobs_xlsx.freight.get_freight_index_data | Excel sheet loaded | file=C:\Users\krm\PycharmProjects\AlternativeData\data\freight\china containerized freight index.xlsx | sheet=SEAFI | rows=30 | columns=5
2026-06-29 18:08:25 | INFO | src.jobs_xlsx.freight.get_freight_index_data | Loading Excel sheet | file=C:\Users\krm\PycharmProjects\AlternativeData\data\freight\china containerized freight index.xlsx | sheet=BRTVI | exchange=SSE | country=China
2026-06-29 18:08:25 | INFO | src.jobs_xlsx.freight.get_freight_index_data | Excel sheet loaded | file=C:\Users\krm\PycharmProjects\AlternativeData\data\freight\china containerized freight index.xlsx | sheet=BRTVI | rows=8 | columns=13
2026-06-29 18:08:25 | INFO | src.jobs_xlsx.freight.get_freight_index_data | Loading Excel sheet | file=C:\Users\krm\PycharmProjects\AlternativeData\data\freight\china containerized freight index.xlsx | sheet=BRCVI | exchange=SSE | country=China
2026-06-29 18:08:25 | INFO | src.jobs_xlsx.freight.get_freight_index_data | Excel sheet loaded | file=C:\Users\krm\PycharmProjects\AlternativeData\data\freight\china containerized freight index.xlsx | sheet=BRCVI | rows=8 | columns=21
2026-06-29 18:08:25 | INFO | src.jobs_xlsx.freight.get_freight_index_data | Loading Excel sheet | file=C:\Users\krm\PycharmProjects\AlternativeData\data\freight\china containerized freight index.xlsx | sheet=SRFI | exchange=SSE | country=China
2026-06-29 18:08:25 | INFO | src.jobs_xlsx.freight.get_freight_index_data | Excel sheet loaded | file=C:\Users\krm\PycharmProjects\AlternativeData\data\freight\china containerized freight index.xlsx | sheet=SRFI | rows=9 | columns=26
2026-06-29 18:08:25 | INFO | src.jobs_xlsx.freight.get_freight_index_data | Loading Excel sheet | file=C:\Users\krm\PycharmProjects\AlternativeData\data\freight\china containerized freight index.xlsx | sheet=TWFI | exchange=SSE | country=China
2026-06-29 18:08:25 | INFO | src.jobs_xlsx.freight.get_freight_index_data | Excel sheet loaded | file=C:\Users\krm\PycharmProjects\AlternativeData\data\freight\china containerized freight index.xlsx | sheet=TWFI | rows=30 | columns=13
2026-06-29 18:08:25 | INFO | src.jobs_xlsx.freight.get_freight_index_data | Loading Excel sheet | file=C:\Users\krm\PycharmProjects\AlternativeData\data\freight\GSCPI.xlsx | sheet=GSCPI | exchange=FED | country=United States
2026-06-29 18:08:25 | INFO | src.jobs_xlsx.freight.get_freight_index_data | Excel sheet loaded | file=C:\Users\krm\PycharmProjects\AlternativeData\data\freight\GSCPI.xlsx | sheet=GSCPI | rows=341 | columns=5
2026-06-29 18:08:25 | INFO | src.jobs_xlsx.freight.get_freight_index_data | Parquet saved | output_path=C:\Users\krm\PycharmProjects\AlternativeData\data_lake\raw\freight\freights_index.parquet | rows=27612 | symbols=288
2026-06-30 11:23:37 | INFO | src.jobs_xlsx.freight.get_freight_index_data | Excel wide value loader started | config_path=config/freight_jobs.yaml
2026-06-30 11:23:37 | INFO | src.jobs_xlsx.freight.get_freight_index_data | Loading Excel sheet | file=C:\Users\krm\PycharmProjects\AlternativeData\data\freight\china containerized freight index.xlsx | sheet=CCFI | exchange=SSE | country=China
2026-06-30 11:23:37 | INFO | src.jobs_xlsx.freight.get_freight_index_data | Excel sheet loaded | file=C:\Users\krm\PycharmProjects\AlternativeData\data\freight\china containerized freight index.xlsx | sheet=CCFI | rows=1261 | columns=17
2026-06-30 11:23:37 | INFO | src.jobs_xlsx.freight.get_freight_index_data | Loading Excel sheet | file=C:\Users\krm\PycharmProjects\AlternativeData\data\freight\china containerized freight index.xlsx | sheet=SCFI | exchange=SSE | country=China
2026-06-30 11:23:37 | INFO | src.jobs_xlsx.freight.get_freight_index_data | Excel sheet loaded | file=C:\Users\krm\PycharmProjects\AlternativeData\data\freight\china containerized freight index.xlsx | sheet=SCFI | rows=857 | columns=5
2026-06-30 11:23:37 | INFO | src.jobs_xlsx.freight.get_freight_index_data | Loading Excel sheet | file=C:\Users\krm\PycharmProjects\AlternativeData\data\freight\china containerized freight index.xlsx | sheet=SCFIS | exchange=SSE | country=China
2026-06-30 11:23:37 | INFO | src.jobs_xlsx.freight.get_freight_index_data | Excel sheet loaded | file=C:\Users\krm\PycharmProjects\AlternativeData\data\freight\china containerized freight index.xlsx | sheet=SCFIS | rows=31 | columns=6
2026-06-30 11:23:37 | INFO | src.jobs_xlsx.freight.get_freight_index_data | Loading Excel sheet | file=C:\Users\krm\PycharmProjects\AlternativeData\data\freight\china containerized freight index.xlsx | sheet=CBFI | exchange=SSE | country=China
2026-06-30 11:23:37 | INFO | src.jobs_xlsx.freight.get_freight_index_data | Excel sheet loaded | file=C:\Users\krm\PycharmProjects\AlternativeData\data\freight\china containerized freight index.xlsx | sheet=CBFI | rows=30 | columns=31
2026-06-30 11:23:37 | INFO | src.jobs_xlsx.freight.get_freight_index_data | Loading Excel sheet | file=C:\Users\krm\PycharmProjects\AlternativeData\data\freight\china containerized freight index.xlsx | sheet=CBCFI | exchange=SSE | country=China
2026-06-30 11:23:37 | INFO | src.jobs_xlsx.freight.get_freight_index_data | Excel sheet loaded | file=C:\Users\krm\PycharmProjects\AlternativeData\data\freight\china containerized freight index.xlsx | sheet=CBCFI | rows=137 | columns=5
2026-06-30 11:23:37 | INFO | src.jobs_xlsx.freight.get_freight_index_data | Loading Excel sheet | file=C:\Users\krm\PycharmProjects\AlternativeData\data\freight\china containerized freight index.xlsx | sheet=CBOFI | exchange=SSE | country=China
2026-06-30 11:23:37 | INFO | src.jobs_xlsx.freight.get_freight_index_data | Excel sheet loaded | file=C:\Users\krm\PycharmProjects\AlternativeData\data\freight\china containerized freight index.xlsx | sheet=CBOFI | rows=84 | columns=10
2026-06-30 11:23:37 | INFO | src.jobs_xlsx.freight.get_freight_index_data | Loading Excel sheet | file=C:\Users\krm\PycharmProjects\AlternativeData\data\freight\china containerized freight index.xlsx | sheet=CBGFI | exchange=SSE | country=China
2026-06-30 11:23:37 | INFO | src.jobs_xlsx.freight.get_freight_index_data | Excel sheet loaded | file=C:\Users\krm\PycharmProjects\AlternativeData\data\freight\china containerized freight index.xlsx | sheet=CBGFI | rows=29 | columns=8
2026-06-30 11:23:37 | INFO | src.jobs_xlsx.freight.get_freight_index_data | Loading Excel sheet | file=C:\Users\krm\PycharmProjects\AlternativeData\data\freight\china containerized freight index.xlsx | sheet=CDFI | exchange=SSE | country=China
2026-06-30 11:23:38 | INFO | src.jobs_xlsx.freight.get_freight_index_data | Excel sheet loaded | file=C:\Users\krm\PycharmProjects\AlternativeData\data\freight\china containerized freight index.xlsx | sheet=CDFI | rows=137 | columns=22
2026-06-30 11:23:38 | INFO | src.jobs_xlsx.freight.get_freight_index_data | Loading Excel sheet | file=C:\Users\krm\PycharmProjects\AlternativeData\data\freight\china containerized freight index.xlsx | sheet=FDI | exchange=SSE | country=China
2026-06-30 11:23:38 | INFO | src.jobs_xlsx.freight.get_freight_index_data | Excel sheet loaded | file=C:\Users\krm\PycharmProjects\AlternativeData\data\freight\china containerized freight index.xlsx | sheet=FDI | rows=137 | columns=30
2026-06-30 11:23:38 | INFO | src.jobs_xlsx.freight.get_freight_index_data | Loading Excel sheet | file=C:\Users\krm\PycharmProjects\AlternativeData\data\freight\china containerized freight index.xlsx | sheet=CTFI | exchange=SSE | country=China
2026-06-30 11:23:38 | INFO | src.jobs_xlsx.freight.get_freight_index_data | Excel sheet loaded | file=C:\Users\krm\PycharmProjects\AlternativeData\data\freight\china containerized freight index.xlsx | sheet=CTFI | rows=137 | columns=19
2026-06-30 11:23:38 | INFO | src.jobs_xlsx.freight.get_freight_index_data | Loading Excel sheet | file=C:\Users\krm\PycharmProjects\AlternativeData\data\freight\china containerized freight index.xlsx | sheet=CSI | exchange=SSE | country=China
2026-06-30 11:23:38 | INFO | src.jobs_xlsx.freight.get_freight_index_data | Excel sheet loaded | file=C:\Users\krm\PycharmProjects\AlternativeData\data\freight\china containerized freight index.xlsx | sheet=CSI | rows=8 | columns=107
2026-06-30 11:23:38 | INFO | src.jobs_xlsx.freight.get_freight_index_data | Loading Excel sheet | file=C:\Users\krm\PycharmProjects\AlternativeData\data\freight\china containerized freight index.xlsx | sheet=CICFI | exchange=SSE | country=China
2026-06-30 11:23:38 | INFO | src.jobs_xlsx.freight.get_freight_index_data | Excel sheet loaded | file=C:\Users\krm\PycharmProjects\AlternativeData\data\freight\china containerized freight index.xlsx | sheet=CICFI | rows=31 | columns=17
2026-06-30 11:23:38 | INFO | src.jobs_xlsx.freight.get_freight_index_data | Loading Excel sheet | file=C:\Users\krm\PycharmProjects\AlternativeData\data\freight\china containerized freight index.xlsx | sheet=SEAFI | exchange=SSE | country=China
2026-06-30 11:23:38 | INFO | src.jobs_xlsx.freight.get_freight_index_data | Excel sheet loaded | file=C:\Users\krm\PycharmProjects\AlternativeData\data\freight\china containerized freight index.xlsx | sheet=SEAFI | rows=30 | columns=5
2026-06-30 11:23:38 | INFO | src.jobs_xlsx.freight.get_freight_index_data | Loading Excel sheet | file=C:\Users\krm\PycharmProjects\AlternativeData\data\freight\china containerized freight index.xlsx | sheet=BRTVI | exchange=SSE | country=China
2026-06-30 11:23:38 | INFO | src.jobs_xlsx.freight.get_freight_index_data | Excel sheet loaded | file=C:\Users\krm\PycharmProjects\AlternativeData\data\freight\china containerized freight index.xlsx | sheet=BRTVI | rows=8 | columns=13
2026-06-30 11:23:38 | INFO | src.jobs_xlsx.freight.get_freight_index_data | Loading Excel sheet | file=C:\Users\krm\PycharmProjects\AlternativeData\data\freight\china containerized freight index.xlsx | sheet=BRCVI | exchange=SSE | country=China
2026-06-30 11:23:38 | INFO | src.jobs_xlsx.freight.get_freight_index_data | Excel sheet loaded | file=C:\Users\krm\PycharmProjects\AlternativeData\data\freight\china containerized freight index.xlsx | sheet=BRCVI | rows=8 | columns=21
2026-06-30 11:23:38 | INFO | src.jobs_xlsx.freight.get_freight_index_data | Loading Excel sheet | file=C:\Users\krm\PycharmProjects\AlternativeData\data\freight\china containerized freight index.xlsx | sheet=SRFI | exchange=SSE | country=China
2026-06-30 11:23:38 | INFO | src.jobs_xlsx.freight.get_freight_index_data | Excel sheet loaded | file=C:\Users\krm\PycharmProjects\AlternativeData\data\freight\china containerized freight index.xlsx | sheet=SRFI | rows=9 | columns=26
2026-06-30 11:23:38 | INFO | src.jobs_xlsx.freight.get_freight_index_data | Loading Excel sheet | file=C:\Users\krm\PycharmProjects\AlternativeData\data\freight\china containerized freight index.xlsx | sheet=TWFI | exchange=SSE | country=China
2026-06-30 11:23:38 | INFO | src.jobs_xlsx.freight.get_freight_index_data | Excel sheet loaded | file=C:\Users\krm\PycharmProjects\AlternativeData\data\freight\china containerized freight index.xlsx | sheet=TWFI | rows=30 | columns=13
2026-06-30 11:23:38 | INFO | src.jobs_xlsx.freight.get_freight_index_data | Loading Excel sheet | file=C:\Users\krm\PycharmProjects\AlternativeData\data\freight\GSCPI.xlsx | sheet=GSCPI | exchange=FED | country=United States
2026-06-30 11:23:38 | INFO | src.jobs_xlsx.freight.get_freight_index_data | Excel sheet loaded | file=C:\Users\krm\PycharmProjects\AlternativeData\data\freight\GSCPI.xlsx | sheet=GSCPI | rows=341 | columns=5
2026-06-30 11:23:38 | INFO | src.jobs_xlsx.freight.get_freight_index_data | Parquet saved | output_path=C:\Users\krm\PycharmProjects\AlternativeData\data_lake\raw\freight\freights_index.parquet | rows=27680 | symbols=288
2026-07-02 01:43:00 | INFO | src.jobs_xlsx.freight.get_freight_index_data | Excel wide value loader started | config_path=config/freight_jobs.yaml
2026-07-02 01:43:00 | INFO | src.jobs_xlsx.freight.get_freight_index_data | Loading Excel sheet | file=C:\Users\Geust\PycharmProjects\AlternativeData\data\freight\china containerized freight index.xlsx | sheet=CCFI | exchange=SSE | country=China
2026-07-02 01:43:00 | INFO | src.jobs_xlsx.freight.get_freight_index_data | Excel sheet loaded | file=C:\Users\Geust\PycharmProjects\AlternativeData\data\freight\china containerized freight index.xlsx | sheet=CCFI | rows=1261 | columns=17
2026-07-02 01:43:00 | INFO | src.jobs_xlsx.freight.get_freight_index_data | Loading Excel sheet | file=C:\Users\Geust\PycharmProjects\AlternativeData\data\freight\china containerized freight index.xlsx | sheet=SCFI | exchange=SSE | country=China
2026-07-02 01:43:00 | INFO | src.jobs_xlsx.freight.get_freight_index_data | Excel sheet loaded | file=C:\Users\Geust\PycharmProjects\AlternativeData\data\freight\china containerized freight index.xlsx | sheet=SCFI | rows=857 | columns=5
2026-07-02 01:43:01 | INFO | src.jobs_xlsx.freight.get_freight_index_data | Loading Excel sheet | file=C:\Users\Geust\PycharmProjects\AlternativeData\data\freight\china containerized freight index.xlsx | sheet=SCFIS | exchange=SSE | country=China
2026-07-02 01:43:01 | INFO | src.jobs_xlsx.freight.get_freight_index_data | Excel sheet loaded | file=C:\Users\Geust\PycharmProjects\AlternativeData\data\freight\china containerized freight index.xlsx | sheet=SCFIS | rows=31 | columns=6
2026-07-02 01:43:01 | INFO | src.jobs_xlsx.freight.get_freight_index_data | Loading Excel sheet | file=C:\Users\Geust\PycharmProjects\AlternativeData\data\freight\china containerized freight index.xlsx | sheet=CBFI | exchange=SSE | country=China
2026-07-02 01:43:01 | INFO | src.jobs_xlsx.freight.get_freight_index_data | Excel sheet loaded | file=C:\Users\Geust\PycharmProjects\AlternativeData\data\freight\china containerized freight index.xlsx | sheet=CBFI | rows=30 | columns=31
2026-07-02 01:43:01 | INFO | src.jobs_xlsx.freight.get_freight_index_data | Loading Excel sheet | file=C:\Users\Geust\PycharmProjects\AlternativeData\data\freight\china containerized freight index.xlsx | sheet=CBCFI | exchange=SSE | country=China
2026-07-02 01:43:01 | INFO | src.jobs_xlsx.freight.get_freight_index_data | Excel sheet loaded | file=C:\Users\Geust\PycharmProjects\AlternativeData\data\freight\china containerized freight index.xlsx | sheet=CBCFI | rows=139 | columns=5
2026-07-02 01:43:01 | INFO | src.jobs_xlsx.freight.get_freight_index_data | Loading Excel sheet | file=C:\Users\Geust\PycharmProjects\AlternativeData\data\freight\china containerized freight index.xlsx | sheet=CBOFI | exchange=SSE | country=China
2026-07-02 01:43:01 | INFO | src.jobs_xlsx.freight.get_freight_index_data | Excel sheet loaded | file=C:\Users\Geust\PycharmProjects\AlternativeData\data\freight\china containerized freight index.xlsx | sheet=CBOFI | rows=85 | columns=10
2026-07-02 01:43:01 | INFO | src.jobs_xlsx.freight.get_freight_index_data | Loading Excel sheet | file=C:\Users\Geust\PycharmProjects\AlternativeData\data\freight\china containerized freight index.xlsx | sheet=CBGFI | exchange=SSE | country=China
2026-07-02 01:43:01 | INFO | src.jobs_xlsx.freight.get_freight_index_data | Excel sheet loaded | file=C:\Users\Geust\PycharmProjects\AlternativeData\data\freight\china containerized freight index.xlsx | sheet=CBGFI | rows=29 | columns=8
2026-07-02 01:43:01 | INFO | src.jobs_xlsx.freight.get_freight_index_data | Loading Excel sheet | file=C:\Users\Geust\PycharmProjects\AlternativeData\data\freight\china containerized freight index.xlsx | sheet=CDFI | exchange=SSE | country=China
2026-07-02 01:43:01 | INFO | src.jobs_xlsx.freight.get_freight_index_data | Excel sheet loaded | file=C:\Users\Geust\PycharmProjects\AlternativeData\data\freight\china containerized freight index.xlsx | sheet=CDFI | rows=139 | columns=22
2026-07-02 01:43:01 | INFO | src.jobs_xlsx.freight.get_freight_index_data | Loading Excel sheet | file=C:\Users\Geust\PycharmProjects\AlternativeData\data\freight\china containerized freight index.xlsx | sheet=FDI | exchange=SSE | country=China
2026-07-02 01:43:01 | INFO | src.jobs_xlsx.freight.get_freight_index_data | Excel sheet loaded | file=C:\Users\Geust\PycharmProjects\AlternativeData\data\freight\china containerized freight index.xlsx | sheet=FDI | rows=139 | columns=30
2026-07-02 01:43:01 | INFO | src.jobs_xlsx.freight.get_freight_index_data | Loading Excel sheet | file=C:\Users\Geust\PycharmProjects\AlternativeData\data\freight\china containerized freight index.xlsx | sheet=CTFI | exchange=SSE | country=China
2026-07-02 01:43:01 | INFO | src.jobs_xlsx.freight.get_freight_index_data | Excel sheet loaded | file=C:\Users\Geust\PycharmProjects\AlternativeData\data\freight\china containerized freight index.xlsx | sheet=CTFI | rows=139 | columns=19
2026-07-02 01:43:01 | INFO | src.jobs_xlsx.freight.get_freight_index_data | Loading Excel sheet | file=C:\Users\Geust\PycharmProjects\AlternativeData\data\freight\china containerized freight index.xlsx | sheet=CSI | exchange=SSE | country=China
2026-07-02 01:43:01 | INFO | src.jobs_xlsx.freight.get_freight_index_data | Excel sheet loaded | file=C:\Users\Geust\PycharmProjects\AlternativeData\data\freight\china containerized freight index.xlsx | sheet=CSI | rows=8 | columns=107
2026-07-02 01:43:01 | INFO | src.jobs_xlsx.freight.get_freight_index_data | Loading Excel sheet | file=C:\Users\Geust\PycharmProjects\AlternativeData\data\freight\china containerized freight index.xlsx | sheet=CICFI | exchange=SSE | country=China
2026-07-02 01:43:01 | INFO | src.jobs_xlsx.freight.get_freight_index_data | Excel sheet loaded | file=C:\Users\Geust\PycharmProjects\AlternativeData\data\freight\china containerized freight index.xlsx | sheet=CICFI | rows=32 | columns=17
2026-07-02 01:43:01 | INFO | src.jobs_xlsx.freight.get_freight_index_data | Loading Excel sheet | file=C:\Users\Geust\PycharmProjects\AlternativeData\data\freight\china containerized freight index.xlsx | sheet=SEAFI | exchange=SSE | country=China
2026-07-02 01:43:01 | INFO | src.jobs_xlsx.freight.get_freight_index_data | Excel sheet loaded | file=C:\Users\Geust\PycharmProjects\AlternativeData\data\freight\china containerized freight index.xlsx | sheet=SEAFI | rows=30 | columns=5
2026-07-02 01:43:01 | INFO | src.jobs_xlsx.freight.get_freight_index_data | Loading Excel sheet | file=C:\Users\Geust\PycharmProjects\AlternativeData\data\freight\china containerized freight index.xlsx | sheet=BRTVI | exchange=SSE | country=China
2026-07-02 01:43:01 | INFO | src.jobs_xlsx.freight.get_freight_index_data | Excel sheet loaded | file=C:\Users\Geust\PycharmProjects\AlternativeData\data\freight\china containerized freight index.xlsx | sheet=BRTVI | rows=8 | columns=13
2026-07-02 01:43:02 | INFO | src.jobs_xlsx.freight.get_freight_index_data | Loading Excel sheet | file=C:\Users\Geust\PycharmProjects\AlternativeData\data\freight\china containerized freight index.xlsx | sheet=BRCVI | exchange=SSE | country=China
2026-07-02 01:43:02 | INFO | src.jobs_xlsx.freight.get_freight_index_data | Excel sheet loaded | file=C:\Users\Geust\PycharmProjects\AlternativeData\data\freight\china containerized freight index.xlsx | sheet=BRCVI | rows=8 | columns=21
2026-07-02 01:43:02 | INFO | src.jobs_xlsx.freight.get_freight_index_data | Loading Excel sheet | file=C:\Users\Geust\PycharmProjects\AlternativeData\data\freight\china containerized freight index.xlsx | sheet=SRFI | exchange=SSE | country=China
2026-07-02 01:43:02 | INFO | src.jobs_xlsx.freight.get_freight_index_data | Excel sheet loaded | file=C:\Users\Geust\PycharmProjects\AlternativeData\data\freight\china containerized freight index.xlsx | sheet=SRFI | rows=9 | columns=26
2026-07-02 01:43:02 | INFO | src.jobs_xlsx.freight.get_freight_index_data | Loading Excel sheet | file=C:\Users\Geust\PycharmProjects\AlternativeData\data\freight\china containerized freight index.xlsx | sheet=TWFI | exchange=SSE | country=China
2026-07-02 01:43:02 | INFO | src.jobs_xlsx.freight.get_freight_index_data | Excel sheet loaded | file=C:\Users\Geust\PycharmProjects\AlternativeData\data\freight\china containerized freight index.xlsx | sheet=TWFI | rows=30 | columns=13
2026-07-02 01:43:02 | INFO | src.jobs_xlsx.freight.get_freight_index_data | Loading Excel sheet | file=C:\Users\Geust\PycharmProjects\AlternativeData\data\freight\GSCPI.xlsx | sheet=GSCPI | exchange=FED | country=United States
2026-07-02 01:43:02 | INFO | src.jobs_xlsx.freight.get_freight_index_data | Excel sheet loaded | file=C:\Users\Geust\PycharmProjects\AlternativeData\data\freight\GSCPI.xlsx | sheet=GSCPI | rows=341 | columns=5
2026-07-02 01:43:02 | INFO | src.jobs_xlsx.freight.get_freight_index_data | Parquet saved | output_path=C:\Users\Geust\PycharmProjects\AlternativeData\data_lake\raw\freight\freights_index.parquet | rows=27819 | symbols=288
2026-07-02 18:02:19 | INFO | src.jobs_xlsx.freight.get_freight_index_data | Excel wide value loader started | config_path=config/freight_jobs.yaml
2026-07-02 18:02:19 | INFO | src.jobs_xlsx.freight.get_freight_index_data | Loading Excel sheet | file=C:\Users\krm\PycharmProjects\AlternativeData\data\freight\china containerized freight index.xlsx | sheet=CCFI | exchange=SSE | country=China
2026-07-02 18:02:19 | INFO | src.jobs_xlsx.freight.get_freight_index_data | Excel sheet loaded | file=C:\Users\krm\PycharmProjects\AlternativeData\data\freight\china containerized freight index.xlsx | sheet=CCFI | rows=1261 | columns=17
2026-07-02 18:02:19 | INFO | src.jobs_xlsx.freight.get_freight_index_data | Loading Excel sheet | file=C:\Users\krm\PycharmProjects\AlternativeData\data\freight\china containerized freight index.xlsx | sheet=SCFI | exchange=SSE | country=China
2026-07-02 18:02:19 | INFO | src.jobs_xlsx.freight.get_freight_index_data | Excel sheet loaded | file=C:\Users\krm\PycharmProjects\AlternativeData\data\freight\china containerized freight index.xlsx | sheet=SCFI | rows=857 | columns=5
2026-07-02 18:02:19 | INFO | src.jobs_xlsx.freight.get_freight_index_data | Loading Excel sheet | file=C:\Users\krm\PycharmProjects\AlternativeData\data\freight\china containerized freight index.xlsx | sheet=SCFIS | exchange=SSE | country=China
2026-07-02 18:02:20 | INFO | src.jobs_xlsx.freight.get_freight_index_data | Excel sheet loaded | file=C:\Users\krm\PycharmProjects\AlternativeData\data\freight\china containerized freight index.xlsx | sheet=SCFIS | rows=31 | columns=6
2026-07-02 18:02:20 | INFO | src.jobs_xlsx.freight.get_freight_index_data | Loading Excel sheet | file=C:\Users\krm\PycharmProjects\AlternativeData\data\freight\china containerized freight index.xlsx | sheet=CBFI | exchange=SSE | country=China
2026-07-02 18:02:20 | INFO | src.jobs_xlsx.freight.get_freight_index_data | Excel sheet loaded | file=C:\Users\krm\PycharmProjects\AlternativeData\data\freight\china containerized freight index.xlsx | sheet=CBFI | rows=30 | columns=31
2026-07-02 18:02:20 | INFO | src.jobs_xlsx.freight.get_freight_index_data | Loading Excel sheet | file=C:\Users\krm\PycharmProjects\AlternativeData\data\freight\china containerized freight index.xlsx | sheet=CBCFI | exchange=SSE | country=China
2026-07-02 18:02:20 | INFO | src.jobs_xlsx.freight.get_freight_index_data | Excel sheet loaded | file=C:\Users\krm\PycharmProjects\AlternativeData\data\freight\china containerized freight index.xlsx | sheet=CBCFI | rows=139 | columns=5
2026-07-02 18:02:20 | INFO | src.jobs_xlsx.freight.get_freight_index_data | Loading Excel sheet | file=C:\Users\krm\PycharmProjects\AlternativeData\data\freight\china containerized freight index.xlsx | sheet=CBOFI | exchange=SSE | country=China
2026-07-02 18:02:20 | INFO | src.jobs_xlsx.freight.get_freight_index_data | Excel sheet loaded | file=C:\Users\krm\PycharmProjects\AlternativeData\data\freight\china containerized freight index.xlsx | sheet=CBOFI | rows=85 | columns=10
2026-07-02 18:02:20 | INFO | src.jobs_xlsx.freight.get_freight_index_data | Loading Excel sheet | file=C:\Users\krm\PycharmProjects\AlternativeData\data\freight\china containerized freight index.xlsx | sheet=CBGFI | exchange=SSE | country=China
2026-07-02 18:02:20 | INFO | src.jobs_xlsx.freight.get_freight_index_data | Excel sheet loaded | file=C:\Users\krm\PycharmProjects\AlternativeData\data\freight\china containerized freight index.xlsx | sheet=CBGFI | rows=29 | columns=8
2026-07-02 18:02:20 | INFO | src.jobs_xlsx.freight.get_freight_index_data | Loading Excel sheet | file=C:\Users\krm\PycharmProjects\AlternativeData\data\freight\china containerized freight index.xlsx | sheet=CDFI | exchange=SSE | country=China
2026-07-02 18:02:20 | INFO | src.jobs_xlsx.freight.get_freight_index_data | Excel sheet loaded | file=C:\Users\krm\PycharmProjects\AlternativeData\data\freight\china containerized freight index.xlsx | sheet=CDFI | rows=139 | columns=22
2026-07-02 18:02:20 | INFO | src.jobs_xlsx.freight.get_freight_index_data | Loading Excel sheet | file=C:\Users\krm\PycharmProjects\AlternativeData\data\freight\china containerized freight index.xlsx | sheet=FDI | exchange=SSE | country=China
2026-07-02 18:02:20 | INFO | src.jobs_xlsx.freight.get_freight_index_data | Excel sheet loaded | file=C:\Users\krm\PycharmProjects\AlternativeData\data\freight\china containerized freight index.xlsx | sheet=FDI | rows=139 | columns=30
2026-07-02 18:02:20 | INFO | src.jobs_xlsx.freight.get_freight_index_data | Loading Excel sheet | file=C:\Users\krm\PycharmProjects\AlternativeData\data\freight\china containerized freight index.xlsx | sheet=CTFI | exchange=SSE | country=China
2026-07-02 18:02:20 | INFO | src.jobs_xlsx.freight.get_freight_index_data | Excel sheet loaded | file=C:\Users\krm\PycharmProjects\AlternativeData\data\freight\china containerized freight index.xlsx | sheet=CTFI | rows=139 | columns=19
2026-07-02 18:02:20 | INFO | src.jobs_xlsx.freight.get_freight_index_data | Loading Excel sheet | file=C:\Users\krm\PycharmProjects\AlternativeData\data\freight\china containerized freight index.xlsx | sheet=CSI | exchange=SSE | country=China
2026-07-02 18:02:20 | INFO | src.jobs_xlsx.freight.get_freight_index_data | Excel sheet loaded | file=C:\Users\krm\PycharmProjects\AlternativeData\data\freight\china containerized freight index.xlsx | sheet=CSI | rows=8 | columns=107
2026-07-02 18:02:20 | INFO | src.jobs_xlsx.freight.get_freight_index_data | Loading Excel sheet | file=C:\Users\krm\PycharmProjects\AlternativeData\data\freight\china containerized freight index.xlsx | sheet=CICFI | exchange=SSE | country=China
2026-07-02 18:02:20 | INFO | src.jobs_xlsx.freight.get_freight_index_data | Excel sheet loaded | file=C:\Users\krm\PycharmProjects\AlternativeData\data\freight\china containerized freight index.xlsx | sheet=CICFI | rows=32 | columns=17
2026-07-02 18:02:20 | INFO | src.jobs_xlsx.freight.get_freight_index_data | Loading Excel sheet | file=C:\Users\krm\PycharmProjects\AlternativeData\data\freight\china containerized freight index.xlsx | sheet=SEAFI | exchange=SSE | country=China
2026-07-02 18:02:20 | INFO | src.jobs_xlsx.freight.get_freight_index_data | Excel sheet loaded | file=C:\Users\krm\PycharmProjects\AlternativeData\data\freight\china containerized freight index.xlsx | sheet=SEAFI | rows=30 | columns=5
2026-07-02 18:02:20 | INFO | src.jobs_xlsx.freight.get_freight_index_data | Loading Excel sheet | file=C:\Users\krm\PycharmProjects\AlternativeData\data\freight\china containerized freight index.xlsx | sheet=BRTVI | exchange=SSE | country=China
2026-07-02 18:02:20 | INFO | src.jobs_xlsx.freight.get_freight_index_data | Excel sheet loaded | file=C:\Users\krm\PycharmProjects\AlternativeData\data\freight\china containerized freight index.xlsx | sheet=BRTVI | rows=8 | columns=13
2026-07-02 18:02:20 | INFO | src.jobs_xlsx.freight.get_freight_index_data | Loading Excel sheet | file=C:\Users\krm\PycharmProjects\AlternativeData\data\freight\china containerized freight index.xlsx | sheet=BRCVI | exchange=SSE | country=China
2026-07-02 18:02:20 | INFO | src.jobs_xlsx.freight.get_freight_index_data | Excel sheet loaded | file=C:\Users\krm\PycharmProjects\AlternativeData\data\freight\china containerized freight index.xlsx | sheet=BRCVI | rows=8 | columns=21
2026-07-02 18:02:20 | INFO | src.jobs_xlsx.freight.get_freight_index_data | Loading Excel sheet | file=C:\Users\krm\PycharmProjects\AlternativeData\data\freight\china containerized freight index.xlsx | sheet=SRFI | exchange=SSE | country=China
2026-07-02 18:02:20 | INFO | src.jobs_xlsx.freight.get_freight_index_data | Excel sheet loaded | file=C:\Users\krm\PycharmProjects\AlternativeData\data\freight\china containerized freight index.xlsx | sheet=SRFI | rows=9 | columns=26
2026-07-02 18:02:20 | INFO | src.jobs_xlsx.freight.get_freight_index_data | Loading Excel sheet | file=C:\Users\krm\PycharmProjects\AlternativeData\data\freight\china containerized freight index.xlsx | sheet=TWFI | exchange=SSE | country=China
2026-07-02 18:02:20 | INFO | src.jobs_xlsx.freight.get_freight_index_data | Excel sheet loaded | file=C:\Users\krm\PycharmProjects\AlternativeData\data\freight\china containerized freight index.xlsx | sheet=TWFI | rows=30 | columns=13
2026-07-02 18:02:20 | INFO | src.jobs_xlsx.freight.get_freight_index_data | Loading Excel sheet | file=C:\Users\krm\PycharmProjects\AlternativeData\data\freight\GSCPI.xlsx | sheet=GSCPI | exchange=FED | country=United States
2026-07-02 18:02:20 | INFO | src.jobs_xlsx.freight.get_freight_index_data | Excel sheet loaded | file=C:\Users\krm\PycharmProjects\AlternativeData\data\freight\GSCPI.xlsx | sheet=GSCPI | rows=341 | columns=5
2026-07-02 18:02:20 | INFO | src.jobs_xlsx.freight.get_freight_index_data | Parquet saved | output_path=C:\Users\krm\PycharmProjects\AlternativeData\data_warehouse\raw\freight\freights_index.parquet | rows=27819 | symbols=288
2026-07-02 18:12:45 | INFO | src.jobs_xlsx.freight.get_freight_index_data | Excel wide value loader started | config_path=config/freight_jobs.yaml
2026-07-02 18:12:45 | INFO | src.jobs_xlsx.freight.get_freight_index_data | Loading Excel sheet | file=C:\Users\krm\PycharmProjects\AlternativeData\data_lake\freight\china containerized freight index.xlsx | sheet=CCFI | exchange=SSE | country=China
2026-07-02 18:12:45 | INFO | src.jobs_xlsx.freight.get_freight_index_data | Excel sheet loaded | file=C:\Users\krm\PycharmProjects\AlternativeData\data_lake\freight\china containerized freight index.xlsx | sheet=CCFI | rows=1261 | columns=17
2026-07-02 18:12:45 | INFO | src.jobs_xlsx.freight.get_freight_index_data | Loading Excel sheet | file=C:\Users\krm\PycharmProjects\AlternativeData\data_lake\freight\china containerized freight index.xlsx | sheet=SCFI | exchange=SSE | country=China
2026-07-02 18:12:45 | INFO | src.jobs_xlsx.freight.get_freight_index_data | Excel sheet loaded | file=C:\Users\krm\PycharmProjects\AlternativeData\data_lake\freight\china containerized freight index.xlsx | sheet=SCFI | rows=857 | columns=5
2026-07-02 18:12:45 | INFO | src.jobs_xlsx.freight.get_freight_index_data | Loading Excel sheet | file=C:\Users\krm\PycharmProjects\AlternativeData\data_lake\freight\china containerized freight index.xlsx | sheet=SCFIS | exchange=SSE | country=China
2026-07-02 18:12:45 | INFO | src.jobs_xlsx.freight.get_freight_index_data | Excel sheet loaded | file=C:\Users\krm\PycharmProjects\AlternativeData\data_lake\freight\china containerized freight index.xlsx | sheet=SCFIS | rows=31 | columns=6
2026-07-02 18:12:45 | INFO | src.jobs_xlsx.freight.get_freight_index_data | Loading Excel sheet | file=C:\Users\krm\PycharmProjects\AlternativeData\data_lake\freight\china containerized freight index.xlsx | sheet=CBFI | exchange=SSE | country=China
2026-07-02 18:12:46 | INFO | src.jobs_xlsx.freight.get_freight_index_data | Excel sheet loaded | file=C:\Users\krm\PycharmProjects\AlternativeData\data_lake\freight\china containerized freight index.xlsx | sheet=CBFI | rows=30 | columns=31
2026-07-02 18:12:46 | INFO | src.jobs_xlsx.freight.get_freight_index_data | Loading Excel sheet | file=C:\Users\krm\PycharmProjects\AlternativeData\data_lake\freight\china containerized freight index.xlsx | sheet=CBCFI | exchange=SSE | country=China
2026-07-02 18:12:46 | INFO | src.jobs_xlsx.freight.get_freight_index_data | Excel sheet loaded | file=C:\Users\krm\PycharmProjects\AlternativeData\data_lake\freight\china containerized freight index.xlsx | sheet=CBCFI | rows=139 | columns=5
2026-07-02 18:12:46 | INFO | src.jobs_xlsx.freight.get_freight_index_data | Loading Excel sheet | file=C:\Users\krm\PycharmProjects\AlternativeData\data_lake\freight\china containerized freight index.xlsx | sheet=CBOFI | exchange=SSE | country=China
2026-07-02 18:12:46 | INFO | src.jobs_xlsx.freight.get_freight_index_data | Excel sheet loaded | file=C:\Users\krm\PycharmProjects\AlternativeData\data_lake\freight\china containerized freight index.xlsx | sheet=CBOFI | rows=85 | columns=10
2026-07-02 18:12:46 | INFO | src.jobs_xlsx.freight.get_freight_index_data | Loading Excel sheet | file=C:\Users\krm\PycharmProjects\AlternativeData\data_lake\freight\china containerized freight index.xlsx | sheet=CBGFI | exchange=SSE | country=China
2026-07-02 18:12:46 | INFO | src.jobs_xlsx.freight.get_freight_index_data | Excel sheet loaded | file=C:\Users\krm\PycharmProjects\AlternativeData\data_lake\freight\china containerized freight index.xlsx | sheet=CBGFI | rows=29 | columns=8
2026-07-02 18:12:46 | INFO | src.jobs_xlsx.freight.get_freight_index_data | Loading Excel sheet | file=C:\Users\krm\PycharmProjects\AlternativeData\data_lake\freight\china containerized freight index.xlsx | sheet=CDFI | exchange=SSE | country=China
2026-07-02 18:12:46 | INFO | src.jobs_xlsx.freight.get_freight_index_data | Excel sheet loaded | file=C:\Users\krm\PycharmProjects\AlternativeData\data_lake\freight\china containerized freight index.xlsx | sheet=CDFI | rows=139 | columns=22
2026-07-02 18:12:46 | INFO | src.jobs_xlsx.freight.get_freight_index_data | Loading Excel sheet | file=C:\Users\krm\PycharmProjects\AlternativeData\data_lake\freight\china containerized freight index.xlsx | sheet=FDI | exchange=SSE | country=China
2026-07-02 18:12:46 | INFO | src.jobs_xlsx.freight.get_freight_index_data | Excel sheet loaded | file=C:\Users\krm\PycharmProjects\AlternativeData\data_lake\freight\china containerized freight index.xlsx | sheet=FDI | rows=139 | columns=30
2026-07-02 18:12:46 | INFO | src.jobs_xlsx.freight.get_freight_index_data | Loading Excel sheet | file=C:\Users\krm\PycharmProjects\AlternativeData\data_lake\freight\china containerized freight index.xlsx | sheet=CTFI | exchange=SSE | country=China
2026-07-02 18:12:46 | INFO | src.jobs_xlsx.freight.get_freight_index_data | Excel sheet loaded | file=C:\Users\krm\PycharmProjects\AlternativeData\data_lake\freight\china containerized freight index.xlsx | sheet=CTFI | rows=139 | columns=19
2026-07-02 18:12:46 | INFO | src.jobs_xlsx.freight.get_freight_index_data | Loading Excel sheet | file=C:\Users\krm\PycharmProjects\AlternativeData\data_lake\freight\china containerized freight index.xlsx | sheet=CSI | exchange=SSE | country=China
2026-07-02 18:12:46 | INFO | src.jobs_xlsx.freight.get_freight_index_data | Excel sheet loaded | file=C:\Users\krm\PycharmProjects\AlternativeData\data_lake\freight\china containerized freight index.xlsx | sheet=CSI | rows=8 | columns=107
2026-07-02 18:12:46 | INFO | src.jobs_xlsx.freight.get_freight_index_data | Loading Excel sheet | file=C:\Users\krm\PycharmProjects\AlternativeData\data_lake\freight\china containerized freight index.xlsx | sheet=CICFI | exchange=SSE | country=China
2026-07-02 18:12:46 | INFO | src.jobs_xlsx.freight.get_freight_index_data | Excel sheet loaded | file=C:\Users\krm\PycharmProjects\AlternativeData\data_lake\freight\china containerized freight index.xlsx | sheet=CICFI | rows=32 | columns=17
2026-07-02 18:12:46 | INFO | src.jobs_xlsx.freight.get_freight_index_data | Loading Excel sheet | file=C:\Users\krm\PycharmProjects\AlternativeData\data_lake\freight\china containerized freight index.xlsx | sheet=SEAFI | exchange=SSE | country=China
2026-07-02 18:12:46 | INFO | src.jobs_xlsx.freight.get_freight_index_data | Excel sheet loaded | file=C:\Users\krm\PycharmProjects\AlternativeData\data_lake\freight\china containerized freight index.xlsx | sheet=SEAFI | rows=30 | columns=5
2026-07-02 18:12:46 | INFO | src.jobs_xlsx.freight.get_freight_index_data | Loading Excel sheet | file=C:\Users\krm\PycharmProjects\AlternativeData\data_lake\freight\china containerized freight index.xlsx | sheet=BRTVI | exchange=SSE | country=China
2026-07-02 18:12:46 | INFO | src.jobs_xlsx.freight.get_freight_index_data | Excel sheet loaded | file=C:\Users\krm\PycharmProjects\AlternativeData\data_lake\freight\china containerized freight index.xlsx | sheet=BRTVI | rows=8 | columns=13
2026-07-02 18:12:46 | INFO | src.jobs_xlsx.freight.get_freight_index_data | Loading Excel sheet | file=C:\Users\krm\PycharmProjects\AlternativeData\data_lake\freight\china containerized freight index.xlsx | sheet=BRCVI | exchange=SSE | country=China
2026-07-02 18:12:46 | INFO | src.jobs_xlsx.freight.get_freight_index_data | Excel sheet loaded | file=C:\Users\krm\PycharmProjects\AlternativeData\data_lake\freight\china containerized freight index.xlsx | sheet=BRCVI | rows=8 | columns=21
2026-07-02 18:12:46 | INFO | src.jobs_xlsx.freight.get_freight_index_data | Loading Excel sheet | file=C:\Users\krm\PycharmProjects\AlternativeData\data_lake\freight\china containerized freight index.xlsx | sheet=SRFI | exchange=SSE | country=China
2026-07-02 18:12:46 | INFO | src.jobs_xlsx.freight.get_freight_index_data | Excel sheet loaded | file=C:\Users\krm\PycharmProjects\AlternativeData\data_lake\freight\china containerized freight index.xlsx | sheet=SRFI | rows=9 | columns=26
2026-07-02 18:12:46 | INFO | src.jobs_xlsx.freight.get_freight_index_data | Loading Excel sheet | file=C:\Users\krm\PycharmProjects\AlternativeData\data_lake\freight\china containerized freight index.xlsx | sheet=TWFI | exchange=SSE | country=China
2026-07-02 18:12:46 | INFO | src.jobs_xlsx.freight.get_freight_index_data | Excel sheet loaded | file=C:\Users\krm\PycharmProjects\AlternativeData\data_lake\freight\china containerized freight index.xlsx | sheet=TWFI | rows=30 | columns=13
2026-07-02 18:12:46 | INFO | src.jobs_xlsx.freight.get_freight_index_data | Loading Excel sheet | file=C:\Users\krm\PycharmProjects\AlternativeData\data_lake\freight\GSCPI.xlsx | sheet=GSCPI | exchange=FED | country=United States
2026-07-02 18:12:46 | INFO | src.jobs_xlsx.freight.get_freight_index_data | Excel sheet loaded | file=C:\Users\krm\PycharmProjects\AlternativeData\data_lake\freight\GSCPI.xlsx | sheet=GSCPI | rows=341 | columns=5
2026-07-02 18:12:46 | INFO | src.jobs_xlsx.freight.get_freight_index_data | Parquet saved | output_path=C:\Users\krm\PycharmProjects\AlternativeData\data_warehouse\raw\freight\freights_index.parquet | rows=27819 | symbols=288
2026-07-03 23:34:40 | INFO | src.jobs_xlsx.freight.get_freight_index_data | Excel wide value loader started | config_path=config/freight_jobs.yaml
2026-07-03 23:34:40 | INFO | src.jobs_xlsx.freight.get_freight_index_data | Loading Excel sheet | file=C:\Users\Geust\PycharmProjects\AlternativeData\data_lake\freight\china containerized freight index.xlsx | sheet=CCFI | exchange=SSE | country=China
2026-07-03 23:34:40 | INFO | src.jobs_xlsx.freight.get_freight_index_data | Excel sheet loaded | file=C:\Users\Geust\PycharmProjects\AlternativeData\data_lake\freight\china containerized freight index.xlsx | sheet=CCFI | rows=1261 | columns=17
2026-07-03 23:34:40 | INFO | src.jobs_xlsx.freight.get_freight_index_data | Loading Excel sheet | file=C:\Users\Geust\PycharmProjects\AlternativeData\data_lake\freight\china containerized freight index.xlsx | sheet=SCFI | exchange=SSE | country=China
2026-07-03 23:34:40 | INFO | src.jobs_xlsx.freight.get_freight_index_data | Excel sheet loaded | file=C:\Users\Geust\PycharmProjects\AlternativeData\data_lake\freight\china containerized freight index.xlsx | sheet=SCFI | rows=857 | columns=5
2026-07-03 23:34:41 | INFO | src.jobs_xlsx.freight.get_freight_index_data | Loading Excel sheet | file=C:\Users\Geust\PycharmProjects\AlternativeData\data_lake\freight\china containerized freight index.xlsx | sheet=SCFIS | exchange=SSE | country=China
2026-07-03 23:34:41 | INFO | src.jobs_xlsx.freight.get_freight_index_data | Excel sheet loaded | file=C:\Users\Geust\PycharmProjects\AlternativeData\data_lake\freight\china containerized freight index.xlsx | sheet=SCFIS | rows=31 | columns=6
2026-07-03 23:34:41 | INFO | src.jobs_xlsx.freight.get_freight_index_data | Loading Excel sheet | file=C:\Users\Geust\PycharmProjects\AlternativeData\data_lake\freight\china containerized freight index.xlsx | sheet=CBFI | exchange=SSE | country=China
2026-07-03 23:34:41 | INFO | src.jobs_xlsx.freight.get_freight_index_data | Excel sheet loaded | file=C:\Users\Geust\PycharmProjects\AlternativeData\data_lake\freight\china containerized freight index.xlsx | sheet=CBFI | rows=30 | columns=31
2026-07-03 23:34:41 | INFO | src.jobs_xlsx.freight.get_freight_index_data | Loading Excel sheet | file=C:\Users\Geust\PycharmProjects\AlternativeData\data_lake\freight\china containerized freight index.xlsx | sheet=CBCFI | exchange=SSE | country=China
2026-07-03 23:34:41 | INFO | src.jobs_xlsx.freight.get_freight_index_data | Excel sheet loaded | file=C:\Users\Geust\PycharmProjects\AlternativeData\data_lake\freight\china containerized freight index.xlsx | sheet=CBCFI | rows=140 | columns=5
2026-07-03 23:34:41 | INFO | src.jobs_xlsx.freight.get_freight_index_data | Loading Excel sheet | file=C:\Users\Geust\PycharmProjects\AlternativeData\data_lake\freight\china containerized freight index.xlsx | sheet=CBOFI | exchange=SSE | country=China
2026-07-03 23:34:41 | INFO | src.jobs_xlsx.freight.get_freight_index_data | Excel sheet loaded | file=C:\Users\Geust\PycharmProjects\AlternativeData\data_lake\freight\china containerized freight index.xlsx | sheet=CBOFI | rows=85 | columns=10
2026-07-03 23:34:41 | INFO | src.jobs_xlsx.freight.get_freight_index_data | Loading Excel sheet | file=C:\Users\Geust\PycharmProjects\AlternativeData\data_lake\freight\china containerized freight index.xlsx | sheet=CBGFI | exchange=SSE | country=China
2026-07-03 23:34:41 | INFO | src.jobs_xlsx.freight.get_freight_index_data | Excel sheet loaded | file=C:\Users\Geust\PycharmProjects\AlternativeData\data_lake\freight\china containerized freight index.xlsx | sheet=CBGFI | rows=29 | columns=8
2026-07-03 23:34:41 | INFO | src.jobs_xlsx.freight.get_freight_index_data | Loading Excel sheet | file=C:\Users\Geust\PycharmProjects\AlternativeData\data_lake\freight\china containerized freight index.xlsx | sheet=CDFI | exchange=SSE | country=China
2026-07-03 23:34:41 | INFO | src.jobs_xlsx.freight.get_freight_index_data | Excel sheet loaded | file=C:\Users\Geust\PycharmProjects\AlternativeData\data_lake\freight\china containerized freight index.xlsx | sheet=CDFI | rows=140 | columns=22
2026-07-03 23:34:41 | INFO | src.jobs_xlsx.freight.get_freight_index_data | Loading Excel sheet | file=C:\Users\Geust\PycharmProjects\AlternativeData\data_lake\freight\china containerized freight index.xlsx | sheet=FDI | exchange=SSE | country=China
2026-07-03 23:34:41 | INFO | src.jobs_xlsx.freight.get_freight_index_data | Excel sheet loaded | file=C:\Users\Geust\PycharmProjects\AlternativeData\data_lake\freight\china containerized freight index.xlsx | sheet=FDI | rows=140 | columns=30
2026-07-03 23:34:41 | INFO | src.jobs_xlsx.freight.get_freight_index_data | Loading Excel sheet | file=C:\Users\Geust\PycharmProjects\AlternativeData\data_lake\freight\china containerized freight index.xlsx | sheet=CTFI | exchange=SSE | country=China
2026-07-03 23:34:41 | INFO | src.jobs_xlsx.freight.get_freight_index_data | Excel sheet loaded | file=C:\Users\Geust\PycharmProjects\AlternativeData\data_lake\freight\china containerized freight index.xlsx | sheet=CTFI | rows=140 | columns=19
2026-07-03 23:34:41 | INFO | src.jobs_xlsx.freight.get_freight_index_data | Loading Excel sheet | file=C:\Users\Geust\PycharmProjects\AlternativeData\data_lake\freight\china containerized freight index.xlsx | sheet=CSI | exchange=SSE | country=China
2026-07-03 23:34:41 | INFO | src.jobs_xlsx.freight.get_freight_index_data | Excel sheet loaded | file=C:\Users\Geust\PycharmProjects\AlternativeData\data_lake\freight\china containerized freight index.xlsx | sheet=CSI | rows=8 | columns=107
2026-07-03 23:34:41 | INFO | src.jobs_xlsx.freight.get_freight_index_data | Loading Excel sheet | file=C:\Users\Geust\PycharmProjects\AlternativeData\data_lake\freight\china containerized freight index.xlsx | sheet=CICFI | exchange=SSE | country=China
2026-07-03 23:34:41 | INFO | src.jobs_xlsx.freight.get_freight_index_data | Excel sheet loaded | file=C:\Users\Geust\PycharmProjects\AlternativeData\data_lake\freight\china containerized freight index.xlsx | sheet=CICFI | rows=32 | columns=17
2026-07-03 23:34:41 | INFO | src.jobs_xlsx.freight.get_freight_index_data | Loading Excel sheet | file=C:\Users\Geust\PycharmProjects\AlternativeData\data_lake\freight\china containerized freight index.xlsx | sheet=SEAFI | exchange=SSE | country=China
2026-07-03 23:34:41 | INFO | src.jobs_xlsx.freight.get_freight_index_data | Excel sheet loaded | file=C:\Users\Geust\PycharmProjects\AlternativeData\data_lake\freight\china containerized freight index.xlsx | sheet=SEAFI | rows=31 | columns=5
2026-07-03 23:34:42 | INFO | src.jobs_xlsx.freight.get_freight_index_data | Loading Excel sheet | file=C:\Users\Geust\PycharmProjects\AlternativeData\data_lake\freight\china containerized freight index.xlsx | sheet=BRTVI | exchange=SSE | country=China
2026-07-03 23:34:42 | INFO | src.jobs_xlsx.freight.get_freight_index_data | Excel sheet loaded | file=C:\Users\Geust\PycharmProjects\AlternativeData\data_lake\freight\china containerized freight index.xlsx | sheet=BRTVI | rows=8 | columns=13
2026-07-03 23:34:42 | INFO | src.jobs_xlsx.freight.get_freight_index_data | Loading Excel sheet | file=C:\Users\Geust\PycharmProjects\AlternativeData\data_lake\freight\china containerized freight index.xlsx | sheet=BRCVI | exchange=SSE | country=China
2026-07-03 23:34:42 | INFO | src.jobs_xlsx.freight.get_freight_index_data | Excel sheet loaded | file=C:\Users\Geust\PycharmProjects\AlternativeData\data_lake\freight\china containerized freight index.xlsx | sheet=BRCVI | rows=8 | columns=21
2026-07-03 23:34:42 | INFO | src.jobs_xlsx.freight.get_freight_index_data | Loading Excel sheet | file=C:\Users\Geust\PycharmProjects\AlternativeData\data_lake\freight\china containerized freight index.xlsx | sheet=SRFI | exchange=SSE | country=China
2026-07-03 23:34:42 | INFO | src.jobs_xlsx.freight.get_freight_index_data | Excel sheet loaded | file=C:\Users\Geust\PycharmProjects\AlternativeData\data_lake\freight\china containerized freight index.xlsx | sheet=SRFI | rows=9 | columns=26
2026-07-03 23:34:42 | INFO | src.jobs_xlsx.freight.get_freight_index_data | Loading Excel sheet | file=C:\Users\Geust\PycharmProjects\AlternativeData\data_lake\freight\china containerized freight index.xlsx | sheet=TWFI | exchange=SSE | country=China
2026-07-03 23:34:42 | INFO | src.jobs_xlsx.freight.get_freight_index_data | Excel sheet loaded | file=C:\Users\Geust\PycharmProjects\AlternativeData\data_lake\freight\china containerized freight index.xlsx | sheet=TWFI | rows=30 | columns=13
2026-07-03 23:34:42 | INFO | src.jobs_xlsx.freight.get_freight_index_data | Loading Excel sheet | file=C:\Users\Geust\PycharmProjects\AlternativeData\data_lake\freight\GSCPI.xlsx | sheet=GSCPI | exchange=FED | country=United States
2026-07-03 23:34:42 | INFO | src.jobs_xlsx.freight.get_freight_index_data | Excel sheet loaded | file=C:\Users\Geust\PycharmProjects\AlternativeData\data_lake\freight\GSCPI.xlsx | sheet=GSCPI | rows=341 | columns=5
2026-07-03 23:34:42 | INFO | src.jobs_xlsx.freight.get_freight_index_data | Parquet saved | output_path=C:\Users\Geust\PycharmProjects\AlternativeData\data_warehouse\raw\freight\freights_index.parquet | rows=27880 | symbols=288
2026-07-07 01:07:01 | INFO | src.jobs_xlsx.freight.get_freight_index_data | Excel wide value loader started | config_path=config/freight_jobs.yaml
2026-07-07 01:07:01 | INFO | src.jobs_xlsx.freight.get_freight_index_data | Loading Excel sheet | file=/Users/tommy/Desktop/Pycharm/FinancialData/data_lake/freight/china containerized freight index.xlsx | sheet=CCFI | exchange=SSE | country=China
2026-07-07 01:07:01 | INFO | src.jobs_xlsx.freight.get_freight_index_data | Excel sheet loaded | file=/Users/tommy/Desktop/Pycharm/FinancialData/data_lake/freight/china containerized freight index.xlsx | sheet=CCFI | rows=1262 | columns=17
2026-07-07 01:07:01 | INFO | src.jobs_xlsx.freight.get_freight_index_data | Loading Excel sheet | file=/Users/tommy/Desktop/Pycharm/FinancialData/data_lake/freight/china containerized freight index.xlsx | sheet=SCFI | exchange=SSE | country=China
2026-07-07 01:07:01 | INFO | src.jobs_xlsx.freight.get_freight_index_data | Excel sheet loaded | file=/Users/tommy/Desktop/Pycharm/FinancialData/data_lake/freight/china containerized freight index.xlsx | sheet=SCFI | rows=858 | columns=5
2026-07-07 01:07:01 | INFO | src.jobs_xlsx.freight.get_freight_index_data | Loading Excel sheet | file=/Users/tommy/Desktop/Pycharm/FinancialData/data_lake/freight/china containerized freight index.xlsx | sheet=SCFIS | exchange=SSE | country=China
2026-07-07 01:07:01 | INFO | src.jobs_xlsx.freight.get_freight_index_data | Excel sheet loaded | file=/Users/tommy/Desktop/Pycharm/FinancialData/data_lake/freight/china containerized freight index.xlsx | sheet=SCFIS | rows=32 | columns=6
2026-07-07 01:07:01 | INFO | src.jobs_xlsx.freight.get_freight_index_data | Loading Excel sheet | file=/Users/tommy/Desktop/Pycharm/FinancialData/data_lake/freight/china containerized freight index.xlsx | sheet=CBFI | exchange=SSE | country=China
2026-07-07 01:07:01 | INFO | src.jobs_xlsx.freight.get_freight_index_data | Excel sheet loaded | file=/Users/tommy/Desktop/Pycharm/FinancialData/data_lake/freight/china containerized freight index.xlsx | sheet=CBFI | rows=31 | columns=31
2026-07-07 01:07:01 | INFO | src.jobs_xlsx.freight.get_freight_index_data | Loading Excel sheet | file=/Users/tommy/Desktop/Pycharm/FinancialData/data_lake/freight/china containerized freight index.xlsx | sheet=CBCFI | exchange=SSE | country=China
2026-07-07 01:07:01 | INFO | src.jobs_xlsx.freight.get_freight_index_data | Excel sheet loaded | file=/Users/tommy/Desktop/Pycharm/FinancialData/data_lake/freight/china containerized freight index.xlsx | sheet=CBCFI | rows=142 | columns=5
2026-07-07 01:07:01 | INFO | src.jobs_xlsx.freight.get_freight_index_data | Loading Excel sheet | file=/Users/tommy/Desktop/Pycharm/FinancialData/data_lake/freight/china containerized freight index.xlsx | sheet=CBOFI | exchange=SSE | country=China
2026-07-07 01:07:01 | INFO | src.jobs_xlsx.freight.get_freight_index_data | Excel sheet loaded | file=/Users/tommy/Desktop/Pycharm/FinancialData/data_lake/freight/china containerized freight index.xlsx | sheet=CBOFI | rows=87 | columns=10
2026-07-07 01:07:01 | INFO | src.jobs_xlsx.freight.get_freight_index_data | Loading Excel sheet | file=/Users/tommy/Desktop/Pycharm/FinancialData/data_lake/freight/china containerized freight index.xlsx | sheet=CBGFI | exchange=SSE | country=China
2026-07-07 01:07:01 | INFO | src.jobs_xlsx.freight.get_freight_index_data | Excel sheet loaded | file=/Users/tommy/Desktop/Pycharm/FinancialData/data_lake/freight/china containerized freight index.xlsx | sheet=CBGFI | rows=30 | columns=8
2026-07-07 01:07:01 | INFO | src.jobs_xlsx.freight.get_freight_index_data | Loading Excel sheet | file=/Users/tommy/Desktop/Pycharm/FinancialData/data_lake/freight/china containerized freight index.xlsx | sheet=CDFI | exchange=SSE | country=China
2026-07-07 01:07:02 | INFO | src.jobs_xlsx.freight.get_freight_index_data | Excel sheet loaded | file=/Users/tommy/Desktop/Pycharm/FinancialData/data_lake/freight/china containerized freight index.xlsx | sheet=CDFI | rows=142 | columns=22
2026-07-07 01:07:02 | INFO | src.jobs_xlsx.freight.get_freight_index_data | Loading Excel sheet | file=/Users/tommy/Desktop/Pycharm/FinancialData/data_lake/freight/china containerized freight index.xlsx | sheet=FDI | exchange=SSE | country=China
2026-07-07 01:07:02 | INFO | src.jobs_xlsx.freight.get_freight_index_data | Excel sheet loaded | file=/Users/tommy/Desktop/Pycharm/FinancialData/data_lake/freight/china containerized freight index.xlsx | sheet=FDI | rows=142 | columns=30
2026-07-07 01:07:02 | INFO | src.jobs_xlsx.freight.get_freight_index_data | Loading Excel sheet | file=/Users/tommy/Desktop/Pycharm/FinancialData/data_lake/freight/china containerized freight index.xlsx | sheet=CTFI | exchange=SSE | country=China
2026-07-07 01:07:02 | INFO | src.jobs_xlsx.freight.get_freight_index_data | Excel sheet loaded | file=/Users/tommy/Desktop/Pycharm/FinancialData/data_lake/freight/china containerized freight index.xlsx | sheet=CTFI | rows=142 | columns=19
2026-07-07 01:07:02 | INFO | src.jobs_xlsx.freight.get_freight_index_data | Loading Excel sheet | file=/Users/tommy/Desktop/Pycharm/FinancialData/data_lake/freight/china containerized freight index.xlsx | sheet=CSI | exchange=SSE | country=China
2026-07-07 01:07:02 | INFO | src.jobs_xlsx.freight.get_freight_index_data | Excel sheet loaded | file=/Users/tommy/Desktop/Pycharm/FinancialData/data_lake/freight/china containerized freight index.xlsx | sheet=CSI | rows=9 | columns=107
2026-07-07 01:07:02 | INFO | src.jobs_xlsx.freight.get_freight_index_data | Loading Excel sheet | file=/Users/tommy/Desktop/Pycharm/FinancialData/data_lake/freight/china containerized freight index.xlsx | sheet=CICFI | exchange=SSE | country=China
2026-07-07 01:07:02 | INFO | src.jobs_xlsx.freight.get_freight_index_data | Excel sheet loaded | file=/Users/tommy/Desktop/Pycharm/FinancialData/data_lake/freight/china containerized freight index.xlsx | sheet=CICFI | rows=32 | columns=17
2026-07-07 01:07:02 | INFO | src.jobs_xlsx.freight.get_freight_index_data | Loading Excel sheet | file=/Users/tommy/Desktop/Pycharm/FinancialData/data_lake/freight/china containerized freight index.xlsx | sheet=SEAFI | exchange=SSE | country=China
2026-07-07 01:07:02 | INFO | src.jobs_xlsx.freight.get_freight_index_data | Excel sheet loaded | file=/Users/tommy/Desktop/Pycharm/FinancialData/data_lake/freight/china containerized freight index.xlsx | sheet=SEAFI | rows=31 | columns=5
2026-07-07 01:07:02 | INFO | src.jobs_xlsx.freight.get_freight_index_data | Loading Excel sheet | file=/Users/tommy/Desktop/Pycharm/FinancialData/data_lake/freight/china containerized freight index.xlsx | sheet=BRTVI | exchange=SSE | country=China
2026-07-07 01:07:02 | INFO | src.jobs_xlsx.freight.get_freight_index_data | Excel sheet loaded | file=/Users/tommy/Desktop/Pycharm/FinancialData/data_lake/freight/china containerized freight index.xlsx | sheet=BRTVI | rows=8 | columns=13
2026-07-07 01:07:02 | INFO | src.jobs_xlsx.freight.get_freight_index_data | Loading Excel sheet | file=/Users/tommy/Desktop/Pycharm/FinancialData/data_lake/freight/china containerized freight index.xlsx | sheet=BRCVI | exchange=SSE | country=China
2026-07-07 01:07:02 | INFO | src.jobs_xlsx.freight.get_freight_index_data | Excel sheet loaded | file=/Users/tommy/Desktop/Pycharm/FinancialData/data_lake/freight/china containerized freight index.xlsx | sheet=BRCVI | rows=8 | columns=21
2026-07-07 01:07:02 | INFO | src.jobs_xlsx.freight.get_freight_index_data | Loading Excel sheet | file=/Users/tommy/Desktop/Pycharm/FinancialData/data_lake/freight/china containerized freight index.xlsx | sheet=SRFI | exchange=SSE | country=China
2026-07-07 01:07:02 | INFO | src.jobs_xlsx.freight.get_freight_index_data | Excel sheet loaded | file=/Users/tommy/Desktop/Pycharm/FinancialData/data_lake/freight/china containerized freight index.xlsx | sheet=SRFI | rows=9 | columns=26
2026-07-07 01:07:02 | INFO | src.jobs_xlsx.freight.get_freight_index_data | Loading Excel sheet | file=/Users/tommy/Desktop/Pycharm/FinancialData/data_lake/freight/china containerized freight index.xlsx | sheet=TWFI | exchange=SSE | country=China
2026-07-07 01:07:02 | INFO | src.jobs_xlsx.freight.get_freight_index_data | Excel sheet loaded | file=/Users/tommy/Desktop/Pycharm/FinancialData/data_lake/freight/china containerized freight index.xlsx | sheet=TWFI | rows=31 | columns=13
2026-07-07 01:07:02 | INFO | src.jobs_xlsx.freight.get_freight_index_data | Loading Excel sheet | file=/Users/tommy/Desktop/Pycharm/FinancialData/data_lake/freight/GSCPI.xlsx | sheet=GSCPI | exchange=FED | country=United States
2026-07-07 01:07:02 | INFO | src.jobs_xlsx.freight.get_freight_index_data | Excel sheet loaded | file=/Users/tommy/Desktop/Pycharm/FinancialData/data_lake/freight/GSCPI.xlsx | sheet=GSCPI | rows=341 | columns=5
2026-07-07 01:07:02 | INFO | src.jobs_xlsx.freight.get_freight_index_data | Parquet saved | output_path=/Users/tommy/Desktop/Pycharm/FinancialData/data_warehouse/raw/freight/freights_index.parquet | rows=28171 | symbols=288
2026-07-07 15:33:08 | INFO | src.jobs_xlsx.freight.get_freight_index_data | Excel wide value loader started | config_path=config/freight_jobs.yaml
2026-07-07 15:33:08 | INFO | src.jobs_xlsx.freight.get_freight_index_data | Loading Excel sheet | file=C:\Users\krm\PycharmProjects\AlternativeData\data_lake\freight\china containerized freight index.xlsx | sheet=CCFI | exchange=SSE | country=China
2026-07-07 15:33:08 | INFO | src.jobs_xlsx.freight.get_freight_index_data | Excel sheet loaded | file=C:\Users\krm\PycharmProjects\AlternativeData\data_lake\freight\china containerized freight index.xlsx | sheet=CCFI | rows=1262 | columns=17
2026-07-07 15:33:08 | INFO | src.jobs_xlsx.freight.get_freight_index_data | Loading Excel sheet | file=C:\Users\krm\PycharmProjects\AlternativeData\data_lake\freight\china containerized freight index.xlsx | sheet=SCFI | exchange=SSE | country=China
2026-07-07 15:33:09 | INFO | src.jobs_xlsx.freight.get_freight_index_data | Excel sheet loaded | file=C:\Users\krm\PycharmProjects\AlternativeData\data_lake\freight\china containerized freight index.xlsx | sheet=SCFI | rows=858 | columns=5
2026-07-07 15:33:09 | INFO | src.jobs_xlsx.freight.get_freight_index_data | Loading Excel sheet | file=C:\Users\krm\PycharmProjects\AlternativeData\data_lake\freight\china containerized freight index.xlsx | sheet=SCFIS | exchange=SSE | country=China
2026-07-07 15:33:09 | INFO | src.jobs_xlsx.freight.get_freight_index_data | Excel sheet loaded | file=C:\Users\krm\PycharmProjects\AlternativeData\data_lake\freight\china containerized freight index.xlsx | sheet=SCFIS | rows=32 | columns=6
2026-07-07 15:33:09 | INFO | src.jobs_xlsx.freight.get_freight_index_data | Loading Excel sheet | file=C:\Users\krm\PycharmProjects\AlternativeData\data_lake\freight\china containerized freight index.xlsx | sheet=CBFI | exchange=SSE | country=China
2026-07-07 15:33:09 | INFO | src.jobs_xlsx.freight.get_freight_index_data | Excel sheet loaded | file=C:\Users\krm\PycharmProjects\AlternativeData\data_lake\freight\china containerized freight index.xlsx | sheet=CBFI | rows=31 | columns=31
2026-07-07 15:33:09 | INFO | src.jobs_xlsx.freight.get_freight_index_data | Loading Excel sheet | file=C:\Users\krm\PycharmProjects\AlternativeData\data_lake\freight\china containerized freight index.xlsx | sheet=CBCFI | exchange=SSE | country=China
2026-07-07 15:33:09 | INFO | src.jobs_xlsx.freight.get_freight_index_data | Excel sheet loaded | file=C:\Users\krm\PycharmProjects\AlternativeData\data_lake\freight\china containerized freight index.xlsx | sheet=CBCFI | rows=142 | columns=5
2026-07-07 15:33:09 | INFO | src.jobs_xlsx.freight.get_freight_index_data | Loading Excel sheet | file=C:\Users\krm\PycharmProjects\AlternativeData\data_lake\freight\china containerized freight index.xlsx | sheet=CBOFI | exchange=SSE | country=China
2026-07-07 15:33:09 | INFO | src.jobs_xlsx.freight.get_freight_index_data | Excel sheet loaded | file=C:\Users\krm\PycharmProjects\AlternativeData\data_lake\freight\china containerized freight index.xlsx | sheet=CBOFI | rows=87 | columns=10
2026-07-07 15:33:09 | INFO | src.jobs_xlsx.freight.get_freight_index_data | Loading Excel sheet | file=C:\Users\krm\PycharmProjects\AlternativeData\data_lake\freight\china containerized freight index.xlsx | sheet=CBGFI | exchange=SSE | country=China
2026-07-07 15:33:10 | INFO | src.jobs_xlsx.freight.get_freight_index_data | Excel sheet loaded | file=C:\Users\krm\PycharmProjects\AlternativeData\data_lake\freight\china containerized freight index.xlsx | sheet=CBGFI | rows=30 | columns=8
2026-07-07 15:33:10 | INFO | src.jobs_xlsx.freight.get_freight_index_data | Loading Excel sheet | file=C:\Users\krm\PycharmProjects\AlternativeData\data_lake\freight\china containerized freight index.xlsx | sheet=CDFI | exchange=SSE | country=China
2026-07-07 15:33:10 | INFO | src.jobs_xlsx.freight.get_freight_index_data | Excel sheet loaded | file=C:\Users\krm\PycharmProjects\AlternativeData\data_lake\freight\china containerized freight index.xlsx | sheet=CDFI | rows=142 | columns=22
2026-07-07 15:33:10 | INFO | src.jobs_xlsx.freight.get_freight_index_data | Loading Excel sheet | file=C:\Users\krm\PycharmProjects\AlternativeData\data_lake\freight\china containerized freight index.xlsx | sheet=FDI | exchange=SSE | country=China
2026-07-07 15:33:10 | INFO | src.jobs_xlsx.freight.get_freight_index_data | Excel sheet loaded | file=C:\Users\krm\PycharmProjects\AlternativeData\data_lake\freight\china containerized freight index.xlsx | sheet=FDI | rows=142 | columns=30
2026-07-07 15:33:10 | INFO | src.jobs_xlsx.freight.get_freight_index_data | Loading Excel sheet | file=C:\Users\krm\PycharmProjects\AlternativeData\data_lake\freight\china containerized freight index.xlsx | sheet=CTFI | exchange=SSE | country=China
2026-07-07 15:33:10 | INFO | src.jobs_xlsx.freight.get_freight_index_data | Excel sheet loaded | file=C:\Users\krm\PycharmProjects\AlternativeData\data_lake\freight\china containerized freight index.xlsx | sheet=CTFI | rows=142 | columns=19
2026-07-07 15:33:10 | INFO | src.jobs_xlsx.freight.get_freight_index_data | Loading Excel sheet | file=C:\Users\krm\PycharmProjects\AlternativeData\data_lake\freight\china containerized freight index.xlsx | sheet=CSI | exchange=SSE | country=China
2026-07-07 15:33:11 | INFO | src.jobs_xlsx.freight.get_freight_index_data | Excel sheet loaded | file=C:\Users\krm\PycharmProjects\AlternativeData\data_lake\freight\china containerized freight index.xlsx | sheet=CSI | rows=9 | columns=107
2026-07-07 15:33:11 | INFO | src.jobs_xlsx.freight.get_freight_index_data | Loading Excel sheet | file=C:\Users\krm\PycharmProjects\AlternativeData\data_lake\freight\china containerized freight index.xlsx | sheet=CICFI | exchange=SSE | country=China
2026-07-07 15:33:11 | INFO | src.jobs_xlsx.freight.get_freight_index_data | Excel sheet loaded | file=C:\Users\krm\PycharmProjects\AlternativeData\data_lake\freight\china containerized freight index.xlsx | sheet=CICFI | rows=32 | columns=17
2026-07-07 15:33:11 | INFO | src.jobs_xlsx.freight.get_freight_index_data | Loading Excel sheet | file=C:\Users\krm\PycharmProjects\AlternativeData\data_lake\freight\china containerized freight index.xlsx | sheet=SEAFI | exchange=SSE | country=China
2026-07-07 15:33:11 | INFO | src.jobs_xlsx.freight.get_freight_index_data | Excel sheet loaded | file=C:\Users\krm\PycharmProjects\AlternativeData\data_lake\freight\china containerized freight index.xlsx | sheet=SEAFI | rows=31 | columns=5
2026-07-07 15:33:11 | INFO | src.jobs_xlsx.freight.get_freight_index_data | Loading Excel sheet | file=C:\Users\krm\PycharmProjects\AlternativeData\data_lake\freight\china containerized freight index.xlsx | sheet=BRTVI | exchange=SSE | country=China
2026-07-07 15:33:11 | INFO | src.jobs_xlsx.freight.get_freight_index_data | Excel sheet loaded | file=C:\Users\krm\PycharmProjects\AlternativeData\data_lake\freight\china containerized freight index.xlsx | sheet=BRTVI | rows=8 | columns=13
2026-07-07 15:33:11 | INFO | src.jobs_xlsx.freight.get_freight_index_data | Loading Excel sheet | file=C:\Users\krm\PycharmProjects\AlternativeData\data_lake\freight\china containerized freight index.xlsx | sheet=BRCVI | exchange=SSE | country=China
2026-07-07 15:33:11 | INFO | src.jobs_xlsx.freight.get_freight_index_data | Excel sheet loaded | file=C:\Users\krm\PycharmProjects\AlternativeData\data_lake\freight\china containerized freight index.xlsx | sheet=BRCVI | rows=8 | columns=21
2026-07-07 15:33:11 | INFO | src.jobs_xlsx.freight.get_freight_index_data | Loading Excel sheet | file=C:\Users\krm\PycharmProjects\AlternativeData\data_lake\freight\china containerized freight index.xlsx | sheet=SRFI | exchange=SSE | country=China
2026-07-07 15:33:12 | INFO | src.jobs_xlsx.freight.get_freight_index_data | Excel sheet loaded | file=C:\Users\krm\PycharmProjects\AlternativeData\data_lake\freight\china containerized freight index.xlsx | sheet=SRFI | rows=9 | columns=26
2026-07-07 15:33:12 | INFO | src.jobs_xlsx.freight.get_freight_index_data | Loading Excel sheet | file=C:\Users\krm\PycharmProjects\AlternativeData\data_lake\freight\china containerized freight index.xlsx | sheet=TWFI | exchange=SSE | country=China
2026-07-07 15:33:12 | INFO | src.jobs_xlsx.freight.get_freight_index_data | Excel sheet loaded | file=C:\Users\krm\PycharmProjects\AlternativeData\data_lake\freight\china containerized freight index.xlsx | sheet=TWFI | rows=31 | columns=13
2026-07-07 15:33:12 | INFO | src.jobs_xlsx.freight.get_freight_index_data | Loading Excel sheet | file=C:\Users\krm\PycharmProjects\AlternativeData\data_lake\freight\GSCPI.xlsx | sheet=GSCPI | exchange=FED | country=United States
2026-07-07 15:33:12 | INFO | src.jobs_xlsx.freight.get_freight_index_data | Excel sheet loaded | file=C:\Users\krm\PycharmProjects\AlternativeData\data_lake\freight\GSCPI.xlsx | sheet=GSCPI | rows=341 | columns=5
2026-07-07 15:33:12 | INFO | src.jobs_xlsx.freight.get_freight_index_data | Parquet saved | output_path=C:\Users\krm\PycharmProjects\AlternativeData\data_warehouse\raw\freight\freights_index.parquet | rows=28171 | symbols=288
2026-07-16 14:26:02 | INFO | src.jobs_xlsx.freight.get_freight_index_data | Excel wide value loader started | config_path=config/freight_jobs.yaml
2026-07-16 14:26:02 | INFO | src.jobs_xlsx.freight.get_freight_index_data | Loading Excel sheet | file=C:\Users\krm\PycharmProjects\AlternativeData\data_lake\freight\china containerized freight index.xlsx | sheet=CCFI | exchange=SSE | country=China
2026-07-16 14:26:02 | INFO | src.jobs_xlsx.freight.get_freight_index_data | Excel sheet loaded | file=C:\Users\krm\PycharmProjects\AlternativeData\data_lake\freight\china containerized freight index.xlsx | sheet=CCFI | rows=1263 | columns=17
2026-07-16 14:26:03 | INFO | src.jobs_xlsx.freight.get_freight_index_data | Loading Excel sheet | file=C:\Users\krm\PycharmProjects\AlternativeData\data_lake\freight\china containerized freight index.xlsx | sheet=SCFI | exchange=SSE | country=China
2026-07-16 14:26:03 | INFO | src.jobs_xlsx.freight.get_freight_index_data | Excel sheet loaded | file=C:\Users\krm\PycharmProjects\AlternativeData\data_lake\freight\china containerized freight index.xlsx | sheet=SCFI | rows=859 | columns=5
2026-07-16 14:26:03 | INFO | src.jobs_xlsx.freight.get_freight_index_data | Loading Excel sheet | file=C:\Users\krm\PycharmProjects\AlternativeData\data_lake\freight\china containerized freight index.xlsx | sheet=SCFIS | exchange=SSE | country=China
2026-07-16 14:26:03 | INFO | src.jobs_xlsx.freight.get_freight_index_data | Excel sheet loaded | file=C:\Users\krm\PycharmProjects\AlternativeData\data_lake\freight\china containerized freight index.xlsx | sheet=SCFIS | rows=33 | columns=6
2026-07-16 14:26:03 | INFO | src.jobs_xlsx.freight.get_freight_index_data | Loading Excel sheet | file=C:\Users\krm\PycharmProjects\AlternativeData\data_lake\freight\china containerized freight index.xlsx | sheet=CBFI | exchange=SSE | country=China
2026-07-16 14:26:03 | INFO | src.jobs_xlsx.freight.get_freight_index_data | Excel sheet loaded | file=C:\Users\krm\PycharmProjects\AlternativeData\data_lake\freight\china containerized freight index.xlsx | sheet=CBFI | rows=32 | columns=31
2026-07-16 14:26:03 | INFO | src.jobs_xlsx.freight.get_freight_index_data | Loading Excel sheet | file=C:\Users\krm\PycharmProjects\AlternativeData\data_lake\freight\china containerized freight index.xlsx | sheet=CBCFI | exchange=SSE | country=China
2026-07-16 14:26:03 | INFO | src.jobs_xlsx.freight.get_freight_index_data | Excel sheet loaded | file=C:\Users\krm\PycharmProjects\AlternativeData\data_lake\freight\china containerized freight index.xlsx | sheet=CBCFI | rows=149 | columns=5
2026-07-16 14:26:03 | INFO | src.jobs_xlsx.freight.get_freight_index_data | Loading Excel sheet | file=C:\Users\krm\PycharmProjects\AlternativeData\data_lake\freight\china containerized freight index.xlsx | sheet=CBOFI | exchange=SSE | country=China
2026-07-16 14:26:03 | INFO | src.jobs_xlsx.freight.get_freight_index_data | Excel sheet loaded | file=C:\Users\krm\PycharmProjects\AlternativeData\data_lake\freight\china containerized freight index.xlsx | sheet=CBOFI | rows=91 | columns=10
2026-07-16 14:26:03 | INFO | src.jobs_xlsx.freight.get_freight_index_data | Loading Excel sheet | file=C:\Users\krm\PycharmProjects\AlternativeData\data_lake\freight\china containerized freight index.xlsx | sheet=CBGFI | exchange=SSE | country=China
2026-07-16 14:26:03 | INFO | src.jobs_xlsx.freight.get_freight_index_data | Excel sheet loaded | file=C:\Users\krm\PycharmProjects\AlternativeData\data_lake\freight\china containerized freight index.xlsx | sheet=CBGFI | rows=31 | columns=8
2026-07-16 14:26:03 | INFO | src.jobs_xlsx.freight.get_freight_index_data | Loading Excel sheet | file=C:\Users\krm\PycharmProjects\AlternativeData\data_lake\freight\china containerized freight index.xlsx | sheet=CDFI | exchange=SSE | country=China
2026-07-16 14:26:03 | INFO | src.jobs_xlsx.freight.get_freight_index_data | Excel sheet loaded | file=C:\Users\krm\PycharmProjects\AlternativeData\data_lake\freight\china containerized freight index.xlsx | sheet=CDFI | rows=149 | columns=22
2026-07-16 14:26:03 | INFO | src.jobs_xlsx.freight.get_freight_index_data | Loading Excel sheet | file=C:\Users\krm\PycharmProjects\AlternativeData\data_lake\freight\china containerized freight index.xlsx | sheet=FDI | exchange=SSE | country=China
2026-07-16 14:26:03 | INFO | src.jobs_xlsx.freight.get_freight_index_data | Excel sheet loaded | file=C:\Users\krm\PycharmProjects\AlternativeData\data_lake\freight\china containerized freight index.xlsx | sheet=FDI | rows=149 | columns=30
2026-07-16 14:26:03 | INFO | src.jobs_xlsx.freight.get_freight_index_data | Loading Excel sheet | file=C:\Users\krm\PycharmProjects\AlternativeData\data_lake\freight\china containerized freight index.xlsx | sheet=CTFI | exchange=SSE | country=China
2026-07-16 14:26:03 | INFO | src.jobs_xlsx.freight.get_freight_index_data | Excel sheet loaded | file=C:\Users\krm\PycharmProjects\AlternativeData\data_lake\freight\china containerized freight index.xlsx | sheet=CTFI | rows=149 | columns=19
2026-07-16 14:26:03 | INFO | src.jobs_xlsx.freight.get_freight_index_data | Loading Excel sheet | file=C:\Users\krm\PycharmProjects\AlternativeData\data_lake\freight\china containerized freight index.xlsx | sheet=CSI | exchange=SSE | country=China
2026-07-16 14:26:03 | INFO | src.jobs_xlsx.freight.get_freight_index_data | Excel sheet loaded | file=C:\Users\krm\PycharmProjects\AlternativeData\data_lake\freight\china containerized freight index.xlsx | sheet=CSI | rows=9 | columns=107
2026-07-16 14:26:03 | INFO | src.jobs_xlsx.freight.get_freight_index_data | Loading Excel sheet | file=C:\Users\krm\PycharmProjects\AlternativeData\data_lake\freight\china containerized freight index.xlsx | sheet=CICFI | exchange=SSE | country=China
2026-07-16 14:26:03 | INFO | src.jobs_xlsx.freight.get_freight_index_data | Excel sheet loaded | file=C:\Users\krm\PycharmProjects\AlternativeData\data_lake\freight\china containerized freight index.xlsx | sheet=CICFI | rows=34 | columns=17
2026-07-16 14:26:03 | INFO | src.jobs_xlsx.freight.get_freight_index_data | Loading Excel sheet | file=C:\Users\krm\PycharmProjects\AlternativeData\data_lake\freight\china containerized freight index.xlsx | sheet=SEAFI | exchange=SSE | country=China
2026-07-16 14:26:04 | INFO | src.jobs_xlsx.freight.get_freight_index_data | Excel sheet loaded | file=C:\Users\krm\PycharmProjects\AlternativeData\data_lake\freight\china containerized freight index.xlsx | sheet=SEAFI | rows=32 | columns=5
2026-07-16 14:26:04 | INFO | src.jobs_xlsx.freight.get_freight_index_data | Loading Excel sheet | file=C:\Users\krm\PycharmProjects\AlternativeData\data_lake\freight\china containerized freight index.xlsx | sheet=BRTVI | exchange=SSE | country=China
2026-07-16 14:26:04 | INFO | src.jobs_xlsx.freight.get_freight_index_data | Excel sheet loaded | file=C:\Users\krm\PycharmProjects\AlternativeData\data_lake\freight\china containerized freight index.xlsx | sheet=BRTVI | rows=8 | columns=13
2026-07-16 14:26:04 | INFO | src.jobs_xlsx.freight.get_freight_index_data | Loading Excel sheet | file=C:\Users\krm\PycharmProjects\AlternativeData\data_lake\freight\china containerized freight index.xlsx | sheet=BRCVI | exchange=SSE | country=China
2026-07-16 14:26:04 | INFO | src.jobs_xlsx.freight.get_freight_index_data | Excel sheet loaded | file=C:\Users\krm\PycharmProjects\AlternativeData\data_lake\freight\china containerized freight index.xlsx | sheet=BRCVI | rows=8 | columns=21
2026-07-16 14:26:04 | INFO | src.jobs_xlsx.freight.get_freight_index_data | Loading Excel sheet | file=C:\Users\krm\PycharmProjects\AlternativeData\data_lake\freight\china containerized freight index.xlsx | sheet=SRFI | exchange=SSE | country=China
2026-07-16 14:26:04 | INFO | src.jobs_xlsx.freight.get_freight_index_data | Excel sheet loaded | file=C:\Users\krm\PycharmProjects\AlternativeData\data_lake\freight\china containerized freight index.xlsx | sheet=SRFI | rows=9 | columns=26
2026-07-16 14:26:04 | INFO | src.jobs_xlsx.freight.get_freight_index_data | Loading Excel sheet | file=C:\Users\krm\PycharmProjects\AlternativeData\data_lake\freight\china containerized freight index.xlsx | sheet=TWFI | exchange=SSE | country=China
2026-07-16 14:26:04 | INFO | src.jobs_xlsx.freight.get_freight_index_data | Excel sheet loaded | file=C:\Users\krm\PycharmProjects\AlternativeData\data_lake\freight\china containerized freight index.xlsx | sheet=TWFI | rows=33 | columns=13
2026-07-16 14:26:04 | INFO | src.jobs_xlsx.freight.get_freight_index_data | Loading Excel sheet | file=C:\Users\krm\PycharmProjects\AlternativeData\data_lake\freight\GSCPI.xlsx | sheet=GSCPI | exchange=FED | country=United States
2026-07-16 14:26:04 | INFO | src.jobs_xlsx.freight.get_freight_index_data | Excel sheet loaded | file=C:\Users\krm\PycharmProjects\AlternativeData\data_lake\freight\GSCPI.xlsx | sheet=GSCPI | rows=342 | columns=5
2026-07-16 14:26:04 | INFO | src.jobs_xlsx.freight.get_freight_index_data | Parquet saved | output_path=C:\Users\krm\PycharmProjects\AlternativeData\data_warehouse\raw\freight\freights_index.parquet | rows=28708 | symbols=288
2026-07-19 03:14:06 | INFO | src.jobs_xlsx.freight.get_freight_index_data | Excel wide value loader started | config_path=config/freight_jobs.yaml
2026-07-19 03:14:06 | INFO | src.jobs_xlsx.freight.get_freight_index_data | Loading Excel sheet | file=/Users/tommy/Desktop/Pycharm/FinancialData/data_lake/freight/china containerized freight index.xlsx | sheet=CCFI | exchange=SSE | country=China
2026-07-19 03:14:06 | INFO | src.jobs_xlsx.freight.get_freight_index_data | Excel sheet loaded | file=/Users/tommy/Desktop/Pycharm/FinancialData/data_lake/freight/china containerized freight index.xlsx | sheet=CCFI | rows=1264 | columns=17
2026-07-19 03:14:06 | INFO | src.jobs_xlsx.freight.get_freight_index_data | Loading Excel sheet | file=/Users/tommy/Desktop/Pycharm/FinancialData/data_lake/freight/china containerized freight index.xlsx | sheet=SCFI | exchange=SSE | country=China
2026-07-19 03:14:06 | INFO | src.jobs_xlsx.freight.get_freight_index_data | Excel sheet loaded | file=/Users/tommy/Desktop/Pycharm/FinancialData/data_lake/freight/china containerized freight index.xlsx | sheet=SCFI | rows=860 | columns=5
2026-07-19 03:14:06 | INFO | src.jobs_xlsx.freight.get_freight_index_data | Loading Excel sheet | file=/Users/tommy/Desktop/Pycharm/FinancialData/data_lake/freight/china containerized freight index.xlsx | sheet=SCFIS | exchange=SSE | country=China
2026-07-19 03:14:06 | INFO | src.jobs_xlsx.freight.get_freight_index_data | Excel sheet loaded | file=/Users/tommy/Desktop/Pycharm/FinancialData/data_lake/freight/china containerized freight index.xlsx | sheet=SCFIS | rows=33 | columns=6
2026-07-19 03:14:06 | INFO | src.jobs_xlsx.freight.get_freight_index_data | Loading Excel sheet | file=/Users/tommy/Desktop/Pycharm/FinancialData/data_lake/freight/china containerized freight index.xlsx | sheet=CBFI | exchange=SSE | country=China
2026-07-19 03:14:06 | INFO | src.jobs_xlsx.freight.get_freight_index_data | Excel sheet loaded | file=/Users/tommy/Desktop/Pycharm/FinancialData/data_lake/freight/china containerized freight index.xlsx | sheet=CBFI | rows=33 | columns=31
2026-07-19 03:14:06 | INFO | src.jobs_xlsx.freight.get_freight_index_data | Loading Excel sheet | file=/Users/tommy/Desktop/Pycharm/FinancialData/data_lake/freight/china containerized freight index.xlsx | sheet=CBCFI | exchange=SSE | country=China
2026-07-19 03:14:06 | INFO | src.jobs_xlsx.freight.get_freight_index_data | Excel sheet loaded | file=/Users/tommy/Desktop/Pycharm/FinancialData/data_lake/freight/china containerized freight index.xlsx | sheet=CBCFI | rows=151 | columns=5
2026-07-19 03:14:06 | INFO | src.jobs_xlsx.freight.get_freight_index_data | Loading Excel sheet | file=/Users/tommy/Desktop/Pycharm/FinancialData/data_lake/freight/china containerized freight index.xlsx | sheet=CBOFI | exchange=SSE | country=China
2026-07-19 03:14:06 | INFO | src.jobs_xlsx.freight.get_freight_index_data | Excel sheet loaded | file=/Users/tommy/Desktop/Pycharm/FinancialData/data_lake/freight/china containerized freight index.xlsx | sheet=CBOFI | rows=92 | columns=10
2026-07-19 03:14:06 | INFO | src.jobs_xlsx.freight.get_freight_index_data | Loading Excel sheet | file=/Users/tommy/Desktop/Pycharm/FinancialData/data_lake/freight/china containerized freight index.xlsx | sheet=CBGFI | exchange=SSE | country=China
2026-07-19 03:14:06 | INFO | src.jobs_xlsx.freight.get_freight_index_data | Excel sheet loaded | file=/Users/tommy/Desktop/Pycharm/FinancialData/data_lake/freight/china containerized freight index.xlsx | sheet=CBGFI | rows=32 | columns=8
2026-07-19 03:14:06 | INFO | src.jobs_xlsx.freight.get_freight_index_data | Loading Excel sheet | file=/Users/tommy/Desktop/Pycharm/FinancialData/data_lake/freight/china containerized freight index.xlsx | sheet=CDFI | exchange=SSE | country=China
2026-07-19 03:14:06 | INFO | src.jobs_xlsx.freight.get_freight_index_data | Excel sheet loaded | file=/Users/tommy/Desktop/Pycharm/FinancialData/data_lake/freight/china containerized freight index.xlsx | sheet=CDFI | rows=151 | columns=22
2026-07-19 03:14:06 | INFO | src.jobs_xlsx.freight.get_freight_index_data | Loading Excel sheet | file=/Users/tommy/Desktop/Pycharm/FinancialData/data_lake/freight/china containerized freight index.xlsx | sheet=FDI | exchange=SSE | country=China
2026-07-19 03:14:06 | INFO | src.jobs_xlsx.freight.get_freight_index_data | Excel sheet loaded | file=/Users/tommy/Desktop/Pycharm/FinancialData/data_lake/freight/china containerized freight index.xlsx | sheet=FDI | rows=151 | columns=30
2026-07-19 03:14:06 | INFO | src.jobs_xlsx.freight.get_freight_index_data | Loading Excel sheet | file=/Users/tommy/Desktop/Pycharm/FinancialData/data_lake/freight/china containerized freight index.xlsx | sheet=CTFI | exchange=SSE | country=China
2026-07-19 03:14:06 | INFO | src.jobs_xlsx.freight.get_freight_index_data | Excel sheet loaded | file=/Users/tommy/Desktop/Pycharm/FinancialData/data_lake/freight/china containerized freight index.xlsx | sheet=CTFI | rows=151 | columns=19
2026-07-19 03:14:06 | INFO | src.jobs_xlsx.freight.get_freight_index_data | Loading Excel sheet | file=/Users/tommy/Desktop/Pycharm/FinancialData/data_lake/freight/china containerized freight index.xlsx | sheet=CSI | exchange=SSE | country=China
2026-07-19 03:14:06 | INFO | src.jobs_xlsx.freight.get_freight_index_data | Excel sheet loaded | file=/Users/tommy/Desktop/Pycharm/FinancialData/data_lake/freight/china containerized freight index.xlsx | sheet=CSI | rows=9 | columns=107
2026-07-19 03:14:06 | INFO | src.jobs_xlsx.freight.get_freight_index_data | Loading Excel sheet | file=/Users/tommy/Desktop/Pycharm/FinancialData/data_lake/freight/china containerized freight index.xlsx | sheet=CICFI | exchange=SSE | country=China
2026-07-19 03:14:06 | INFO | src.jobs_xlsx.freight.get_freight_index_data | Excel sheet loaded | file=/Users/tommy/Desktop/Pycharm/FinancialData/data_lake/freight/china containerized freight index.xlsx | sheet=CICFI | rows=34 | columns=17
2026-07-19 03:14:06 | INFO | src.jobs_xlsx.freight.get_freight_index_data | Loading Excel sheet | file=/Users/tommy/Desktop/Pycharm/FinancialData/data_lake/freight/china containerized freight index.xlsx | sheet=SEAFI | exchange=SSE | country=China
2026-07-19 03:14:06 | INFO | src.jobs_xlsx.freight.get_freight_index_data | Excel sheet loaded | file=/Users/tommy/Desktop/Pycharm/FinancialData/data_lake/freight/china containerized freight index.xlsx | sheet=SEAFI | rows=33 | columns=5
2026-07-19 03:14:06 | INFO | src.jobs_xlsx.freight.get_freight_index_data | Loading Excel sheet | file=/Users/tommy/Desktop/Pycharm/FinancialData/data_lake/freight/china containerized freight index.xlsx | sheet=BRTVI | exchange=SSE | country=China
2026-07-19 03:14:06 | INFO | src.jobs_xlsx.freight.get_freight_index_data | Excel sheet loaded | file=/Users/tommy/Desktop/Pycharm/FinancialData/data_lake/freight/china containerized freight index.xlsx | sheet=BRTVI | rows=8 | columns=13
2026-07-19 03:14:06 | INFO | src.jobs_xlsx.freight.get_freight_index_data | Loading Excel sheet | file=/Users/tommy/Desktop/Pycharm/FinancialData/data_lake/freight/china containerized freight index.xlsx | sheet=BRCVI | exchange=SSE | country=China
2026-07-19 03:14:06 | INFO | src.jobs_xlsx.freight.get_freight_index_data | Excel sheet loaded | file=/Users/tommy/Desktop/Pycharm/FinancialData/data_lake/freight/china containerized freight index.xlsx | sheet=BRCVI | rows=8 | columns=21
2026-07-19 03:14:06 | INFO | src.jobs_xlsx.freight.get_freight_index_data | Loading Excel sheet | file=/Users/tommy/Desktop/Pycharm/FinancialData/data_lake/freight/china containerized freight index.xlsx | sheet=SRFI | exchange=SSE | country=China
2026-07-19 03:14:06 | INFO | src.jobs_xlsx.freight.get_freight_index_data | Excel sheet loaded | file=/Users/tommy/Desktop/Pycharm/FinancialData/data_lake/freight/china containerized freight index.xlsx | sheet=SRFI | rows=9 | columns=26
2026-07-19 03:14:06 | INFO | src.jobs_xlsx.freight.get_freight_index_data | Loading Excel sheet | file=/Users/tommy/Desktop/Pycharm/FinancialData/data_lake/freight/china containerized freight index.xlsx | sheet=TWFI | exchange=SSE | country=China
2026-07-19 03:14:06 | INFO | src.jobs_xlsx.freight.get_freight_index_data | Excel sheet loaded | file=/Users/tommy/Desktop/Pycharm/FinancialData/data_lake/freight/china containerized freight index.xlsx | sheet=TWFI | rows=33 | columns=13
2026-07-19 03:14:06 | INFO | src.jobs_xlsx.freight.get_freight_index_data | Loading Excel sheet | file=/Users/tommy/Desktop/Pycharm/FinancialData/data_lake/freight/GSCPI.xlsx | sheet=GSCPI | exchange=FED | country=United States
2026-07-19 03:14:09 | INFO | src.jobs_xlsx.freight.get_freight_index_data | Excel sheet loaded | file=/Users/tommy/Desktop/Pycharm/FinancialData/data_lake/freight/GSCPI.xlsx | sheet=GSCPI | rows=342 | columns=5
2026-07-19 03:14:09 | INFO | src.jobs_xlsx.freight.get_freight_index_data | Parquet saved | output_path=/Users/tommy/Desktop/Pycharm/FinancialData/data_warehouse/raw/freight/freights_index.parquet | rows=28880 | symbols=288
2026-07-22 10:48:43 | INFO | src.jobs_xlsx.freight.get_freight_index_data | Excel wide value loader started | config_path=config/freight_jobs.yaml
2026-07-22 10:48:43 | INFO | src.jobs_xlsx.freight.get_freight_index_data | Loading Excel sheet | file=C:\Users\krm\PycharmProjects\AlternativeData\data_lake\freight\china containerized freight index.xlsx | sheet=CCFI | exchange=SSE | country=China
2026-07-22 10:48:43 | INFO | src.jobs_xlsx.freight.get_freight_index_data | Excel sheet loaded | file=C:\Users\krm\PycharmProjects\AlternativeData\data_lake\freight\china containerized freight index.xlsx | sheet=CCFI | rows=1264 | columns=17
2026-07-22 10:48:43 | INFO | src.jobs_xlsx.freight.get_freight_index_data | Loading Excel sheet | file=C:\Users\krm\PycharmProjects\AlternativeData\data_lake\freight\china containerized freight index.xlsx | sheet=SCFI | exchange=SSE | country=China
2026-07-22 10:48:43 | INFO | src.jobs_xlsx.freight.get_freight_index_data | Excel sheet loaded | file=C:\Users\krm\PycharmProjects\AlternativeData\data_lake\freight\china containerized freight index.xlsx | sheet=SCFI | rows=860 | columns=5
2026-07-22 10:48:43 | INFO | src.jobs_xlsx.freight.get_freight_index_data | Loading Excel sheet | file=C:\Users\krm\PycharmProjects\AlternativeData\data_lake\freight\china containerized freight index.xlsx | sheet=SCFIS | exchange=SSE | country=China
2026-07-22 10:48:43 | INFO | src.jobs_xlsx.freight.get_freight_index_data | Excel sheet loaded | file=C:\Users\krm\PycharmProjects\AlternativeData\data_lake\freight\china containerized freight index.xlsx | sheet=SCFIS | rows=34 | columns=6
2026-07-22 10:48:43 | INFO | src.jobs_xlsx.freight.get_freight_index_data | Loading Excel sheet | file=C:\Users\krm\PycharmProjects\AlternativeData\data_lake\freight\china containerized freight index.xlsx | sheet=CBFI | exchange=SSE | country=China
2026-07-22 10:48:43 | INFO | src.jobs_xlsx.freight.get_freight_index_data | Excel sheet loaded | file=C:\Users\krm\PycharmProjects\AlternativeData\data_lake\freight\china containerized freight index.xlsx | sheet=CBFI | rows=33 | columns=31
2026-07-22 10:48:43 | INFO | src.jobs_xlsx.freight.get_freight_index_data | Loading Excel sheet | file=C:\Users\krm\PycharmProjects\AlternativeData\data_lake\freight\china containerized freight index.xlsx | sheet=CBCFI | exchange=SSE | country=China
2026-07-22 10:48:43 | INFO | src.jobs_xlsx.freight.get_freight_index_data | Excel sheet loaded | file=C:\Users\krm\PycharmProjects\AlternativeData\data_lake\freight\china containerized freight index.xlsx | sheet=CBCFI | rows=153 | columns=5
2026-07-22 10:48:43 | INFO | src.jobs_xlsx.freight.get_freight_index_data | Loading Excel sheet | file=C:\Users\krm\PycharmProjects\AlternativeData\data_lake\freight\china containerized freight index.xlsx | sheet=CBOFI | exchange=SSE | country=China
2026-07-22 10:48:43 | INFO | src.jobs_xlsx.freight.get_freight_index_data | Excel sheet loaded | file=C:\Users\krm\PycharmProjects\AlternativeData\data_lake\freight\china containerized freight index.xlsx | sheet=CBOFI | rows=93 | columns=10
2026-07-22 10:48:43 | INFO | src.jobs_xlsx.freight.get_freight_index_data | Loading Excel sheet | file=C:\Users\krm\PycharmProjects\AlternativeData\data_lake\freight\china containerized freight index.xlsx | sheet=CBGFI | exchange=SSE | country=China
2026-07-22 10:48:44 | INFO | src.jobs_xlsx.freight.get_freight_index_data | Excel sheet loaded | file=C:\Users\krm\PycharmProjects\AlternativeData\data_lake\freight\china containerized freight index.xlsx | sheet=CBGFI | rows=32 | columns=8
2026-07-22 10:48:44 | INFO | src.jobs_xlsx.freight.get_freight_index_data | Loading Excel sheet | file=C:\Users\krm\PycharmProjects\AlternativeData\data_lake\freight\china containerized freight index.xlsx | sheet=CDFI | exchange=SSE | country=China
2026-07-22 10:48:44 | INFO | src.jobs_xlsx.freight.get_freight_index_data | Excel sheet loaded | file=C:\Users\krm\PycharmProjects\AlternativeData\data_lake\freight\china containerized freight index.xlsx | sheet=CDFI | rows=153 | columns=22
2026-07-22 10:48:44 | INFO | src.jobs_xlsx.freight.get_freight_index_data | Loading Excel sheet | file=C:\Users\krm\PycharmProjects\AlternativeData\data_lake\freight\china containerized freight index.xlsx | sheet=FDI | exchange=SSE | country=China
2026-07-22 10:48:44 | INFO | src.jobs_xlsx.freight.get_freight_index_data | Excel sheet loaded | file=C:\Users\krm\PycharmProjects\AlternativeData\data_lake\freight\china containerized freight index.xlsx | sheet=FDI | rows=153 | columns=30
2026-07-22 10:48:44 | INFO | src.jobs_xlsx.freight.get_freight_index_data | Loading Excel sheet | file=C:\Users\krm\PycharmProjects\AlternativeData\data_lake\freight\china containerized freight index.xlsx | sheet=CTFI | exchange=SSE | country=China
2026-07-22 10:48:44 | INFO | src.jobs_xlsx.freight.get_freight_index_data | Excel sheet loaded | file=C:\Users\krm\PycharmProjects\AlternativeData\data_lake\freight\china containerized freight index.xlsx | sheet=CTFI | rows=153 | columns=19
2026-07-22 10:48:44 | INFO | src.jobs_xlsx.freight.get_freight_index_data | Loading Excel sheet | file=C:\Users\krm\PycharmProjects\AlternativeData\data_lake\freight\china containerized freight index.xlsx | sheet=CSI | exchange=SSE | country=China
2026-07-22 10:48:44 | INFO | src.jobs_xlsx.freight.get_freight_index_data | Excel sheet loaded | file=C:\Users\krm\PycharmProjects\AlternativeData\data_lake\freight\china containerized freight index.xlsx | sheet=CSI | rows=9 | columns=107
2026-07-22 10:48:44 | INFO | src.jobs_xlsx.freight.get_freight_index_data | Loading Excel sheet | file=C:\Users\krm\PycharmProjects\AlternativeData\data_lake\freight\china containerized freight index.xlsx | sheet=CICFI | exchange=SSE | country=China
2026-07-22 10:48:44 | INFO | src.jobs_xlsx.freight.get_freight_index_data | Excel sheet loaded | file=C:\Users\krm\PycharmProjects\AlternativeData\data_lake\freight\china containerized freight index.xlsx | sheet=CICFI | rows=34 | columns=17
2026-07-22 10:48:44 | INFO | src.jobs_xlsx.freight.get_freight_index_data | Loading Excel sheet | file=C:\Users\krm\PycharmProjects\AlternativeData\data_lake\freight\china containerized freight index.xlsx | sheet=SEAFI | exchange=SSE | country=China
2026-07-22 10:48:44 | INFO | src.jobs_xlsx.freight.get_freight_index_data | Excel sheet loaded | file=C:\Users\krm\PycharmProjects\AlternativeData\data_lake\freight\china containerized freight index.xlsx | sheet=SEAFI | rows=33 | columns=5
2026-07-22 10:48:44 | INFO | src.jobs_xlsx.freight.get_freight_index_data | Loading Excel sheet | file=C:\Users\krm\PycharmProjects\AlternativeData\data_lake\freight\china containerized freight index.xlsx | sheet=BRTVI | exchange=SSE | country=China
2026-07-22 10:48:44 | INFO | src.jobs_xlsx.freight.get_freight_index_data | Excel sheet loaded | file=C:\Users\krm\PycharmProjects\AlternativeData\data_lake\freight\china containerized freight index.xlsx | sheet=BRTVI | rows=8 | columns=13
2026-07-22 10:48:44 | INFO | src.jobs_xlsx.freight.get_freight_index_data | Loading Excel sheet | file=C:\Users\krm\PycharmProjects\AlternativeData\data_lake\freight\china containerized freight index.xlsx | sheet=BRCVI | exchange=SSE | country=China
2026-07-22 10:48:44 | INFO | src.jobs_xlsx.freight.get_freight_index_data | Excel sheet loaded | file=C:\Users\krm\PycharmProjects\AlternativeData\data_lake\freight\china containerized freight index.xlsx | sheet=BRCVI | rows=8 | columns=21
2026-07-22 10:48:44 | INFO | src.jobs_xlsx.freight.get_freight_index_data | Loading Excel sheet | file=C:\Users\krm\PycharmProjects\AlternativeData\data_lake\freight\china containerized freight index.xlsx | sheet=SRFI | exchange=SSE | country=China
2026-07-22 10:48:44 | INFO | src.jobs_xlsx.freight.get_freight_index_data | Excel sheet loaded | file=C:\Users\krm\PycharmProjects\AlternativeData\data_lake\freight\china containerized freight index.xlsx | sheet=SRFI | rows=9 | columns=26
2026-07-22 10:48:44 | INFO | src.jobs_xlsx.freight.get_freight_index_data | Loading Excel sheet | file=C:\Users\krm\PycharmProjects\AlternativeData\data_lake\freight\china containerized freight index.xlsx | sheet=TWFI | exchange=SSE | country=China
2026-07-22 10:48:44 | INFO | src.jobs_xlsx.freight.get_freight_index_data | Excel sheet loaded | file=C:\Users\krm\PycharmProjects\AlternativeData\data_lake\freight\china containerized freight index.xlsx | sheet=TWFI | rows=33 | columns=13
2026-07-22 10:48:44 | INFO | src.jobs_xlsx.freight.get_freight_index_data | Loading Excel sheet | file=C:\Users\krm\PycharmProjects\AlternativeData\data_lake\freight\GSCPI.xlsx | sheet=GSCPI | exchange=FED | country=United States
2026-07-22 10:48:44 | INFO | src.jobs_xlsx.freight.get_freight_index_data | Excel sheet loaded | file=C:\Users\krm\PycharmProjects\AlternativeData\data_lake\freight\GSCPI.xlsx | sheet=GSCPI | rows=342 | columns=5
2026-07-22 10:48:44 | INFO | src.jobs_xlsx.freight.get_freight_index_data | Parquet saved | output_path=C:\Users\krm\PycharmProjects\AlternativeData\data_warehouse\raw\freight\freights_index.parquet | rows=29008 | symbols=288
2026-07-23 01:47:43 | INFO | src.jobs_xlsx.freight.get_freight_index_data | Excel wide value loader started | config_path=config/freight_jobs.yaml
2026-07-23 01:47:43 | INFO | src.jobs_xlsx.freight.get_freight_index_data | Loading Excel sheet | file=/Users/tommy/Desktop/Pycharm/FinancialData/data_lake/freight/china containerized freight index.xlsx | sheet=CCFI | exchange=SSE | country=China
2026-07-23 01:47:43 | INFO | src.jobs_xlsx.freight.get_freight_index_data | Excel sheet loaded | file=/Users/tommy/Desktop/Pycharm/FinancialData/data_lake/freight/china containerized freight index.xlsx | sheet=CCFI | rows=1264 | columns=17
2026-07-23 01:47:43 | INFO | src.jobs_xlsx.freight.get_freight_index_data | Loading Excel sheet | file=/Users/tommy/Desktop/Pycharm/FinancialData/data_lake/freight/china containerized freight index.xlsx | sheet=SCFI | exchange=SSE | country=China
2026-07-23 01:47:43 | INFO | src.jobs_xlsx.freight.get_freight_index_data | Excel sheet loaded | file=/Users/tommy/Desktop/Pycharm/FinancialData/data_lake/freight/china containerized freight index.xlsx | sheet=SCFI | rows=860 | columns=5
2026-07-23 01:47:43 | INFO | src.jobs_xlsx.freight.get_freight_index_data | Loading Excel sheet | file=/Users/tommy/Desktop/Pycharm/FinancialData/data_lake/freight/china containerized freight index.xlsx | sheet=SCFIS | exchange=SSE | country=China
2026-07-23 01:47:43 | INFO | src.jobs_xlsx.freight.get_freight_index_data | Excel sheet loaded | file=/Users/tommy/Desktop/Pycharm/FinancialData/data_lake/freight/china containerized freight index.xlsx | sheet=SCFIS | rows=34 | columns=6
2026-07-23 01:47:43 | INFO | src.jobs_xlsx.freight.get_freight_index_data | Loading Excel sheet | file=/Users/tommy/Desktop/Pycharm/FinancialData/data_lake/freight/china containerized freight index.xlsx | sheet=CBFI | exchange=SSE | country=China
2026-07-23 01:47:43 | INFO | src.jobs_xlsx.freight.get_freight_index_data | Excel sheet loaded | file=/Users/tommy/Desktop/Pycharm/FinancialData/data_lake/freight/china containerized freight index.xlsx | sheet=CBFI | rows=33 | columns=31
2026-07-23 01:47:43 | INFO | src.jobs_xlsx.freight.get_freight_index_data | Loading Excel sheet | file=/Users/tommy/Desktop/Pycharm/FinancialData/data_lake/freight/china containerized freight index.xlsx | sheet=CBCFI | exchange=SSE | country=China
2026-07-23 01:47:43 | INFO | src.jobs_xlsx.freight.get_freight_index_data | Excel sheet loaded | file=/Users/tommy/Desktop/Pycharm/FinancialData/data_lake/freight/china containerized freight index.xlsx | sheet=CBCFI | rows=154 | columns=5
2026-07-23 01:47:43 | INFO | src.jobs_xlsx.freight.get_freight_index_data | Loading Excel sheet | file=/Users/tommy/Desktop/Pycharm/FinancialData/data_lake/freight/china containerized freight index.xlsx | sheet=CBOFI | exchange=SSE | country=China
2026-07-23 01:47:43 | INFO | src.jobs_xlsx.freight.get_freight_index_data | Excel sheet loaded | file=/Users/tommy/Desktop/Pycharm/FinancialData/data_lake/freight/china containerized freight index.xlsx | sheet=CBOFI | rows=94 | columns=10
2026-07-23 01:47:43 | INFO | src.jobs_xlsx.freight.get_freight_index_data | Loading Excel sheet | file=/Users/tommy/Desktop/Pycharm/FinancialData/data_lake/freight/china containerized freight index.xlsx | sheet=CBGFI | exchange=SSE | country=China
2026-07-23 01:47:43 | INFO | src.jobs_xlsx.freight.get_freight_index_data | Excel sheet loaded | file=/Users/tommy/Desktop/Pycharm/FinancialData/data_lake/freight/china containerized freight index.xlsx | sheet=CBGFI | rows=32 | columns=8
2026-07-23 01:47:43 | INFO | src.jobs_xlsx.freight.get_freight_index_data | Loading Excel sheet | file=/Users/tommy/Desktop/Pycharm/FinancialData/data_lake/freight/china containerized freight index.xlsx | sheet=CDFI | exchange=SSE | country=China
2026-07-23 01:47:44 | INFO | src.jobs_xlsx.freight.get_freight_index_data | Excel sheet loaded | file=/Users/tommy/Desktop/Pycharm/FinancialData/data_lake/freight/china containerized freight index.xlsx | sheet=CDFI | rows=154 | columns=22
2026-07-23 01:47:44 | INFO | src.jobs_xlsx.freight.get_freight_index_data | Loading Excel sheet | file=/Users/tommy/Desktop/Pycharm/FinancialData/data_lake/freight/china containerized freight index.xlsx | sheet=FDI | exchange=SSE | country=China
2026-07-23 01:47:44 | INFO | src.jobs_xlsx.freight.get_freight_index_data | Excel sheet loaded | file=/Users/tommy/Desktop/Pycharm/FinancialData/data_lake/freight/china containerized freight index.xlsx | sheet=FDI | rows=154 | columns=30
2026-07-23 01:47:44 | INFO | src.jobs_xlsx.freight.get_freight_index_data | Loading Excel sheet | file=/Users/tommy/Desktop/Pycharm/FinancialData/data_lake/freight/china containerized freight index.xlsx | sheet=CTFI | exchange=SSE | country=China
2026-07-23 01:47:44 | INFO | src.jobs_xlsx.freight.get_freight_index_data | Excel sheet loaded | file=/Users/tommy/Desktop/Pycharm/FinancialData/data_lake/freight/china containerized freight index.xlsx | sheet=CTFI | rows=154 | columns=19
2026-07-23 01:47:44 | INFO | src.jobs_xlsx.freight.get_freight_index_data | Loading Excel sheet | file=/Users/tommy/Desktop/Pycharm/FinancialData/data_lake/freight/china containerized freight index.xlsx | sheet=CSI | exchange=SSE | country=China
2026-07-23 01:47:44 | INFO | src.jobs_xlsx.freight.get_freight_index_data | Excel sheet loaded | file=/Users/tommy/Desktop/Pycharm/FinancialData/data_lake/freight/china containerized freight index.xlsx | sheet=CSI | rows=9 | columns=107
2026-07-23 01:47:44 | INFO | src.jobs_xlsx.freight.get_freight_index_data | Loading Excel sheet | file=/Users/tommy/Desktop/Pycharm/FinancialData/data_lake/freight/china containerized freight index.xlsx | sheet=CICFI | exchange=SSE | country=China
2026-07-23 01:47:44 | INFO | src.jobs_xlsx.freight.get_freight_index_data | Excel sheet loaded | file=/Users/tommy/Desktop/Pycharm/FinancialData/data_lake/freight/china containerized freight index.xlsx | sheet=CICFI | rows=35 | columns=17
2026-07-23 01:47:44 | INFO | src.jobs_xlsx.freight.get_freight_index_data | Loading Excel sheet | file=/Users/tommy/Desktop/Pycharm/FinancialData/data_lake/freight/china containerized freight index.xlsx | sheet=SEAFI | exchange=SSE | country=China
2026-07-23 01:47:44 | INFO | src.jobs_xlsx.freight.get_freight_index_data | Excel sheet loaded | file=/Users/tommy/Desktop/Pycharm/FinancialData/data_lake/freight/china containerized freight index.xlsx | sheet=SEAFI | rows=33 | columns=5
2026-07-23 01:47:44 | INFO | src.jobs_xlsx.freight.get_freight_index_data | Loading Excel sheet | file=/Users/tommy/Desktop/Pycharm/FinancialData/data_lake/freight/china containerized freight index.xlsx | sheet=BRTVI | exchange=SSE | country=China
2026-07-23 01:47:44 | INFO | src.jobs_xlsx.freight.get_freight_index_data | Excel sheet loaded | file=/Users/tommy/Desktop/Pycharm/FinancialData/data_lake/freight/china containerized freight index.xlsx | sheet=BRTVI | rows=8 | columns=13
2026-07-23 01:47:44 | INFO | src.jobs_xlsx.freight.get_freight_index_data | Loading Excel sheet | file=/Users/tommy/Desktop/Pycharm/FinancialData/data_lake/freight/china containerized freight index.xlsx | sheet=BRCVI | exchange=SSE | country=China
2026-07-23 01:47:44 | INFO | src.jobs_xlsx.freight.get_freight_index_data | Excel sheet loaded | file=/Users/tommy/Desktop/Pycharm/FinancialData/data_lake/freight/china containerized freight index.xlsx | sheet=BRCVI | rows=8 | columns=21
2026-07-23 01:47:44 | INFO | src.jobs_xlsx.freight.get_freight_index_data | Loading Excel sheet | file=/Users/tommy/Desktop/Pycharm/FinancialData/data_lake/freight/china containerized freight index.xlsx | sheet=SRFI | exchange=SSE | country=China
2026-07-23 01:47:44 | INFO | src.jobs_xlsx.freight.get_freight_index_data | Excel sheet loaded | file=/Users/tommy/Desktop/Pycharm/FinancialData/data_lake/freight/china containerized freight index.xlsx | sheet=SRFI | rows=9 | columns=26
2026-07-23 01:47:44 | INFO | src.jobs_xlsx.freight.get_freight_index_data | Loading Excel sheet | file=/Users/tommy/Desktop/Pycharm/FinancialData/data_lake/freight/china containerized freight index.xlsx | sheet=TWFI | exchange=SSE | country=China
2026-07-23 01:47:44 | INFO | src.jobs_xlsx.freight.get_freight_index_data | Excel sheet loaded | file=/Users/tommy/Desktop/Pycharm/FinancialData/data_lake/freight/china containerized freight index.xlsx | sheet=TWFI | rows=34 | columns=13
2026-07-23 01:47:44 | INFO | src.jobs_xlsx.freight.get_freight_index_data | Loading Excel sheet | file=/Users/tommy/Desktop/Pycharm/FinancialData/data_lake/freight/GSCPI.xlsx | sheet=GSCPI | exchange=FED | country=United States
2026-07-23 01:47:44 | INFO | src.jobs_xlsx.freight.get_freight_index_data | Excel sheet loaded | file=/Users/tommy/Desktop/Pycharm/FinancialData/data_lake/freight/GSCPI.xlsx | sheet=GSCPI | rows=342 | columns=5
2026-07-23 01:47:44 | INFO | src.jobs_xlsx.freight.get_freight_index_data | Parquet saved | output_path=/Users/tommy/Desktop/Pycharm/FinancialData/data_warehouse/raw/freight/freights_index.parquet | rows=29096 | symbols=288
2026-07-23 15:06:13 | INFO | src.jobs_xlsx.freight.get_freight_index_data | Excel wide value loader started | config_path=config/freight_jobs.yaml
2026-07-23 15:06:13 | INFO | src.jobs_xlsx.freight.get_freight_index_data | Loading Excel sheet | file=C:\Users\krm\PycharmProjects\AlternativeData\data_lake\freight\china containerized freight index.xlsx | sheet=CCFI | exchange=SSE | country=China
2026-07-23 15:06:13 | INFO | src.jobs_xlsx.freight.get_freight_index_data | Excel sheet loaded | file=C:\Users\krm\PycharmProjects\AlternativeData\data_lake\freight\china containerized freight index.xlsx | sheet=CCFI | rows=1264 | columns=17
2026-07-23 15:06:13 | INFO | src.jobs_xlsx.freight.get_freight_index_data | Loading Excel sheet | file=C:\Users\krm\PycharmProjects\AlternativeData\data_lake\freight\china containerized freight index.xlsx | sheet=SCFI | exchange=SSE | country=China
2026-07-23 15:06:13 | INFO | src.jobs_xlsx.freight.get_freight_index_data | Excel sheet loaded | file=C:\Users\krm\PycharmProjects\AlternativeData\data_lake\freight\china containerized freight index.xlsx | sheet=SCFI | rows=860 | columns=5
2026-07-23 15:06:13 | INFO | src.jobs_xlsx.freight.get_freight_index_data | Loading Excel sheet | file=C:\Users\krm\PycharmProjects\AlternativeData\data_lake\freight\china containerized freight index.xlsx | sheet=SCFIS | exchange=SSE | country=China
2026-07-23 15:06:13 | INFO | src.jobs_xlsx.freight.get_freight_index_data | Excel sheet loaded | file=C:\Users\krm\PycharmProjects\AlternativeData\data_lake\freight\china containerized freight index.xlsx | sheet=SCFIS | rows=34 | columns=6
2026-07-23 15:06:13 | INFO | src.jobs_xlsx.freight.get_freight_index_data | Loading Excel sheet | file=C:\Users\krm\PycharmProjects\AlternativeData\data_lake\freight\china containerized freight index.xlsx | sheet=CBFI | exchange=SSE | country=China
2026-07-23 15:06:13 | INFO | src.jobs_xlsx.freight.get_freight_index_data | Excel sheet loaded | file=C:\Users\krm\PycharmProjects\AlternativeData\data_lake\freight\china containerized freight index.xlsx | sheet=CBFI | rows=33 | columns=31
2026-07-23 15:06:13 | INFO | src.jobs_xlsx.freight.get_freight_index_data | Loading Excel sheet | file=C:\Users\krm\PycharmProjects\AlternativeData\data_lake\freight\china containerized freight index.xlsx | sheet=CBCFI | exchange=SSE | country=China
2026-07-23 15:06:13 | INFO | src.jobs_xlsx.freight.get_freight_index_data | Excel sheet loaded | file=C:\Users\krm\PycharmProjects\AlternativeData\data_lake\freight\china containerized freight index.xlsx | sheet=CBCFI | rows=154 | columns=5
2026-07-23 15:06:13 | INFO | src.jobs_xlsx.freight.get_freight_index_data | Loading Excel sheet | file=C:\Users\krm\PycharmProjects\AlternativeData\data_lake\freight\china containerized freight index.xlsx | sheet=CBOFI | exchange=SSE | country=China
2026-07-23 15:06:13 | INFO | src.jobs_xlsx.freight.get_freight_index_data | Excel sheet loaded | file=C:\Users\krm\PycharmProjects\AlternativeData\data_lake\freight\china containerized freight index.xlsx | sheet=CBOFI | rows=94 | columns=10
2026-07-23 15:06:13 | INFO | src.jobs_xlsx.freight.get_freight_index_data | Loading Excel sheet | file=C:\Users\krm\PycharmProjects\AlternativeData\data_lake\freight\china containerized freight index.xlsx | sheet=CBGFI | exchange=SSE | country=China
2026-07-23 15:06:13 | INFO | src.jobs_xlsx.freight.get_freight_index_data | Excel sheet loaded | file=C:\Users\krm\PycharmProjects\AlternativeData\data_lake\freight\china containerized freight index.xlsx | sheet=CBGFI | rows=32 | columns=8
2026-07-23 15:06:13 | INFO | src.jobs_xlsx.freight.get_freight_index_data | Loading Excel sheet | file=C:\Users\krm\PycharmProjects\AlternativeData\data_lake\freight\china containerized freight index.xlsx | sheet=CDFI | exchange=SSE | country=China
2026-07-23 15:06:14 | INFO | src.jobs_xlsx.freight.get_freight_index_data | Excel sheet loaded | file=C:\Users\krm\PycharmProjects\AlternativeData\data_lake\freight\china containerized freight index.xlsx | sheet=CDFI | rows=154 | columns=22
2026-07-23 15:06:14 | INFO | src.jobs_xlsx.freight.get_freight_index_data | Loading Excel sheet | file=C:\Users\krm\PycharmProjects\AlternativeData\data_lake\freight\china containerized freight index.xlsx | sheet=FDI | exchange=SSE | country=China
2026-07-23 15:06:14 | INFO | src.jobs_xlsx.freight.get_freight_index_data | Excel sheet loaded | file=C:\Users\krm\PycharmProjects\AlternativeData\data_lake\freight\china containerized freight index.xlsx | sheet=FDI | rows=154 | columns=30
2026-07-23 15:06:14 | INFO | src.jobs_xlsx.freight.get_freight_index_data | Loading Excel sheet | file=C:\Users\krm\PycharmProjects\AlternativeData\data_lake\freight\china containerized freight index.xlsx | sheet=CTFI | exchange=SSE | country=China
2026-07-23 15:06:14 | INFO | src.jobs_xlsx.freight.get_freight_index_data | Excel sheet loaded | file=C:\Users\krm\PycharmProjects\AlternativeData\data_lake\freight\china containerized freight index.xlsx | sheet=CTFI | rows=154 | columns=19
2026-07-23 15:06:14 | INFO | src.jobs_xlsx.freight.get_freight_index_data | Loading Excel sheet | file=C:\Users\krm\PycharmProjects\AlternativeData\data_lake\freight\china containerized freight index.xlsx | sheet=CSI | exchange=SSE | country=China
2026-07-23 15:06:14 | INFO | src.jobs_xlsx.freight.get_freight_index_data | Excel sheet loaded | file=C:\Users\krm\PycharmProjects\AlternativeData\data_lake\freight\china containerized freight index.xlsx | sheet=CSI | rows=9 | columns=107
2026-07-23 15:06:14 | INFO | src.jobs_xlsx.freight.get_freight_index_data | Loading Excel sheet | file=C:\Users\krm\PycharmProjects\AlternativeData\data_lake\freight\china containerized freight index.xlsx | sheet=CICFI | exchange=SSE | country=China
2026-07-23 15:06:14 | INFO | src.jobs_xlsx.freight.get_freight_index_data | Excel sheet loaded | file=C:\Users\krm\PycharmProjects\AlternativeData\data_lake\freight\china containerized freight index.xlsx | sheet=CICFI | rows=35 | columns=17
2026-07-23 15:06:14 | INFO | src.jobs_xlsx.freight.get_freight_index_data | Loading Excel sheet | file=C:\Users\krm\PycharmProjects\AlternativeData\data_lake\freight\china containerized freight index.xlsx | sheet=SEAFI | exchange=SSE | country=China
2026-07-23 15:06:14 | INFO | src.jobs_xlsx.freight.get_freight_index_data | Excel sheet loaded | file=C:\Users\krm\PycharmProjects\AlternativeData\data_lake\freight\china containerized freight index.xlsx | sheet=SEAFI | rows=33 | columns=5
2026-07-23 15:06:14 | INFO | src.jobs_xlsx.freight.get_freight_index_data | Loading Excel sheet | file=C:\Users\krm\PycharmProjects\AlternativeData\data_lake\freight\china containerized freight index.xlsx | sheet=BRTVI | exchange=SSE | country=China
2026-07-23 15:06:14 | INFO | src.jobs_xlsx.freight.get_freight_index_data | Excel sheet loaded | file=C:\Users\krm\PycharmProjects\AlternativeData\data_lake\freight\china containerized freight index.xlsx | sheet=BRTVI | rows=8 | columns=13
2026-07-23 15:06:14 | INFO | src.jobs_xlsx.freight.get_freight_index_data | Loading Excel sheet | file=C:\Users\krm\PycharmProjects\AlternativeData\data_lake\freight\china containerized freight index.xlsx | sheet=BRCVI | exchange=SSE | country=China
2026-07-23 15:06:14 | INFO | src.jobs_xlsx.freight.get_freight_index_data | Excel sheet loaded | file=C:\Users\krm\PycharmProjects\AlternativeData\data_lake\freight\china containerized freight index.xlsx | sheet=BRCVI | rows=8 | columns=21
2026-07-23 15:06:14 | INFO | src.jobs_xlsx.freight.get_freight_index_data | Loading Excel sheet | file=C:\Users\krm\PycharmProjects\AlternativeData\data_lake\freight\china containerized freight index.xlsx | sheet=SRFI | exchange=SSE | country=China
2026-07-23 15:06:14 | INFO | src.jobs_xlsx.freight.get_freight_index_data | Excel sheet loaded | file=C:\Users\krm\PycharmProjects\AlternativeData\data_lake\freight\china containerized freight index.xlsx | sheet=SRFI | rows=9 | columns=26
2026-07-23 15:06:14 | INFO | src.jobs_xlsx.freight.get_freight_index_data | Loading Excel sheet | file=C:\Users\krm\PycharmProjects\AlternativeData\data_lake\freight\china containerized freight index.xlsx | sheet=TWFI | exchange=SSE | country=China
2026-07-23 15:06:14 | INFO | src.jobs_xlsx.freight.get_freight_index_data | Excel sheet loaded | file=C:\Users\krm\PycharmProjects\AlternativeData\data_lake\freight\china containerized freight index.xlsx | sheet=TWFI | rows=34 | columns=13
2026-07-23 15:06:14 | INFO | src.jobs_xlsx.freight.get_freight_index_data | Loading Excel sheet | file=C:\Users\krm\PycharmProjects\AlternativeData\data_lake\freight\GSCPI.xlsx | sheet=GSCPI | exchange=FED | country=United States
2026-07-23 15:06:14 | INFO | src.jobs_xlsx.freight.get_freight_index_data | Excel sheet loaded | file=C:\Users\krm\PycharmProjects\AlternativeData\data_lake\freight\GSCPI.xlsx | sheet=GSCPI | rows=342 | columns=5
2026-07-23 15:06:14 | INFO | src.jobs_xlsx.freight.get_freight_index_data | Parquet saved | output_path=C:\Users\krm\PycharmProjects\AlternativeData\data_warehouse\raw\freight\freights_index.parquet | rows=29096 | symbols=288
2026-07-24 09:14:39 | INFO | src.jobs_xlsx.freight.get_freight_index_data | Excel wide value loader started | config_path=config/freight_jobs.yaml
2026-07-24 09:14:39 | INFO | src.jobs_xlsx.freight.get_freight_index_data | Loading Excel sheet | file=C:\Users\krm\PycharmProjects\AlternativeData\data_lake\freight\china containerized freight index.xlsx | sheet=CCFI | exchange=SSE | country=China
2026-07-24 09:14:39 | INFO | src.jobs_xlsx.freight.get_freight_index_data | Excel sheet loaded | file=C:\Users\krm\PycharmProjects\AlternativeData\data_lake\freight\china containerized freight index.xlsx | sheet=CCFI | rows=1264 | columns=17
2026-07-24 09:14:39 | INFO | src.jobs_xlsx.freight.get_freight_index_data | Loading Excel sheet | file=C:\Users\krm\PycharmProjects\AlternativeData\data_lake\freight\china containerized freight index.xlsx | sheet=SCFI | exchange=SSE | country=China
2026-07-24 09:14:39 | INFO | src.jobs_xlsx.freight.get_freight_index_data | Excel sheet loaded | file=C:\Users\krm\PycharmProjects\AlternativeData\data_lake\freight\china containerized freight index.xlsx | sheet=SCFI | rows=860 | columns=5
2026-07-24 09:14:39 | INFO | src.jobs_xlsx.freight.get_freight_index_data | Loading Excel sheet | file=C:\Users\krm\PycharmProjects\AlternativeData\data_lake\freight\china containerized freight index.xlsx | sheet=SCFIS | exchange=SSE | country=China
2026-07-24 09:14:39 | INFO | src.jobs_xlsx.freight.get_freight_index_data | Excel sheet loaded | file=C:\Users\krm\PycharmProjects\AlternativeData\data_lake\freight\china containerized freight index.xlsx | sheet=SCFIS | rows=34 | columns=6
2026-07-24 09:14:39 | INFO | src.jobs_xlsx.freight.get_freight_index_data | Loading Excel sheet | file=C:\Users\krm\PycharmProjects\AlternativeData\data_lake\freight\china containerized freight index.xlsx | sheet=CBFI | exchange=SSE | country=China
2026-07-24 09:14:39 | INFO | src.jobs_xlsx.freight.get_freight_index_data | Excel sheet loaded | file=C:\Users\krm\PycharmProjects\AlternativeData\data_lake\freight\china containerized freight index.xlsx | sheet=CBFI | rows=33 | columns=31
2026-07-24 09:14:39 | INFO | src.jobs_xlsx.freight.get_freight_index_data | Loading Excel sheet | file=C:\Users\krm\PycharmProjects\AlternativeData\data_lake\freight\china containerized freight index.xlsx | sheet=CBCFI | exchange=SSE | country=China
2026-07-24 09:14:39 | INFO | src.jobs_xlsx.freight.get_freight_index_data | Excel sheet loaded | file=C:\Users\krm\PycharmProjects\AlternativeData\data_lake\freight\china containerized freight index.xlsx | sheet=CBCFI | rows=154 | columns=5
2026-07-24 09:14:39 | INFO | src.jobs_xlsx.freight.get_freight_index_data | Loading Excel sheet | file=C:\Users\krm\PycharmProjects\AlternativeData\data_lake\freight\china containerized freight index.xlsx | sheet=CBOFI | exchange=SSE | country=China
2026-07-24 09:14:39 | INFO | src.jobs_xlsx.freight.get_freight_index_data | Excel sheet loaded | file=C:\Users\krm\PycharmProjects\AlternativeData\data_lake\freight\china containerized freight index.xlsx | sheet=CBOFI | rows=94 | columns=10
2026-07-24 09:14:39 | INFO | src.jobs_xlsx.freight.get_freight_index_data | Loading Excel sheet | file=C:\Users\krm\PycharmProjects\AlternativeData\data_lake\freight\china containerized freight index.xlsx | sheet=CBGFI | exchange=SSE | country=China
2026-07-24 09:14:39 | INFO | src.jobs_xlsx.freight.get_freight_index_data | Excel sheet loaded | file=C:\Users\krm\PycharmProjects\AlternativeData\data_lake\freight\china containerized freight index.xlsx | sheet=CBGFI | rows=32 | columns=8
2026-07-24 09:14:39 | INFO | src.jobs_xlsx.freight.get_freight_index_data | Loading Excel sheet | file=C:\Users\krm\PycharmProjects\AlternativeData\data_lake\freight\china containerized freight index.xlsx | sheet=CDFI | exchange=SSE | country=China
2026-07-24 09:14:39 | INFO | src.jobs_xlsx.freight.get_freight_index_data | Excel sheet loaded | file=C:\Users\krm\PycharmProjects\AlternativeData\data_lake\freight\china containerized freight index.xlsx | sheet=CDFI | rows=154 | columns=22
2026-07-24 09:14:39 | INFO | src.jobs_xlsx.freight.get_freight_index_data | Loading Excel sheet | file=C:\Users\krm\PycharmProjects\AlternativeData\data_lake\freight\china containerized freight index.xlsx | sheet=FDI | exchange=SSE | country=China
2026-07-24 09:14:39 | INFO | src.jobs_xlsx.freight.get_freight_index_data | Excel sheet loaded | file=C:\Users\krm\PycharmProjects\AlternativeData\data_lake\freight\china containerized freight index.xlsx | sheet=FDI | rows=154 | columns=30
2026-07-24 09:14:39 | INFO | src.jobs_xlsx.freight.get_freight_index_data | Loading Excel sheet | file=C:\Users\krm\PycharmProjects\AlternativeData\data_lake\freight\china containerized freight index.xlsx | sheet=CTFI | exchange=SSE | country=China
2026-07-24 09:14:39 | INFO | src.jobs_xlsx.freight.get_freight_index_data | Excel sheet loaded | file=C:\Users\krm\PycharmProjects\AlternativeData\data_lake\freight\china containerized freight index.xlsx | sheet=CTFI | rows=154 | columns=19
2026-07-24 09:14:39 | INFO | src.jobs_xlsx.freight.get_freight_index_data | Loading Excel sheet | file=C:\Users\krm\PycharmProjects\AlternativeData\data_lake\freight\china containerized freight index.xlsx | sheet=CSI | exchange=SSE | country=China
2026-07-24 09:14:39 | INFO | src.jobs_xlsx.freight.get_freight_index_data | Excel sheet loaded | file=C:\Users\krm\PycharmProjects\AlternativeData\data_lake\freight\china containerized freight index.xlsx | sheet=CSI | rows=9 | columns=107
2026-07-24 09:14:39 | INFO | src.jobs_xlsx.freight.get_freight_index_data | Loading Excel sheet | file=C:\Users\krm\PycharmProjects\AlternativeData\data_lake\freight\china containerized freight index.xlsx | sheet=CICFI | exchange=SSE | country=China
2026-07-24 09:14:39 | INFO | src.jobs_xlsx.freight.get_freight_index_data | Excel sheet loaded | file=C:\Users\krm\PycharmProjects\AlternativeData\data_lake\freight\china containerized freight index.xlsx | sheet=CICFI | rows=35 | columns=17
2026-07-24 09:14:40 | INFO | src.jobs_xlsx.freight.get_freight_index_data | Loading Excel sheet | file=C:\Users\krm\PycharmProjects\AlternativeData\data_lake\freight\china containerized freight index.xlsx | sheet=SEAFI | exchange=SSE | country=China
2026-07-24 09:14:40 | INFO | src.jobs_xlsx.freight.get_freight_index_data | Excel sheet loaded | file=C:\Users\krm\PycharmProjects\AlternativeData\data_lake\freight\china containerized freight index.xlsx | sheet=SEAFI | rows=33 | columns=5
2026-07-24 09:14:40 | INFO | src.jobs_xlsx.freight.get_freight_index_data | Loading Excel sheet | file=C:\Users\krm\PycharmProjects\AlternativeData\data_lake\freight\china containerized freight index.xlsx | sheet=BRTVI | exchange=SSE | country=China
2026-07-24 09:14:40 | INFO | src.jobs_xlsx.freight.get_freight_index_data | Excel sheet loaded | file=C:\Users\krm\PycharmProjects\AlternativeData\data_lake\freight\china containerized freight index.xlsx | sheet=BRTVI | rows=8 | columns=13
2026-07-24 09:14:40 | INFO | src.jobs_xlsx.freight.get_freight_index_data | Loading Excel sheet | file=C:\Users\krm\PycharmProjects\AlternativeData\data_lake\freight\china containerized freight index.xlsx | sheet=BRCVI | exchange=SSE | country=China
2026-07-24 09:14:40 | INFO | src.jobs_xlsx.freight.get_freight_index_data | Excel sheet loaded | file=C:\Users\krm\PycharmProjects\AlternativeData\data_lake\freight\china containerized freight index.xlsx | sheet=BRCVI | rows=8 | columns=21
2026-07-24 09:14:40 | INFO | src.jobs_xlsx.freight.get_freight_index_data | Loading Excel sheet | file=C:\Users\krm\PycharmProjects\AlternativeData\data_lake\freight\china containerized freight index.xlsx | sheet=SRFI | exchange=SSE | country=China
2026-07-24 09:14:40 | INFO | src.jobs_xlsx.freight.get_freight_index_data | Excel sheet loaded | file=C:\Users\krm\PycharmProjects\AlternativeData\data_lake\freight\china containerized freight index.xlsx | sheet=SRFI | rows=9 | columns=26
2026-07-24 09:14:40 | INFO | src.jobs_xlsx.freight.get_freight_index_data | Loading Excel sheet | file=C:\Users\krm\PycharmProjects\AlternativeData\data_lake\freight\china containerized freight index.xlsx | sheet=TWFI | exchange=SSE | country=China
2026-07-24 09:14:40 | INFO | src.jobs_xlsx.freight.get_freight_index_data | Excel sheet loaded | file=C:\Users\krm\PycharmProjects\AlternativeData\data_lake\freight\china containerized freight index.xlsx | sheet=TWFI | rows=34 | columns=13
2026-07-24 09:14:40 | INFO | src.jobs_xlsx.freight.get_freight_index_data | Loading Excel sheet | file=C:\Users\krm\PycharmProjects\AlternativeData\data_lake\freight\GSCPI.xlsx | sheet=GSCPI | exchange=FED | country=United States
2026-07-24 09:14:40 | INFO | src.jobs_xlsx.freight.get_freight_index_data | Excel sheet loaded | file=C:\Users\krm\PycharmProjects\AlternativeData\data_lake\freight\GSCPI.xlsx | sheet=GSCPI | rows=342 | columns=5
2026-07-24 09:14:40 | INFO | src.jobs_xlsx.freight.get_freight_index_data | Parquet saved | output_path=C:\Users\krm\PycharmProjects\AlternativeData\data_warehouse\raw\freight\freights_index.parquet | rows=29096 | symbols=288
2026-07-29 10:59:14 | INFO | src.jobs_xlsx.freight.get_freight_index_data | Excel wide value loader started | config_path=config/freight_jobs.yaml
2026-07-29 10:59:14 | INFO | src.jobs_xlsx.freight.get_freight_index_data | Loading Excel sheet | file=C:\Users\krm\PycharmProjects\AlternativeData\data_lake\freight\china containerized freight index.xlsx | sheet=CCFI | exchange=SSE | country=China
2026-07-29 10:59:14 | INFO | src.jobs_xlsx.freight.get_freight_index_data | Excel sheet loaded | file=C:\Users\krm\PycharmProjects\AlternativeData\data_lake\freight\china containerized freight index.xlsx | sheet=CCFI | rows=1265 | columns=17
2026-07-29 10:59:14 | INFO | src.jobs_xlsx.freight.get_freight_index_data | Loading Excel sheet | file=C:\Users\krm\PycharmProjects\AlternativeData\data_lake\freight\china containerized freight index.xlsx | sheet=SCFI | exchange=SSE | country=China
2026-07-29 10:59:15 | INFO | src.jobs_xlsx.freight.get_freight_index_data | Excel sheet loaded | file=C:\Users\krm\PycharmProjects\AlternativeData\data_lake\freight\china containerized freight index.xlsx | sheet=SCFI | rows=861 | columns=5
2026-07-29 10:59:15 | INFO | src.jobs_xlsx.freight.get_freight_index_data | Loading Excel sheet | file=C:\Users\krm\PycharmProjects\AlternativeData\data_lake\freight\china containerized freight index.xlsx | sheet=SCFIS | exchange=SSE | country=China
2026-07-29 10:59:15 | INFO | src.jobs_xlsx.freight.get_freight_index_data | Excel sheet loaded | file=C:\Users\krm\PycharmProjects\AlternativeData\data_lake\freight\china containerized freight index.xlsx | sheet=SCFIS | rows=35 | columns=6
2026-07-29 10:59:15 | INFO | src.jobs_xlsx.freight.get_freight_index_data | Loading Excel sheet | file=C:\Users\krm\PycharmProjects\AlternativeData\data_lake\freight\china containerized freight index.xlsx | sheet=CBFI | exchange=SSE | country=China
2026-07-29 10:59:15 | INFO | src.jobs_xlsx.freight.get_freight_index_data | Excel sheet loaded | file=C:\Users\krm\PycharmProjects\AlternativeData\data_lake\freight\china containerized freight index.xlsx | sheet=CBFI | rows=34 | columns=31
2026-07-29 10:59:15 | INFO | src.jobs_xlsx.freight.get_freight_index_data | Loading Excel sheet | file=C:\Users\krm\PycharmProjects\AlternativeData\data_lake\freight\china containerized freight index.xlsx | sheet=CBCFI | exchange=SSE | country=China
2026-07-29 10:59:15 | INFO | src.jobs_xlsx.freight.get_freight_index_data | Excel sheet loaded | file=C:\Users\krm\PycharmProjects\AlternativeData\data_lake\freight\china containerized freight index.xlsx | sheet=CBCFI | rows=158 | columns=5
2026-07-29 10:59:15 | INFO | src.jobs_xlsx.freight.get_freight_index_data | Loading Excel sheet | file=C:\Users\krm\PycharmProjects\AlternativeData\data_lake\freight\china containerized freight index.xlsx | sheet=CBOFI | exchange=SSE | country=China
2026-07-29 10:59:15 | INFO | src.jobs_xlsx.freight.get_freight_index_data | Excel sheet loaded | file=C:\Users\krm\PycharmProjects\AlternativeData\data_lake\freight\china containerized freight index.xlsx | sheet=CBOFI | rows=96 | columns=10
2026-07-29 10:59:15 | INFO | src.jobs_xlsx.freight.get_freight_index_data | Loading Excel sheet | file=C:\Users\krm\PycharmProjects\AlternativeData\data_lake\freight\china containerized freight index.xlsx | sheet=CBGFI | exchange=SSE | country=China
2026-07-29 10:59:15 | INFO | src.jobs_xlsx.freight.get_freight_index_data | Excel sheet loaded | file=C:\Users\krm\PycharmProjects\AlternativeData\data_lake\freight\china containerized freight index.xlsx | sheet=CBGFI | rows=33 | columns=8
2026-07-29 10:59:15 | INFO | src.jobs_xlsx.freight.get_freight_index_data | Loading Excel sheet | file=C:\Users\krm\PycharmProjects\AlternativeData\data_lake\freight\china containerized freight index.xlsx | sheet=CDFI | exchange=SSE | country=China
2026-07-29 10:59:15 | INFO | src.jobs_xlsx.freight.get_freight_index_data | Excel sheet loaded | file=C:\Users\krm\PycharmProjects\AlternativeData\data_lake\freight\china containerized freight index.xlsx | sheet=CDFI | rows=158 | columns=22
2026-07-29 10:59:15 | INFO | src.jobs_xlsx.freight.get_freight_index_data | Loading Excel sheet | file=C:\Users\krm\PycharmProjects\AlternativeData\data_lake\freight\china containerized freight index.xlsx | sheet=FDI | exchange=SSE | country=China
2026-07-29 10:59:15 | INFO | src.jobs_xlsx.freight.get_freight_index_data | Excel sheet loaded | file=C:\Users\krm\PycharmProjects\AlternativeData\data_lake\freight\china containerized freight index.xlsx | sheet=FDI | rows=158 | columns=30
2026-07-29 10:59:15 | INFO | src.jobs_xlsx.freight.get_freight_index_data | Loading Excel sheet | file=C:\Users\krm\PycharmProjects\AlternativeData\data_lake\freight\china containerized freight index.xlsx | sheet=CTFI | exchange=SSE | country=China
2026-07-29 10:59:15 | INFO | src.jobs_xlsx.freight.get_freight_index_data | Excel sheet loaded | file=C:\Users\krm\PycharmProjects\AlternativeData\data_lake\freight\china containerized freight index.xlsx | sheet=CTFI | rows=158 | columns=19
2026-07-29 10:59:15 | INFO | src.jobs_xlsx.freight.get_freight_index_data | Loading Excel sheet | file=C:\Users\krm\PycharmProjects\AlternativeData\data_lake\freight\china containerized freight index.xlsx | sheet=CSI | exchange=SSE | country=China
2026-07-29 10:59:15 | INFO | src.jobs_xlsx.freight.get_freight_index_data | Excel sheet loaded | file=C:\Users\krm\PycharmProjects\AlternativeData\data_lake\freight\china containerized freight index.xlsx | sheet=CSI | rows=9 | columns=107
2026-07-29 10:59:15 | INFO | src.jobs_xlsx.freight.get_freight_index_data | Loading Excel sheet | file=C:\Users\krm\PycharmProjects\AlternativeData\data_lake\freight\china containerized freight index.xlsx | sheet=CICFI | exchange=SSE | country=China
2026-07-29 10:59:15 | INFO | src.jobs_xlsx.freight.get_freight_index_data | Excel sheet loaded | file=C:\Users\krm\PycharmProjects\AlternativeData\data_lake\freight\china containerized freight index.xlsx | sheet=CICFI | rows=35 | columns=17
2026-07-29 10:59:15 | INFO | src.jobs_xlsx.freight.get_freight_index_data | Loading Excel sheet | file=C:\Users\krm\PycharmProjects\AlternativeData\data_lake\freight\china containerized freight index.xlsx | sheet=SEAFI | exchange=SSE | country=China
2026-07-29 10:59:15 | INFO | src.jobs_xlsx.freight.get_freight_index_data | Excel sheet loaded | file=C:\Users\krm\PycharmProjects\AlternativeData\data_lake\freight\china containerized freight index.xlsx | sheet=SEAFI | rows=34 | columns=5
2026-07-29 10:59:15 | INFO | src.jobs_xlsx.freight.get_freight_index_data | Loading Excel sheet | file=C:\Users\krm\PycharmProjects\AlternativeData\data_lake\freight\china containerized freight index.xlsx | sheet=BRTVI | exchange=SSE | country=China
2026-07-29 10:59:15 | INFO | src.jobs_xlsx.freight.get_freight_index_data | Excel sheet loaded | file=C:\Users\krm\PycharmProjects\AlternativeData\data_lake\freight\china containerized freight index.xlsx | sheet=BRTVI | rows=8 | columns=13
2026-07-29 10:59:15 | INFO | src.jobs_xlsx.freight.get_freight_index_data | Loading Excel sheet | file=C:\Users\krm\PycharmProjects\AlternativeData\data_lake\freight\china containerized freight index.xlsx | sheet=BRCVI | exchange=SSE | country=China
2026-07-29 10:59:15 | INFO | src.jobs_xlsx.freight.get_freight_index_data | Excel sheet loaded | file=C:\Users\krm\PycharmProjects\AlternativeData\data_lake\freight\china containerized freight index.xlsx | sheet=BRCVI | rows=8 | columns=21
2026-07-29 10:59:15 | INFO | src.jobs_xlsx.freight.get_freight_index_data | Loading Excel sheet | file=C:\Users\krm\PycharmProjects\AlternativeData\data_lake\freight\china containerized freight index.xlsx | sheet=SRFI | exchange=SSE | country=China
2026-07-29 10:59:15 | INFO | src.jobs_xlsx.freight.get_freight_index_data | Excel sheet loaded | file=C:\Users\krm\PycharmProjects\AlternativeData\data_lake\freight\china containerized freight index.xlsx | sheet=SRFI | rows=9 | columns=26
2026-07-29 10:59:15 | INFO | src.jobs_xlsx.freight.get_freight_index_data | Loading Excel sheet | file=C:\Users\krm\PycharmProjects\AlternativeData\data_lake\freight\china containerized freight index.xlsx | sheet=TWFI | exchange=SSE | country=China
2026-07-29 10:59:15 | INFO | src.jobs_xlsx.freight.get_freight_index_data | Excel sheet loaded | file=C:\Users\krm\PycharmProjects\AlternativeData\data_lake\freight\china containerized freight index.xlsx | sheet=TWFI | rows=34 | columns=13
2026-07-29 10:59:15 | INFO | src.jobs_xlsx.freight.get_freight_index_data | Loading Excel sheet | file=C:\Users\krm\PycharmProjects\AlternativeData\data_lake\freight\GSCPI.xlsx | sheet=GSCPI | exchange=FED | country=United States
2026-07-29 10:59:15 | INFO | src.jobs_xlsx.freight.get_freight_index_data | Excel sheet loaded | file=C:\Users\krm\PycharmProjects\AlternativeData\data_lake\freight\GSCPI.xlsx | sheet=GSCPI | rows=342 | columns=5
2026-07-29 10:59:15 | INFO | src.jobs_xlsx.freight.get_freight_index_data | Parquet saved | output_path=C:\Users\krm\PycharmProjects\AlternativeData\data_warehouse\raw\freight\freights_index.parquet | rows=29396 | symbols=288
2026-07-31 17:20:31 | INFO | src.jobs_xlsx.freight.get_freight_index_data | Excel wide value loader started | config_path=config/freight_jobs.yaml
2026-07-31 17:20:31 | INFO | src.jobs_xlsx.freight.get_freight_index_data | Loading Excel sheet | file=C:\Users\krm\PycharmProjects\AlternativeData\data_lake\freight\china containerized freight index.xlsx | sheet=CCFI | exchange=SSE | country=China
2026-07-31 17:20:31 | INFO | src.jobs_xlsx.freight.get_freight_index_data | Excel sheet loaded | file=C:\Users\krm\PycharmProjects\AlternativeData\data_lake\freight\china containerized freight index.xlsx | sheet=CCFI | rows=1265 | columns=17
2026-07-31 17:20:31 | INFO | src.jobs_xlsx.freight.get_freight_index_data | Loading Excel sheet | file=C:\Users\krm\PycharmProjects\AlternativeData\data_lake\freight\china containerized freight index.xlsx | sheet=SCFI | exchange=SSE | country=China
2026-07-31 17:20:31 | INFO | src.jobs_xlsx.freight.get_freight_index_data | Excel sheet loaded | file=C:\Users\krm\PycharmProjects\AlternativeData\data_lake\freight\china containerized freight index.xlsx | sheet=SCFI | rows=861 | columns=5
2026-07-31 17:20:31 | INFO | src.jobs_xlsx.freight.get_freight_index_data | Loading Excel sheet | file=C:\Users\krm\PycharmProjects\AlternativeData\data_lake\freight\china containerized freight index.xlsx | sheet=SCFIS | exchange=SSE | country=China
2026-07-31 17:20:32 | INFO | src.jobs_xlsx.freight.get_freight_index_data | Excel sheet loaded | file=C:\Users\krm\PycharmProjects\AlternativeData\data_lake\freight\china containerized freight index.xlsx | sheet=SCFIS | rows=35 | columns=6
2026-07-31 17:20:32 | INFO | src.jobs_xlsx.freight.get_freight_index_data | Loading Excel sheet | file=C:\Users\krm\PycharmProjects\AlternativeData\data_lake\freight\china containerized freight index.xlsx | sheet=CBFI | exchange=SSE | country=China
2026-07-31 17:20:32 | INFO | src.jobs_xlsx.freight.get_freight_index_data | Excel sheet loaded | file=C:\Users\krm\PycharmProjects\AlternativeData\data_lake\freight\china containerized freight index.xlsx | sheet=CBFI | rows=34 | columns=31
2026-07-31 17:20:32 | INFO | src.jobs_xlsx.freight.get_freight_index_data | Loading Excel sheet | file=C:\Users\krm\PycharmProjects\AlternativeData\data_lake\freight\china containerized freight index.xlsx | sheet=CBCFI | exchange=SSE | country=China
2026-07-31 17:20:32 | INFO | src.jobs_xlsx.freight.get_freight_index_data | Excel sheet loaded | file=C:\Users\krm\PycharmProjects\AlternativeData\data_lake\freight\china containerized freight index.xlsx | sheet=CBCFI | rows=160 | columns=5
2026-07-31 17:20:32 | INFO | src.jobs_xlsx.freight.get_freight_index_data | Loading Excel sheet | file=C:\Users\krm\PycharmProjects\AlternativeData\data_lake\freight\china containerized freight index.xlsx | sheet=CBOFI | exchange=SSE | country=China
2026-07-31 17:20:32 | INFO | src.jobs_xlsx.freight.get_freight_index_data | Excel sheet loaded | file=C:\Users\krm\PycharmProjects\AlternativeData\data_lake\freight\china containerized freight index.xlsx | sheet=CBOFI | rows=97 | columns=10
2026-07-31 17:20:32 | INFO | src.jobs_xlsx.freight.get_freight_index_data | Loading Excel sheet | file=C:\Users\krm\PycharmProjects\AlternativeData\data_lake\freight\china containerized freight index.xlsx | sheet=CBGFI | exchange=SSE | country=China
2026-07-31 17:20:32 | INFO | src.jobs_xlsx.freight.get_freight_index_data | Excel sheet loaded | file=C:\Users\krm\PycharmProjects\AlternativeData\data_lake\freight\china containerized freight index.xlsx | sheet=CBGFI | rows=33 | columns=8
2026-07-31 17:20:32 | INFO | src.jobs_xlsx.freight.get_freight_index_data | Loading Excel sheet | file=C:\Users\krm\PycharmProjects\AlternativeData\data_lake\freight\china containerized freight index.xlsx | sheet=CDFI | exchange=SSE | country=China
2026-07-31 17:20:32 | INFO | src.jobs_xlsx.freight.get_freight_index_data | Excel sheet loaded | file=C:\Users\krm\PycharmProjects\AlternativeData\data_lake\freight\china containerized freight index.xlsx | sheet=CDFI | rows=160 | columns=22
2026-07-31 17:20:32 | INFO | src.jobs_xlsx.freight.get_freight_index_data | Loading Excel sheet | file=C:\Users\krm\PycharmProjects\AlternativeData\data_lake\freight\china containerized freight index.xlsx | sheet=FDI | exchange=SSE | country=China
2026-07-31 17:20:32 | INFO | src.jobs_xlsx.freight.get_freight_index_data | Excel sheet loaded | file=C:\Users\krm\PycharmProjects\AlternativeData\data_lake\freight\china containerized freight index.xlsx | sheet=FDI | rows=160 | columns=30
2026-07-31 17:20:32 | INFO | src.jobs_xlsx.freight.get_freight_index_data | Loading Excel sheet | file=C:\Users\krm\PycharmProjects\AlternativeData\data_lake\freight\china containerized freight index.xlsx | sheet=CTFI | exchange=SSE | country=China
2026-07-31 17:20:32 | INFO | src.jobs_xlsx.freight.get_freight_index_data | Excel sheet loaded | file=C:\Users\krm\PycharmProjects\AlternativeData\data_lake\freight\china containerized freight index.xlsx | sheet=CTFI | rows=160 | columns=19
2026-07-31 17:20:32 | INFO | src.jobs_xlsx.freight.get_freight_index_data | Loading Excel sheet | file=C:\Users\krm\PycharmProjects\AlternativeData\data_lake\freight\china containerized freight index.xlsx | sheet=CSI | exchange=SSE | country=China
2026-07-31 17:20:32 | INFO | src.jobs_xlsx.freight.get_freight_index_data | Excel sheet loaded | file=C:\Users\krm\PycharmProjects\AlternativeData\data_lake\freight\china containerized freight index.xlsx | sheet=CSI | rows=9 | columns=107
2026-07-31 17:20:32 | INFO | src.jobs_xlsx.freight.get_freight_index_data | Loading Excel sheet | file=C:\Users\krm\PycharmProjects\AlternativeData\data_lake\freight\china containerized freight index.xlsx | sheet=CICFI | exchange=SSE | country=China
2026-07-31 17:20:32 | INFO | src.jobs_xlsx.freight.get_freight_index_data | Excel sheet loaded | file=C:\Users\krm\PycharmProjects\AlternativeData\data_lake\freight\china containerized freight index.xlsx | sheet=CICFI | rows=36 | columns=17
2026-07-31 17:20:32 | INFO | src.jobs_xlsx.freight.get_freight_index_data | Loading Excel sheet | file=C:\Users\krm\PycharmProjects\AlternativeData\data_lake\freight\china containerized freight index.xlsx | sheet=SEAFI | exchange=SSE | country=China
2026-07-31 17:20:32 | INFO | src.jobs_xlsx.freight.get_freight_index_data | Excel sheet loaded | file=C:\Users\krm\PycharmProjects\AlternativeData\data_lake\freight\china containerized freight index.xlsx | sheet=SEAFI | rows=34 | columns=5
2026-07-31 17:20:32 | INFO | src.jobs_xlsx.freight.get_freight_index_data | Loading Excel sheet | file=C:\Users\krm\PycharmProjects\AlternativeData\data_lake\freight\china containerized freight index.xlsx | sheet=BRTVI | exchange=SSE | country=China
2026-07-31 17:20:32 | INFO | src.jobs_xlsx.freight.get_freight_index_data | Excel sheet loaded | file=C:\Users\krm\PycharmProjects\AlternativeData\data_lake\freight\china containerized freight index.xlsx | sheet=BRTVI | rows=8 | columns=13
2026-07-31 17:20:32 | INFO | src.jobs_xlsx.freight.get_freight_index_data | Loading Excel sheet | file=C:\Users\krm\PycharmProjects\AlternativeData\data_lake\freight\china containerized freight index.xlsx | sheet=BRCVI | exchange=SSE | country=China
2026-07-31 17:20:32 | INFO | src.jobs_xlsx.freight.get_freight_index_data | Excel sheet loaded | file=C:\Users\krm\PycharmProjects\AlternativeData\data_lake\freight\china containerized freight index.xlsx | sheet=BRCVI | rows=8 | columns=21
2026-07-31 17:20:32 | INFO | src.jobs_xlsx.freight.get_freight_index_data | Loading Excel sheet | file=C:\Users\krm\PycharmProjects\AlternativeData\data_lake\freight\china containerized freight index.xlsx | sheet=SRFI | exchange=SSE | country=China
2026-07-31 17:20:32 | INFO | src.jobs_xlsx.freight.get_freight_index_data | Excel sheet loaded | file=C:\Users\krm\PycharmProjects\AlternativeData\data_lake\freight\china containerized freight index.xlsx | sheet=SRFI | rows=9 | columns=26
2026-07-31 17:20:33 | INFO | src.jobs_xlsx.freight.get_freight_index_data | Loading Excel sheet | file=C:\Users\krm\PycharmProjects\AlternativeData\data_lake\freight\china containerized freight index.xlsx | sheet=TWFI | exchange=SSE | country=China
2026-07-31 17:20:33 | INFO | src.jobs_xlsx.freight.get_freight_index_data | Excel sheet loaded | file=C:\Users\krm\PycharmProjects\AlternativeData\data_lake\freight\china containerized freight index.xlsx | sheet=TWFI | rows=34 | columns=13
2026-07-31 17:20:33 | INFO | src.jobs_xlsx.freight.get_freight_index_data | Loading Excel sheet | file=C:\Users\krm\PycharmProjects\AlternativeData\data_lake\freight\GSCPI.xlsx | sheet=GSCPI | exchange=FED | country=United States
2026-07-31 17:20:33 | INFO | src.jobs_xlsx.freight.get_freight_index_data | Excel sheet loaded | file=C:\Users\krm\PycharmProjects\AlternativeData\data_lake\freight\GSCPI.xlsx | sheet=GSCPI | rows=342 | columns=5
2026-07-31 17:20:33 | INFO | src.jobs_xlsx.freight.get_freight_index_data | Parquet saved | output_path=C:\Users\krm\PycharmProjects\AlternativeData\data_warehouse\raw\freight\freights_index.parquet | rows=29535 | symbols=288
2026-08-05 18:11:00 | INFO | src.jobs_xlsx.freight.get_freight_index_data | Excel wide value loader started | config_path=config/freight_jobs.yaml
2026-08-05 18:11:00 | INFO | src.jobs_xlsx.freight.get_freight_index_data | Loading Excel sheet | file=C:\Users\krm\PycharmProjects\AlternativeData\data_lake\freight\china containerized freight index.xlsx | sheet=CCFI | exchange=SSE | country=China
2026-08-05 18:11:00 | INFO | src.jobs_xlsx.freight.get_freight_index_data | Excel sheet loaded | file=C:\Users\krm\PycharmProjects\AlternativeData\data_lake\freight\china containerized freight index.xlsx | sheet=CCFI | rows=1266 | columns=17
2026-08-05 18:11:00 | INFO | src.jobs_xlsx.freight.get_freight_index_data | Loading Excel sheet | file=C:\Users\krm\PycharmProjects\AlternativeData\data_lake\freight\china containerized freight index.xlsx | sheet=SCFI | exchange=SSE | country=China
2026-08-05 18:11:00 | INFO | src.jobs_xlsx.freight.get_freight_index_data | Excel sheet loaded | file=C:\Users\krm\PycharmProjects\AlternativeData\data_lake\freight\china containerized freight index.xlsx | sheet=SCFI | rows=862 | columns=5
2026-08-05 18:11:00 | INFO | src.jobs_xlsx.freight.get_freight_index_data | Loading Excel sheet | file=C:\Users\krm\PycharmProjects\AlternativeData\data_lake\freight\china containerized freight index.xlsx | sheet=SCFIS | exchange=SSE | country=China
2026-08-05 18:11:00 | INFO | src.jobs_xlsx.freight.get_freight_index_data | Excel sheet loaded | file=C:\Users\krm\PycharmProjects\AlternativeData\data_lake\freight\china containerized freight index.xlsx | sheet=SCFIS | rows=36 | columns=6
2026-08-05 18:11:00 | INFO | src.jobs_xlsx.freight.get_freight_index_data | Loading Excel sheet | file=C:\Users\krm\PycharmProjects\AlternativeData\data_lake\freight\china containerized freight index.xlsx | sheet=CBFI | exchange=SSE | country=China
2026-08-05 18:11:00 | INFO | src.jobs_xlsx.freight.get_freight_index_data | Excel sheet loaded | file=C:\Users\krm\PycharmProjects\AlternativeData\data_lake\freight\china containerized freight index.xlsx | sheet=CBFI | rows=35 | columns=31
2026-08-05 18:11:00 | INFO | src.jobs_xlsx.freight.get_freight_index_data | Loading Excel sheet | file=C:\Users\krm\PycharmProjects\AlternativeData\data_lake\freight\china containerized freight index.xlsx | sheet=CBCFI | exchange=SSE | country=China
2026-08-05 18:11:00 | INFO | src.jobs_xlsx.freight.get_freight_index_data | Excel sheet loaded | file=C:\Users\krm\PycharmProjects\AlternativeData\data_lake\freight\china containerized freight index.xlsx | sheet=CBCFI | rows=163 | columns=5
2026-08-05 18:11:00 | INFO | src.jobs_xlsx.freight.get_freight_index_data | Loading Excel sheet | file=C:\Users\krm\PycharmProjects\AlternativeData\data_lake\freight\china containerized freight index.xlsx | sheet=CBOFI | exchange=SSE | country=China
2026-08-05 18:11:00 | INFO | src.jobs_xlsx.freight.get_freight_index_data | Excel sheet loaded | file=C:\Users\krm\PycharmProjects\AlternativeData\data_lake\freight\china containerized freight index.xlsx | sheet=CBOFI | rows=99 | columns=10
2026-08-05 18:11:00 | INFO | src.jobs_xlsx.freight.get_freight_index_data | Loading Excel sheet | file=C:\Users\krm\PycharmProjects\AlternativeData\data_lake\freight\china containerized freight index.xlsx | sheet=CBGFI | exchange=SSE | country=China
2026-08-05 18:11:00 | INFO | src.jobs_xlsx.freight.get_freight_index_data | Excel sheet loaded | file=C:\Users\krm\PycharmProjects\AlternativeData\data_lake\freight\china containerized freight index.xlsx | sheet=CBGFI | rows=34 | columns=8
2026-08-05 18:11:00 | INFO | src.jobs_xlsx.freight.get_freight_index_data | Loading Excel sheet | file=C:\Users\krm\PycharmProjects\AlternativeData\data_lake\freight\china containerized freight index.xlsx | sheet=CDFI | exchange=SSE | country=China
2026-08-05 18:11:00 | INFO | src.jobs_xlsx.freight.get_freight_index_data | Excel sheet loaded | file=C:\Users\krm\PycharmProjects\AlternativeData\data_lake\freight\china containerized freight index.xlsx | sheet=CDFI | rows=163 | columns=22
2026-08-05 18:11:00 | INFO | src.jobs_xlsx.freight.get_freight_index_data | Loading Excel sheet | file=C:\Users\krm\PycharmProjects\AlternativeData\data_lake\freight\china containerized freight index.xlsx | sheet=FDI | exchange=SSE | country=China
2026-08-05 18:11:00 | INFO | src.jobs_xlsx.freight.get_freight_index_data | Excel sheet loaded | file=C:\Users\krm\PycharmProjects\AlternativeData\data_lake\freight\china containerized freight index.xlsx | sheet=FDI | rows=163 | columns=30
2026-08-05 18:11:00 | INFO | src.jobs_xlsx.freight.get_freight_index_data | Loading Excel sheet | file=C:\Users\krm\PycharmProjects\AlternativeData\data_lake\freight\china containerized freight index.xlsx | sheet=CTFI | exchange=SSE | country=China
2026-08-05 18:11:00 | INFO | src.jobs_xlsx.freight.get_freight_index_data | Excel sheet loaded | file=C:\Users\krm\PycharmProjects\AlternativeData\data_lake\freight\china containerized freight index.xlsx | sheet=CTFI | rows=163 | columns=19
2026-08-05 18:11:00 | INFO | src.jobs_xlsx.freight.get_freight_index_data | Loading Excel sheet | file=C:\Users\krm\PycharmProjects\AlternativeData\data_lake\freight\china containerized freight index.xlsx | sheet=CSI | exchange=SSE | country=China
2026-08-05 18:11:00 | INFO | src.jobs_xlsx.freight.get_freight_index_data | Excel sheet loaded | file=C:\Users\krm\PycharmProjects\AlternativeData\data_lake\freight\china containerized freight index.xlsx | sheet=CSI | rows=9 | columns=107
2026-08-05 18:11:01 | INFO | src.jobs_xlsx.freight.get_freight_index_data | Loading Excel sheet | file=C:\Users\krm\PycharmProjects\AlternativeData\data_lake\freight\china containerized freight index.xlsx | sheet=CICFI | exchange=SSE | country=China
2026-08-05 18:11:01 | INFO | src.jobs_xlsx.freight.get_freight_index_data | Excel sheet loaded | file=C:\Users\krm\PycharmProjects\AlternativeData\data_lake\freight\china containerized freight index.xlsx | sheet=CICFI | rows=36 | columns=17
2026-08-05 18:11:01 | INFO | src.jobs_xlsx.freight.get_freight_index_data | Loading Excel sheet | file=C:\Users\krm\PycharmProjects\AlternativeData\data_lake\freight\china containerized freight index.xlsx | sheet=SEAFI | exchange=SSE | country=China
2026-08-05 18:11:01 | INFO | src.jobs_xlsx.freight.get_freight_index_data | Excel sheet loaded | file=C:\Users\krm\PycharmProjects\AlternativeData\data_lake\freight\china containerized freight index.xlsx | sheet=SEAFI | rows=35 | columns=5
2026-08-05 18:11:01 | INFO | src.jobs_xlsx.freight.get_freight_index_data | Loading Excel sheet | file=C:\Users\krm\PycharmProjects\AlternativeData\data_lake\freight\china containerized freight index.xlsx | sheet=BRTVI | exchange=SSE | country=China
2026-08-05 18:11:01 | INFO | src.jobs_xlsx.freight.get_freight_index_data | Excel sheet loaded | file=C:\Users\krm\PycharmProjects\AlternativeData\data_lake\freight\china containerized freight index.xlsx | sheet=BRTVI | rows=8 | columns=13
2026-08-05 18:11:01 | INFO | src.jobs_xlsx.freight.get_freight_index_data | Loading Excel sheet | file=C:\Users\krm\PycharmProjects\AlternativeData\data_lake\freight\china containerized freight index.xlsx | sheet=BRCVI | exchange=SSE | country=China
2026-08-05 18:11:01 | INFO | src.jobs_xlsx.freight.get_freight_index_data | Excel sheet loaded | file=C:\Users\krm\PycharmProjects\AlternativeData\data_lake\freight\china containerized freight index.xlsx | sheet=BRCVI | rows=8 | columns=21
2026-08-05 18:11:01 | INFO | src.jobs_xlsx.freight.get_freight_index_data | Loading Excel sheet | file=C:\Users\krm\PycharmProjects\AlternativeData\data_lake\freight\china containerized freight index.xlsx | sheet=SRFI | exchange=SSE | country=China
2026-08-05 18:11:01 | INFO | src.jobs_xlsx.freight.get_freight_index_data | Excel sheet loaded | file=C:\Users\krm\PycharmProjects\AlternativeData\data_lake\freight\china containerized freight index.xlsx | sheet=SRFI | rows=9 | columns=26
2026-08-05 18:11:01 | INFO | src.jobs_xlsx.freight.get_freight_index_data | Loading Excel sheet | file=C:\Users\krm\PycharmProjects\AlternativeData\data_lake\freight\china containerized freight index.xlsx | sheet=TWFI | exchange=SSE | country=China
2026-08-05 18:11:01 | INFO | src.jobs_xlsx.freight.get_freight_index_data | Excel sheet loaded | file=C:\Users\krm\PycharmProjects\AlternativeData\data_lake\freight\china containerized freight index.xlsx | sheet=TWFI | rows=35 | columns=13
2026-08-05 18:11:01 | INFO | src.jobs_xlsx.freight.get_freight_index_data | Loading Excel sheet | file=C:\Users\krm\PycharmProjects\AlternativeData\data_lake\freight\GSCPI.xlsx | sheet=GSCPI | exchange=FED | country=United States
2026-08-05 18:11:01 | INFO | src.jobs_xlsx.freight.get_freight_index_data | Excel sheet loaded | file=C:\Users\krm\PycharmProjects\AlternativeData\data_lake\freight\GSCPI.xlsx | sheet=GSCPI | rows=342 | columns=5
2026-08-05 18:11:01 | INFO | src.jobs_xlsx.freight.get_freight_index_data | Loading Excel sheet | file=C:\Users\krm\PycharmProjects\AlternativeData\data_lake\freight\HARPEX.xlsx | sheet=HARPEX | exchange=HARPERPETERSEN | country=Germany
2026-08-05 18:11:01 | INFO | src.jobs_xlsx.freight.get_freight_index_data | Excel sheet loaded | file=C:\Users\krm\PycharmProjects\AlternativeData\data_lake\freight\HARPEX.xlsx | sheet=HARPEX | rows=837 | columns=15
2026-08-05 18:11:01 | INFO | src.jobs_xlsx.freight.get_freight_index_data | Loading Excel sheet | file=C:\Users\krm\PycharmProjects\AlternativeData\data_lake\freight\KOBC Container Composite Index.xlsx | sheet=KDCI | exchange=KOBC | country=South Korea
2026-08-05 18:11:01 | INFO | src.jobs_xlsx.freight.get_freight_index_data | Excel sheet loaded | file=C:\Users\krm\PycharmProjects\AlternativeData\data_lake\freight\KOBC Container Composite Index.xlsx | sheet=KDCI | rows=2560 | columns=9
2026-08-05 18:11:01 | INFO | src.jobs_xlsx.freight.get_freight_index_data | Loading Excel sheet | file=C:\Users\krm\PycharmProjects\AlternativeData\data_lake\freight\KOBC Container Composite Index.xlsx | sheet=CAPE | exchange=KOBC | country=South Korea
2026-08-05 18:11:01 | INFO | src.jobs_xlsx.freight.get_freight_index_data | Excel sheet loaded | file=C:\Users\krm\PycharmProjects\AlternativeData\data_lake\freight\KOBC Container Composite Index.xlsx | sheet=CAPE | rows=2542 | columns=9
2026-08-05 18:11:01 | INFO | src.jobs_xlsx.freight.get_freight_index_data | Loading Excel sheet | file=C:\Users\krm\PycharmProjects\AlternativeData\data_lake\freight\KOBC Container Composite Index.xlsx | sheet=PANAMAX | exchange=KOBC | country=South Korea
2026-08-05 18:11:02 | INFO | src.jobs_xlsx.freight.get_freight_index_data | Excel sheet loaded | file=C:\Users\krm\PycharmProjects\AlternativeData\data_lake\freight\KOBC Container Composite Index.xlsx | sheet=PANAMAX | rows=2558 | columns=12
2026-08-05 18:11:02 | INFO | src.jobs_xlsx.freight.get_freight_index_data | Loading Excel sheet | file=C:\Users\krm\PycharmProjects\AlternativeData\data_lake\freight\KOBC Container Composite Index.xlsx | sheet=SUPRAMAX | exchange=KOBC | country=South Korea
2026-08-05 18:11:02 | INFO | src.jobs_xlsx.freight.get_freight_index_data | Excel sheet loaded | file=C:\Users\krm\PycharmProjects\AlternativeData\data_lake\freight\KOBC Container Composite Index.xlsx | sheet=SUPRAMAX | rows=2558 | columns=11
2026-08-05 18:11:02 | INFO | src.jobs_xlsx.freight.get_freight_index_data | Loading Excel sheet | file=C:\Users\krm\PycharmProjects\AlternativeData\data_lake\freight\KOBC Container Composite Index.xlsx | sheet=HANDY | exchange=KOBC | country=South Korea
2026-08-05 18:11:02 | INFO | src.jobs_xlsx.freight.get_freight_index_data | Excel sheet loaded | file=C:\Users\krm\PycharmProjects\AlternativeData\data_lake\freight\KOBC Container Composite Index.xlsx | sheet=HANDY | rows=2558 | columns=10
2026-08-05 18:11:02 | INFO | src.jobs_xlsx.freight.get_freight_index_data | Loading Excel sheet | file=C:\Users\krm\PycharmProjects\AlternativeData\data_lake\freight\Ningbo Container Freight Index.xlsx | sheet=NCFI | exchange=NSE | country=China
2026-08-05 18:11:02 | INFO | src.jobs_xlsx.freight.get_freight_index_data | Excel sheet loaded | file=C:\Users\krm\PycharmProjects\AlternativeData\data_lake\freight\Ningbo Container Freight Index.xlsx | sheet=NCFI | rows=204 | columns=26
2026-08-05 18:11:02 | INFO | src.jobs_xlsx.freight.get_freight_index_data | Parquet saved | output_path=C:\Users\krm\PycharmProjects\AlternativeData\data_warehouse\raw\freight\freights_index.parquet | rows=114760 | symbols=352
2026-08-09 16:58:08 | INFO | src.jobs_xlsx.freight.get_freight_index_data | Excel wide value loader started | config_path=config/freight_jobs.yaml
2026-08-09 16:58:08 | INFO | src.jobs_xlsx.freight.get_freight_index_data | Loading Excel sheet | file=/Users/tommy/Desktop/Pycharm/FinancialData/data_lake/freight/china containerized freight index.xlsx | sheet=CCFI | exchange=SSE | country=China
2026-08-09 16:58:08 | INFO | src.jobs_xlsx.freight.get_freight_index_data | Excel sheet loaded | file=/Users/tommy/Desktop/Pycharm/FinancialData/data_lake/freight/china containerized freight index.xlsx | sheet=CCFI | rows=1267 | columns=17
2026-08-09 16:58:08 | INFO | src.jobs_xlsx.freight.get_freight_index_data | Loading Excel sheet | file=/Users/tommy/Desktop/Pycharm/FinancialData/data_lake/freight/china containerized freight index.xlsx | sheet=SCFI | exchange=SSE | country=China
2026-08-09 16:58:08 | INFO | src.jobs_xlsx.freight.get_freight_index_data | Excel sheet loaded | file=/Users/tommy/Desktop/Pycharm/FinancialData/data_lake/freight/china containerized freight index.xlsx | sheet=SCFI | rows=863 | columns=5
2026-08-09 16:58:08 | INFO | src.jobs_xlsx.freight.get_freight_index_data | Loading Excel sheet | file=/Users/tommy/Desktop/Pycharm/FinancialData/data_lake/freight/china containerized freight index.xlsx | sheet=SCFIS | exchange=SSE | country=China
2026-08-09 16:58:08 | INFO | src.jobs_xlsx.freight.get_freight_index_data | Excel sheet loaded | file=/Users/tommy/Desktop/Pycharm/FinancialData/data_lake/freight/china containerized freight index.xlsx | sheet=SCFIS | rows=36 | columns=6
2026-08-09 16:58:08 | INFO | src.jobs_xlsx.freight.get_freight_index_data | Loading Excel sheet | file=/Users/tommy/Desktop/Pycharm/FinancialData/data_lake/freight/china containerized freight index.xlsx | sheet=CBFI | exchange=SSE | country=China
2026-08-09 16:58:08 | INFO | src.jobs_xlsx.freight.get_freight_index_data | Excel sheet loaded | file=/Users/tommy/Desktop/Pycharm/FinancialData/data_lake/freight/china containerized freight index.xlsx | sheet=CBFI | rows=36 | columns=31
2026-08-09 16:58:08 | INFO | src.jobs_xlsx.freight.get_freight_index_data | Loading Excel sheet | file=/Users/tommy/Desktop/Pycharm/FinancialData/data_lake/freight/china containerized freight index.xlsx | sheet=CBCFI | exchange=SSE | country=China
2026-08-09 16:58:08 | INFO | src.jobs_xlsx.freight.get_freight_index_data | Excel sheet loaded | file=/Users/tommy/Desktop/Pycharm/FinancialData/data_lake/freight/china containerized freight index.xlsx | sheet=CBCFI | rows=166 | columns=5
2026-08-09 16:58:08 | INFO | src.jobs_xlsx.freight.get_freight_index_data | Loading Excel sheet | file=/Users/tommy/Desktop/Pycharm/FinancialData/data_lake/freight/china containerized freight index.xlsx | sheet=CBOFI | exchange=SSE | country=China
2026-08-09 16:58:08 | INFO | src.jobs_xlsx.freight.get_freight_index_data | Excel sheet loaded | file=/Users/tommy/Desktop/Pycharm/FinancialData/data_lake/freight/china containerized freight index.xlsx | sheet=CBOFI | rows=101 | columns=10
2026-08-09 16:58:08 | INFO | src.jobs_xlsx.freight.get_freight_index_data | Loading Excel sheet | file=/Users/tommy/Desktop/Pycharm/FinancialData/data_lake/freight/china containerized freight index.xlsx | sheet=CBGFI | exchange=SSE | country=China
2026-08-09 16:58:08 | INFO | src.jobs_xlsx.freight.get_freight_index_data | Excel sheet loaded | file=/Users/tommy/Desktop/Pycharm/FinancialData/data_lake/freight/china containerized freight index.xlsx | sheet=CBGFI | rows=35 | columns=8
2026-08-09 16:58:08 | INFO | src.jobs_xlsx.freight.get_freight_index_data | Loading Excel sheet | file=/Users/tommy/Desktop/Pycharm/FinancialData/data_lake/freight/china containerized freight index.xlsx | sheet=CDFI | exchange=SSE | country=China
2026-08-09 16:58:08 | INFO | src.jobs_xlsx.freight.get_freight_index_data | Excel sheet loaded | file=/Users/tommy/Desktop/Pycharm/FinancialData/data_lake/freight/china containerized freight index.xlsx | sheet=CDFI | rows=166 | columns=22
2026-08-09 16:58:08 | INFO | src.jobs_xlsx.freight.get_freight_index_data | Loading Excel sheet | file=/Users/tommy/Desktop/Pycharm/FinancialData/data_lake/freight/china containerized freight index.xlsx | sheet=FDI | exchange=SSE | country=China
2026-08-09 16:58:08 | INFO | src.jobs_xlsx.freight.get_freight_index_data | Excel sheet loaded | file=/Users/tommy/Desktop/Pycharm/FinancialData/data_lake/freight/china containerized freight index.xlsx | sheet=FDI | rows=166 | columns=30
2026-08-09 16:58:08 | INFO | src.jobs_xlsx.freight.get_freight_index_data | Loading Excel sheet | file=/Users/tommy/Desktop/Pycharm/FinancialData/data_lake/freight/china containerized freight index.xlsx | sheet=CTFI | exchange=SSE | country=China
2026-08-09 16:58:08 | INFO | src.jobs_xlsx.freight.get_freight_index_data | Excel sheet loaded | file=/Users/tommy/Desktop/Pycharm/FinancialData/data_lake/freight/china containerized freight index.xlsx | sheet=CTFI | rows=166 | columns=19
2026-08-09 16:58:08 | INFO | src.jobs_xlsx.freight.get_freight_index_data | Loading Excel sheet | file=/Users/tommy/Desktop/Pycharm/FinancialData/data_lake/freight/china containerized freight index.xlsx | sheet=CSI | exchange=SSE | country=China
2026-08-09 16:58:08 | INFO | src.jobs_xlsx.freight.get_freight_index_data | Excel sheet loaded | file=/Users/tommy/Desktop/Pycharm/FinancialData/data_lake/freight/china containerized freight index.xlsx | sheet=CSI | rows=10 | columns=107
2026-08-09 16:58:08 | INFO | src.jobs_xlsx.freight.get_freight_index_data | Loading Excel sheet | file=/Users/tommy/Desktop/Pycharm/FinancialData/data_lake/freight/china containerized freight index.xlsx | sheet=CICFI | exchange=SSE | country=China
2026-08-09 16:58:08 | INFO | src.jobs_xlsx.freight.get_freight_index_data | Excel sheet loaded | file=/Users/tommy/Desktop/Pycharm/FinancialData/data_lake/freight/china containerized freight index.xlsx | sheet=CICFI | rows=37 | columns=17
2026-08-09 16:58:08 | INFO | src.jobs_xlsx.freight.get_freight_index_data | Loading Excel sheet | file=/Users/tommy/Desktop/Pycharm/FinancialData/data_lake/freight/china containerized freight index.xlsx | sheet=SEAFI | exchange=SSE | country=China
2026-08-09 16:58:08 | INFO | src.jobs_xlsx.freight.get_freight_index_data | Excel sheet loaded | file=/Users/tommy/Desktop/Pycharm/FinancialData/data_lake/freight/china containerized freight index.xlsx | sheet=SEAFI | rows=36 | columns=5
2026-08-09 16:58:08 | INFO | src.jobs_xlsx.freight.get_freight_index_data | Loading Excel sheet | file=/Users/tommy/Desktop/Pycharm/FinancialData/data_lake/freight/china containerized freight index.xlsx | sheet=BRTVI | exchange=SSE | country=China
2026-08-09 16:58:08 | INFO | src.jobs_xlsx.freight.get_freight_index_data | Excel sheet loaded | file=/Users/tommy/Desktop/Pycharm/FinancialData/data_lake/freight/china containerized freight index.xlsx | sheet=BRTVI | rows=8 | columns=13
2026-08-09 16:58:08 | INFO | src.jobs_xlsx.freight.get_freight_index_data | Loading Excel sheet | file=/Users/tommy/Desktop/Pycharm/FinancialData/data_lake/freight/china containerized freight index.xlsx | sheet=BRCVI | exchange=SSE | country=China
2026-08-09 16:58:08 | INFO | src.jobs_xlsx.freight.get_freight_index_data | Excel sheet loaded | file=/Users/tommy/Desktop/Pycharm/FinancialData/data_lake/freight/china containerized freight index.xlsx | sheet=BRCVI | rows=8 | columns=21
2026-08-09 16:58:08 | INFO | src.jobs_xlsx.freight.get_freight_index_data | Loading Excel sheet | file=/Users/tommy/Desktop/Pycharm/FinancialData/data_lake/freight/china containerized freight index.xlsx | sheet=SRFI | exchange=SSE | country=China
2026-08-09 16:58:08 | INFO | src.jobs_xlsx.freight.get_freight_index_data | Excel sheet loaded | file=/Users/tommy/Desktop/Pycharm/FinancialData/data_lake/freight/china containerized freight index.xlsx | sheet=SRFI | rows=9 | columns=26
2026-08-09 16:58:08 | INFO | src.jobs_xlsx.freight.get_freight_index_data | Loading Excel sheet | file=/Users/tommy/Desktop/Pycharm/FinancialData/data_lake/freight/china containerized freight index.xlsx | sheet=TWFI | exchange=SSE | country=China
2026-08-09 16:58:08 | INFO | src.jobs_xlsx.freight.get_freight_index_data | Excel sheet loaded | file=/Users/tommy/Desktop/Pycharm/FinancialData/data_lake/freight/china containerized freight index.xlsx | sheet=TWFI | rows=36 | columns=13
2026-08-09 16:58:08 | INFO | src.jobs_xlsx.freight.get_freight_index_data | Loading Excel sheet | file=/Users/tommy/Desktop/Pycharm/FinancialData/data_lake/freight/GSCPI.xlsx | sheet=GSCPI | exchange=FED | country=United States
2026-08-09 16:58:08 | INFO | src.jobs_xlsx.freight.get_freight_index_data | Excel sheet loaded | file=/Users/tommy/Desktop/Pycharm/FinancialData/data_lake/freight/GSCPI.xlsx | sheet=GSCPI | rows=342 | columns=5
2026-08-09 16:58:08 | INFO | src.jobs_xlsx.freight.get_freight_index_data | Loading Excel sheet | file=/Users/tommy/Desktop/Pycharm/FinancialData/data_lake/freight/HARPEX.xlsx | sheet=HARPEX | exchange=HARPERPETERSEN | country=Germany
2026-08-09 16:58:08 | INFO | src.jobs_xlsx.freight.get_freight_index_data | Excel sheet loaded | file=/Users/tommy/Desktop/Pycharm/FinancialData/data_lake/freight/HARPEX.xlsx | sheet=HARPEX | rows=838 | columns=15
2026-08-09 16:58:08 | INFO | src.jobs_xlsx.freight.get_freight_index_data | Loading Excel sheet | file=/Users/tommy/Desktop/Pycharm/FinancialData/data_lake/freight/KOBC Container Composite Index.xlsx | sheet=KDCI | exchange=KOBC | country=South Korea
2026-08-09 16:58:08 | INFO | src.jobs_xlsx.freight.get_freight_index_data | Excel sheet loaded | file=/Users/tommy/Desktop/Pycharm/FinancialData/data_lake/freight/KOBC Container Composite Index.xlsx | sheet=KDCI | rows=2562 | columns=9
2026-08-09 16:58:08 | INFO | src.jobs_xlsx.freight.get_freight_index_data | Loading Excel sheet | file=/Users/tommy/Desktop/Pycharm/FinancialData/data_lake/freight/KOBC Container Composite Index.xlsx | sheet=CAPE | exchange=KOBC | country=South Korea
2026-08-09 16:58:08 | INFO | src.jobs_xlsx.freight.get_freight_index_data | Excel sheet loaded | file=/Users/tommy/Desktop/Pycharm/FinancialData/data_lake/freight/KOBC Container Composite Index.xlsx | sheet=CAPE | rows=2544 | columns=9
2026-08-09 16:58:08 | INFO | src.jobs_xlsx.freight.get_freight_index_data | Loading Excel sheet | file=/Users/tommy/Desktop/Pycharm/FinancialData/data_lake/freight/KOBC Container Composite Index.xlsx | sheet=PANAMAX | exchange=KOBC | country=South Korea
2026-08-09 16:58:08 | INFO | src.jobs_xlsx.freight.get_freight_index_data | Excel sheet loaded | file=/Users/tommy/Desktop/Pycharm/FinancialData/data_lake/freight/KOBC Container Composite Index.xlsx | sheet=PANAMAX | rows=2560 | columns=12
2026-08-09 16:58:08 | INFO | src.jobs_xlsx.freight.get_freight_index_data | Loading Excel sheet | file=/Users/tommy/Desktop/Pycharm/FinancialData/data_lake/freight/KOBC Container Composite Index.xlsx | sheet=SUPRAMAX | exchange=KOBC | country=South Korea
2026-08-09 16:58:08 | INFO | src.jobs_xlsx.freight.get_freight_index_data | Excel sheet loaded | file=/Users/tommy/Desktop/Pycharm/FinancialData/data_lake/freight/KOBC Container Composite Index.xlsx | sheet=SUPRAMAX | rows=2560 | columns=11
2026-08-09 16:58:08 | INFO | src.jobs_xlsx.freight.get_freight_index_data | Loading Excel sheet | file=/Users/tommy/Desktop/Pycharm/FinancialData/data_lake/freight/KOBC Container Composite Index.xlsx | sheet=HANDY | exchange=KOBC | country=South Korea
2026-08-09 16:58:08 | INFO | src.jobs_xlsx.freight.get_freight_index_data | Excel sheet loaded | file=/Users/tommy/Desktop/Pycharm/FinancialData/data_lake/freight/KOBC Container Composite Index.xlsx | sheet=HANDY | rows=2560 | columns=10
2026-08-09 16:58:08 | INFO | src.jobs_xlsx.freight.get_freight_index_data | Loading Excel sheet | file=/Users/tommy/Desktop/Pycharm/FinancialData/data_lake/freight/Ningbo Container Freight Index.xlsx | sheet=NCFI | exchange=NSE | country=China
2026-08-09 16:58:08 | INFO | src.jobs_xlsx.freight.get_freight_index_data | Excel sheet loaded | file=/Users/tommy/Desktop/Pycharm/FinancialData/data_lake/freight/Ningbo Container Freight Index.xlsx | sheet=NCFI | rows=205 | columns=26
2026-08-09 16:58:08 | INFO | src.jobs_xlsx.freight.get_freight_index_data | Parquet saved | output_path=/Users/tommy/Desktop/Pycharm/FinancialData/data_warehouse/raw/freight/freights_index.parquet | rows=115218 | symbols=352
2026-08-18 00:44:25 | INFO | src.jobs_xlsx.freight.get_freight_index_data | Excel wide value loader started | config_path=config/freight_jobs.yaml
2026-08-18 00:44:25 | INFO | src.jobs_xlsx.freight.get_freight_index_data | Loading Excel sheet | file=/Users/tommy/Desktop/Pycharm/FinancialData/data_lake/freight/china containerized freight index.xlsx | sheet=CCFI | exchange=SSE | country=China
2026-08-18 00:44:25 | INFO | src.jobs_xlsx.freight.get_freight_index_data | Excel sheet loaded | file=/Users/tommy/Desktop/Pycharm/FinancialData/data_lake/freight/china containerized freight index.xlsx | sheet=CCFI | rows=1268 | columns=17
2026-08-18 00:44:25 | INFO | src.jobs_xlsx.freight.get_freight_index_data | Loading Excel sheet | file=/Users/tommy/Desktop/Pycharm/FinancialData/data_lake/freight/china containerized freight index.xlsx | sheet=SCFI | exchange=SSE | country=China
2026-08-18 00:44:25 | INFO | src.jobs_xlsx.freight.get_freight_index_data | Excel sheet loaded | file=/Users/tommy/Desktop/Pycharm/FinancialData/data_lake/freight/china containerized freight index.xlsx | sheet=SCFI | rows=864 | columns=5
2026-08-18 00:44:25 | INFO | src.jobs_xlsx.freight.get_freight_index_data | Loading Excel sheet | file=/Users/tommy/Desktop/Pycharm/FinancialData/data_lake/freight/china containerized freight index.xlsx | sheet=SCFIS | exchange=SSE | country=China
2026-08-18 00:44:25 | INFO | src.jobs_xlsx.freight.get_freight_index_data | Excel sheet loaded | file=/Users/tommy/Desktop/Pycharm/FinancialData/data_lake/freight/china containerized freight index.xlsx | sheet=SCFIS | rows=38 | columns=6
2026-08-18 00:44:25 | INFO | src.jobs_xlsx.freight.get_freight_index_data | Loading Excel sheet | file=/Users/tommy/Desktop/Pycharm/FinancialData/data_lake/freight/china containerized freight index.xlsx | sheet=CBFI | exchange=SSE | country=China
2026-08-18 00:44:25 | INFO | src.jobs_xlsx.freight.get_freight_index_data | Excel sheet loaded | file=/Users/tommy/Desktop/Pycharm/FinancialData/data_lake/freight/china containerized freight index.xlsx | sheet=CBFI | rows=37 | columns=31
2026-08-18 00:44:25 | INFO | src.jobs_xlsx.freight.get_freight_index_data | Loading Excel sheet | file=/Users/tommy/Desktop/Pycharm/FinancialData/data_lake/freight/china containerized freight index.xlsx | sheet=CBCFI | exchange=SSE | country=China
2026-08-18 00:44:25 | INFO | src.jobs_xlsx.freight.get_freight_index_data | Excel sheet loaded | file=/Users/tommy/Desktop/Pycharm/FinancialData/data_lake/freight/china containerized freight index.xlsx | sheet=CBCFI | rows=172 | columns=5
2026-08-18 00:44:25 | INFO | src.jobs_xlsx.freight.get_freight_index_data | Loading Excel sheet | file=/Users/tommy/Desktop/Pycharm/FinancialData/data_lake/freight/china containerized freight index.xlsx | sheet=CBOFI | exchange=SSE | country=China
2026-08-18 00:44:25 | INFO | src.jobs_xlsx.freight.get_freight_index_data | Excel sheet loaded | file=/Users/tommy/Desktop/Pycharm/FinancialData/data_lake/freight/china containerized freight index.xlsx | sheet=CBOFI | rows=105 | columns=10
2026-08-18 00:44:25 | INFO | src.jobs_xlsx.freight.get_freight_index_data | Loading Excel sheet | file=/Users/tommy/Desktop/Pycharm/FinancialData/data_lake/freight/china containerized freight index.xlsx | sheet=CBGFI | exchange=SSE | country=China
2026-08-18 00:44:25 | INFO | src.jobs_xlsx.freight.get_freight_index_data | Excel sheet loaded | file=/Users/tommy/Desktop/Pycharm/FinancialData/data_lake/freight/china containerized freight index.xlsx | sheet=CBGFI | rows=36 | columns=8
2026-08-18 00:44:25 | INFO | src.jobs_xlsx.freight.get_freight_index_data | Loading Excel sheet | file=/Users/tommy/Desktop/Pycharm/FinancialData/data_lake/freight/china containerized freight index.xlsx | sheet=CDFI | exchange=SSE | country=China
2026-08-18 00:44:25 | INFO | src.jobs_xlsx.freight.get_freight_index_data | Excel sheet loaded | file=/Users/tommy/Desktop/Pycharm/FinancialData/data_lake/freight/china containerized freight index.xlsx | sheet=CDFI | rows=172 | columns=22
2026-08-18 00:44:25 | INFO | src.jobs_xlsx.freight.get_freight_index_data | Loading Excel sheet | file=/Users/tommy/Desktop/Pycharm/FinancialData/data_lake/freight/china containerized freight index.xlsx | sheet=FDI | exchange=SSE | country=China
2026-08-18 00:44:25 | INFO | src.jobs_xlsx.freight.get_freight_index_data | Excel sheet loaded | file=/Users/tommy/Desktop/Pycharm/FinancialData/data_lake/freight/china containerized freight index.xlsx | sheet=FDI | rows=172 | columns=30
2026-08-18 00:44:25 | INFO | src.jobs_xlsx.freight.get_freight_index_data | Loading Excel sheet | file=/Users/tommy/Desktop/Pycharm/FinancialData/data_lake/freight/china containerized freight index.xlsx | sheet=CTFI | exchange=SSE | country=China
2026-08-18 00:44:25 | INFO | src.jobs_xlsx.freight.get_freight_index_data | Excel sheet loaded | file=/Users/tommy/Desktop/Pycharm/FinancialData/data_lake/freight/china containerized freight index.xlsx | sheet=CTFI | rows=172 | columns=19
2026-08-18 00:44:25 | INFO | src.jobs_xlsx.freight.get_freight_index_data | Loading Excel sheet | file=/Users/tommy/Desktop/Pycharm/FinancialData/data_lake/freight/china containerized freight index.xlsx | sheet=CSI | exchange=SSE | country=China
2026-08-18 00:44:25 | INFO | src.jobs_xlsx.freight.get_freight_index_data | Excel sheet loaded | file=/Users/tommy/Desktop/Pycharm/FinancialData/data_lake/freight/china containerized freight index.xlsx | sheet=CSI | rows=10 | columns=107
2026-08-18 00:44:25 | INFO | src.jobs_xlsx.freight.get_freight_index_data | Loading Excel sheet | file=/Users/tommy/Desktop/Pycharm/FinancialData/data_lake/freight/china containerized freight index.xlsx | sheet=CICFI | exchange=SSE | country=China
2026-08-18 00:44:25 | INFO | src.jobs_xlsx.freight.get_freight_index_data | Excel sheet loaded | file=/Users/tommy/Desktop/Pycharm/FinancialData/data_lake/freight/china containerized freight index.xlsx | sheet=CICFI | rows=38 | columns=17
2026-08-18 00:44:25 | INFO | src.jobs_xlsx.freight.get_freight_index_data | Loading Excel sheet | file=/Users/tommy/Desktop/Pycharm/FinancialData/data_lake/freight/china containerized freight index.xlsx | sheet=SEAFI | exchange=SSE | country=China
2026-08-18 00:44:25 | INFO | src.jobs_xlsx.freight.get_freight_index_data | Excel sheet loaded | file=/Users/tommy/Desktop/Pycharm/FinancialData/data_lake/freight/china containerized freight index.xlsx | sheet=SEAFI | rows=37 | columns=5
2026-08-18 00:44:25 | INFO | src.jobs_xlsx.freight.get_freight_index_data | Loading Excel sheet | file=/Users/tommy/Desktop/Pycharm/FinancialData/data_lake/freight/china containerized freight index.xlsx | sheet=BRTVI | exchange=SSE | country=China
2026-08-18 00:44:25 | INFO | src.jobs_xlsx.freight.get_freight_index_data | Excel sheet loaded | file=/Users/tommy/Desktop/Pycharm/FinancialData/data_lake/freight/china containerized freight index.xlsx | sheet=BRTVI | rows=8 | columns=13
2026-08-18 00:44:25 | INFO | src.jobs_xlsx.freight.get_freight_index_data | Loading Excel sheet | file=/Users/tommy/Desktop/Pycharm/FinancialData/data_lake/freight/china containerized freight index.xlsx | sheet=BRCVI | exchange=SSE | country=China
2026-08-18 00:44:25 | INFO | src.jobs_xlsx.freight.get_freight_index_data | Excel sheet loaded | file=/Users/tommy/Desktop/Pycharm/FinancialData/data_lake/freight/china containerized freight index.xlsx | sheet=BRCVI | rows=8 | columns=21
2026-08-18 00:44:25 | INFO | src.jobs_xlsx.freight.get_freight_index_data | Loading Excel sheet | file=/Users/tommy/Desktop/Pycharm/FinancialData/data_lake/freight/china containerized freight index.xlsx | sheet=SRFI | exchange=SSE | country=China
2026-08-18 00:44:25 | INFO | src.jobs_xlsx.freight.get_freight_index_data | Excel sheet loaded | file=/Users/tommy/Desktop/Pycharm/FinancialData/data_lake/freight/china containerized freight index.xlsx | sheet=SRFI | rows=9 | columns=26
2026-08-18 00:44:25 | INFO | src.jobs_xlsx.freight.get_freight_index_data | Loading Excel sheet | file=/Users/tommy/Desktop/Pycharm/FinancialData/data_lake/freight/china containerized freight index.xlsx | sheet=TWFI | exchange=SSE | country=China
2026-08-18 00:44:25 | INFO | src.jobs_xlsx.freight.get_freight_index_data | Excel sheet loaded | file=/Users/tommy/Desktop/Pycharm/FinancialData/data_lake/freight/china containerized freight index.xlsx | sheet=TWFI | rows=37 | columns=13
2026-08-18 00:44:25 | INFO | src.jobs_xlsx.freight.get_freight_index_data | Loading Excel sheet | file=/Users/tommy/Desktop/Pycharm/FinancialData/data_lake/freight/GSCPI.xlsx | sheet=GSCPI | exchange=FED | country=United States
2026-08-18 00:44:25 | INFO | src.jobs_xlsx.freight.get_freight_index_data | Excel sheet loaded | file=/Users/tommy/Desktop/Pycharm/FinancialData/data_lake/freight/GSCPI.xlsx | sheet=GSCPI | rows=343 | columns=5
2026-08-18 00:44:25 | INFO | src.jobs_xlsx.freight.get_freight_index_data | Loading Excel sheet | file=/Users/tommy/Desktop/Pycharm/FinancialData/data_lake/freight/HARPEX.xlsx | sheet=HARPEX | exchange=HARPERPETERSEN | country=Germany
2026-08-18 00:44:25 | INFO | src.jobs_xlsx.freight.get_freight_index_data | Excel sheet loaded | file=/Users/tommy/Desktop/Pycharm/FinancialData/data_lake/freight/HARPEX.xlsx | sheet=HARPEX | rows=839 | columns=15
2026-08-18 00:44:25 | INFO | src.jobs_xlsx.freight.get_freight_index_data | Loading Excel sheet | file=/Users/tommy/Desktop/Pycharm/FinancialData/data_lake/freight/KOBC Container Composite Index.xlsx | sheet=KDCI | exchange=KOBC | country=South Korea
2026-08-18 00:44:25 | INFO | src.jobs_xlsx.freight.get_freight_index_data | Excel sheet loaded | file=/Users/tommy/Desktop/Pycharm/FinancialData/data_lake/freight/KOBC Container Composite Index.xlsx | sheet=KDCI | rows=2567 | columns=9
2026-08-18 00:44:25 | INFO | src.jobs_xlsx.freight.get_freight_index_data | Loading Excel sheet | file=/Users/tommy/Desktop/Pycharm/FinancialData/data_lake/freight/KOBC Container Composite Index.xlsx | sheet=CAPE | exchange=KOBC | country=South Korea
2026-08-18 00:44:25 | INFO | src.jobs_xlsx.freight.get_freight_index_data | Excel sheet loaded | file=/Users/tommy/Desktop/Pycharm/FinancialData/data_lake/freight/KOBC Container Composite Index.xlsx | sheet=CAPE | rows=2549 | columns=9
2026-08-18 00:44:25 | INFO | src.jobs_xlsx.freight.get_freight_index_data | Loading Excel sheet | file=/Users/tommy/Desktop/Pycharm/FinancialData/data_lake/freight/KOBC Container Composite Index.xlsx | sheet=PANAMAX | exchange=KOBC | country=South Korea
2026-08-18 00:44:25 | INFO | src.jobs_xlsx.freight.get_freight_index_data | Excel sheet loaded | file=/Users/tommy/Desktop/Pycharm/FinancialData/data_lake/freight/KOBC Container Composite Index.xlsx | sheet=PANAMAX | rows=2565 | columns=12
2026-08-18 00:44:25 | INFO | src.jobs_xlsx.freight.get_freight_index_data | Loading Excel sheet | file=/Users/tommy/Desktop/Pycharm/FinancialData/data_lake/freight/KOBC Container Composite Index.xlsx | sheet=SUPRAMAX | exchange=KOBC | country=South Korea
2026-08-18 00:44:25 | INFO | src.jobs_xlsx.freight.get_freight_index_data | Excel sheet loaded | file=/Users/tommy/Desktop/Pycharm/FinancialData/data_lake/freight/KOBC Container Composite Index.xlsx | sheet=SUPRAMAX | rows=2565 | columns=11
2026-08-18 00:44:25 | INFO | src.jobs_xlsx.freight.get_freight_index_data | Loading Excel sheet | file=/Users/tommy/Desktop/Pycharm/FinancialData/data_lake/freight/KOBC Container Composite Index.xlsx | sheet=HANDY | exchange=KOBC | country=South Korea
2026-08-18 00:44:25 | INFO | src.jobs_xlsx.freight.get_freight_index_data | Excel sheet loaded | file=/Users/tommy/Desktop/Pycharm/FinancialData/data_lake/freight/KOBC Container Composite Index.xlsx | sheet=HANDY | rows=2565 | columns=10
2026-08-18 00:44:25 | INFO | src.jobs_xlsx.freight.get_freight_index_data | Loading Excel sheet | file=/Users/tommy/Desktop/Pycharm/FinancialData/data_lake/freight/Ningbo Container Freight Index.xlsx | sheet=NCFI | exchange=NSE | country=China
2026-08-18 00:44:26 | INFO | src.jobs_xlsx.freight.get_freight_index_data | Excel sheet loaded | file=/Users/tommy/Desktop/Pycharm/FinancialData/data_lake/freight/Ningbo Container Freight Index.xlsx | sheet=NCFI | rows=206 | columns=26
2026-08-18 00:44:26 | INFO | src.jobs_xlsx.freight.get_freight_index_data | Parquet saved | output_path=/Users/tommy/Desktop/Pycharm/FinancialData/data_warehouse/raw/freight/freights_index.parquet | rows=115863 | symbols=352
2026-08-30 11:45:59 | INFO | src.jobs_xlsx.freight.get_freight_index_data | Excel wide value loader started | config_path=config/freight_jobs.yaml
2026-08-30 11:45:59 | INFO | src.jobs_xlsx.freight.get_freight_index_data | Loading Excel sheet | file=/Users/junghunlee/Desktop/Pycharm/FinancialData/data_lake/freight/china containerized freight index.xlsx | sheet=CCFI | exchange=SSE | country=China
2026-08-30 11:45:59 | INFO | src.jobs_xlsx.freight.get_freight_index_data | Excel sheet loaded | file=/Users/junghunlee/Desktop/Pycharm/FinancialData/data_lake/freight/china containerized freight index.xlsx | sheet=CCFI | rows=1270 | columns=17
2026-08-30 11:45:59 | INFO | src.jobs_xlsx.freight.get_freight_index_data | Loading Excel sheet | file=/Users/junghunlee/Desktop/Pycharm/FinancialData/data_lake/freight/china containerized freight index.xlsx | sheet=SCFI | exchange=SSE | country=China
2026-08-30 11:45:59 | INFO | src.jobs_xlsx.freight.get_freight_index_data | Excel sheet loaded | file=/Users/junghunlee/Desktop/Pycharm/FinancialData/data_lake/freight/china containerized freight index.xlsx | sheet=SCFI | rows=866 | columns=5
2026-08-30 11:45:59 | INFO | src.jobs_xlsx.freight.get_freight_index_data | Loading Excel sheet | file=/Users/junghunlee/Desktop/Pycharm/FinancialData/data_lake/freight/china containerized freight index.xlsx | sheet=SCFIS | exchange=SSE | country=China
2026-08-30 11:46:00 | INFO | src.jobs_xlsx.freight.get_freight_index_data | Excel sheet loaded | file=/Users/junghunlee/Desktop/Pycharm/FinancialData/data_lake/freight/china containerized freight index.xlsx | sheet=SCFIS | rows=40 | columns=6
2026-08-30 11:46:00 | INFO | src.jobs_xlsx.freight.get_freight_index_data | Loading Excel sheet | file=/Users/junghunlee/Desktop/Pycharm/FinancialData/data_lake/freight/china containerized freight index.xlsx | sheet=CBFI | exchange=SSE | country=China
2026-08-30 11:46:00 | INFO | src.jobs_xlsx.freight.get_freight_index_data | Excel sheet loaded | file=/Users/junghunlee/Desktop/Pycharm/FinancialData/data_lake/freight/china containerized freight index.xlsx | sheet=CBFI | rows=39 | columns=31
2026-08-30 11:46:00 | INFO | src.jobs_xlsx.freight.get_freight_index_data | Loading Excel sheet | file=/Users/junghunlee/Desktop/Pycharm/FinancialData/data_lake/freight/china containerized freight index.xlsx | sheet=CBCFI | exchange=SSE | country=China
2026-08-30 11:46:00 | INFO | src.jobs_xlsx.freight.get_freight_index_data | Excel sheet loaded | file=/Users/junghunlee/Desktop/Pycharm/FinancialData/data_lake/freight/china containerized freight index.xlsx | sheet=CBCFI | rows=181 | columns=5
2026-08-30 11:46:00 | INFO | src.jobs_xlsx.freight.get_freight_index_data | Loading Excel sheet | file=/Users/junghunlee/Desktop/Pycharm/FinancialData/data_lake/freight/china containerized freight index.xlsx | sheet=CBOFI | exchange=SSE | country=China
2026-08-30 11:46:00 | INFO | src.jobs_xlsx.freight.get_freight_index_data | Excel sheet loaded | file=/Users/junghunlee/Desktop/Pycharm/FinancialData/data_lake/freight/china containerized freight index.xlsx | sheet=CBOFI | rows=110 | columns=10
2026-08-30 11:46:00 | INFO | src.jobs_xlsx.freight.get_freight_index_data | Loading Excel sheet | file=/Users/junghunlee/Desktop/Pycharm/FinancialData/data_lake/freight/china containerized freight index.xlsx | sheet=CBGFI | exchange=SSE | country=China
2026-08-30 11:46:00 | INFO | src.jobs_xlsx.freight.get_freight_index_data | Excel sheet loaded | file=/Users/junghunlee/Desktop/Pycharm/FinancialData/data_lake/freight/china containerized freight index.xlsx | sheet=CBGFI | rows=38 | columns=8
2026-08-30 11:46:00 | INFO | src.jobs_xlsx.freight.get_freight_index_data | Loading Excel sheet | file=/Users/junghunlee/Desktop/Pycharm/FinancialData/data_lake/freight/china containerized freight index.xlsx | sheet=CDFI | exchange=SSE | country=China
2026-08-30 11:46:00 | INFO | src.jobs_xlsx.freight.get_freight_index_data | Excel sheet loaded | file=/Users/junghunlee/Desktop/Pycharm/FinancialData/data_lake/freight/china containerized freight index.xlsx | sheet=CDFI | rows=181 | columns=22
2026-08-30 11:46:00 | INFO | src.jobs_xlsx.freight.get_freight_index_data | Loading Excel sheet | file=/Users/junghunlee/Desktop/Pycharm/FinancialData/data_lake/freight/china containerized freight index.xlsx | sheet=FDI | exchange=SSE | country=China
2026-08-30 11:46:00 | INFO | src.jobs_xlsx.freight.get_freight_index_data | Excel sheet loaded | file=/Users/junghunlee/Desktop/Pycharm/FinancialData/data_lake/freight/china containerized freight index.xlsx | sheet=FDI | rows=181 | columns=30
2026-08-30 11:46:00 | INFO | src.jobs_xlsx.freight.get_freight_index_data | Loading Excel sheet | file=/Users/junghunlee/Desktop/Pycharm/FinancialData/data_lake/freight/china containerized freight index.xlsx | sheet=CTFI | exchange=SSE | country=China
2026-08-30 11:46:00 | INFO | src.jobs_xlsx.freight.get_freight_index_data | Excel sheet loaded | file=/Users/junghunlee/Desktop/Pycharm/FinancialData/data_lake/freight/china containerized freight index.xlsx | sheet=CTFI | rows=181 | columns=19
2026-08-30 11:46:00 | INFO | src.jobs_xlsx.freight.get_freight_index_data | Loading Excel sheet | file=/Users/junghunlee/Desktop/Pycharm/FinancialData/data_lake/freight/china containerized freight index.xlsx | sheet=CSI | exchange=SSE | country=China
2026-08-30 11:46:00 | INFO | src.jobs_xlsx.freight.get_freight_index_data | Excel sheet loaded | file=/Users/junghunlee/Desktop/Pycharm/FinancialData/data_lake/freight/china containerized freight index.xlsx | sheet=CSI | rows=10 | columns=107
2026-08-30 11:46:00 | INFO | src.jobs_xlsx.freight.get_freight_index_data | Loading Excel sheet | file=/Users/junghunlee/Desktop/Pycharm/FinancialData/data_lake/freight/china containerized freight index.xlsx | sheet=CICFI | exchange=SSE | country=China
2026-08-30 11:46:00 | INFO | src.jobs_xlsx.freight.get_freight_index_data | Excel sheet loaded | file=/Users/junghunlee/Desktop/Pycharm/FinancialData/data_lake/freight/china containerized freight index.xlsx | sheet=CICFI | rows=40 | columns=17
2026-08-30 11:46:00 | INFO | src.jobs_xlsx.freight.get_freight_index_data | Loading Excel sheet | file=/Users/junghunlee/Desktop/Pycharm/FinancialData/data_lake/freight/china containerized freight index.xlsx | sheet=SEAFI | exchange=SSE | country=China
2026-08-30 11:46:00 | INFO | src.jobs_xlsx.freight.get_freight_index_data | Excel sheet loaded | file=/Users/junghunlee/Desktop/Pycharm/FinancialData/data_lake/freight/china containerized freight index.xlsx | sheet=SEAFI | rows=39 | columns=5
2026-08-30 11:46:00 | INFO | src.jobs_xlsx.freight.get_freight_index_data | Loading Excel sheet | file=/Users/junghunlee/Desktop/Pycharm/FinancialData/data_lake/freight/china containerized freight index.xlsx | sheet=BRTVI | exchange=SSE | country=China
2026-08-30 11:46:00 | INFO | src.jobs_xlsx.freight.get_freight_index_data | Excel sheet loaded | file=/Users/junghunlee/Desktop/Pycharm/FinancialData/data_lake/freight/china containerized freight index.xlsx | sheet=BRTVI | rows=10 | columns=13
2026-08-30 11:46:00 | INFO | src.jobs_xlsx.freight.get_freight_index_data | Loading Excel sheet | file=/Users/junghunlee/Desktop/Pycharm/FinancialData/data_lake/freight/china containerized freight index.xlsx | sheet=BRCVI | exchange=SSE | country=China
2026-08-30 11:46:00 | INFO | src.jobs_xlsx.freight.get_freight_index_data | Excel sheet loaded | file=/Users/junghunlee/Desktop/Pycharm/FinancialData/data_lake/freight/china containerized freight index.xlsx | sheet=BRCVI | rows=10 | columns=21
2026-08-30 11:46:00 | INFO | src.jobs_xlsx.freight.get_freight_index_data | Loading Excel sheet | file=/Users/junghunlee/Desktop/Pycharm/FinancialData/data_lake/freight/china containerized freight index.xlsx | sheet=SRFI | exchange=SSE | country=China
2026-08-30 11:46:00 | INFO | src.jobs_xlsx.freight.get_freight_index_data | Excel sheet loaded | file=/Users/junghunlee/Desktop/Pycharm/FinancialData/data_lake/freight/china containerized freight index.xlsx | sheet=SRFI | rows=11 | columns=26
2026-08-30 11:46:00 | INFO | src.jobs_xlsx.freight.get_freight_index_data | Loading Excel sheet | file=/Users/junghunlee/Desktop/Pycharm/FinancialData/data_lake/freight/china containerized freight index.xlsx | sheet=TWFI | exchange=SSE | country=China
2026-08-30 11:46:00 | INFO | src.jobs_xlsx.freight.get_freight_index_data | Excel sheet loaded | file=/Users/junghunlee/Desktop/Pycharm/FinancialData/data_lake/freight/china containerized freight index.xlsx | sheet=TWFI | rows=39 | columns=13
2026-08-30 11:46:00 | INFO | src.jobs_xlsx.freight.get_freight_index_data | Loading Excel sheet | file=/Users/junghunlee/Desktop/Pycharm/FinancialData/data_lake/freight/GSCPI.xlsx | sheet=GSCPI | exchange=FED | country=United States
2026-08-30 11:46:00 | INFO | src.jobs_xlsx.freight.get_freight_index_data | Excel sheet loaded | file=/Users/junghunlee/Desktop/Pycharm/FinancialData/data_lake/freight/GSCPI.xlsx | sheet=GSCPI | rows=343 | columns=5
2026-08-30 11:46:00 | INFO | src.jobs_xlsx.freight.get_freight_index_data | Loading Excel sheet | file=/Users/junghunlee/Desktop/Pycharm/FinancialData/data_lake/freight/HARPEX.xlsx | sheet=HARPEX | exchange=HARPERPETERSEN | country=Germany
2026-08-30 11:46:00 | INFO | src.jobs_xlsx.freight.get_freight_index_data | Excel sheet loaded | file=/Users/junghunlee/Desktop/Pycharm/FinancialData/data_lake/freight/HARPEX.xlsx | sheet=HARPEX | rows=841 | columns=15
2026-08-30 11:46:00 | INFO | src.jobs_xlsx.freight.get_freight_index_data | Loading Excel sheet | file=/Users/junghunlee/Desktop/Pycharm/FinancialData/data_lake/freight/KOBC Container Composite Index.xlsx | sheet=KDCI | exchange=KOBC | country=South Korea
2026-08-30 11:46:00 | INFO | src.jobs_xlsx.freight.get_freight_index_data | Excel sheet loaded | file=/Users/junghunlee/Desktop/Pycharm/FinancialData/data_lake/freight/KOBC Container Composite Index.xlsx | sheet=KDCI | rows=2574 | columns=9
2026-08-30 11:46:00 | INFO | src.jobs_xlsx.freight.get_freight_index_data | Loading Excel sheet | file=/Users/junghunlee/Desktop/Pycharm/FinancialData/data_lake/freight/KOBC Container Composite Index.xlsx | sheet=CAPE | exchange=KOBC | country=South Korea
2026-08-30 11:46:00 | INFO | src.jobs_xlsx.freight.get_freight_index_data | Excel sheet loaded | file=/Users/junghunlee/Desktop/Pycharm/FinancialData/data_lake/freight/KOBC Container Composite Index.xlsx | sheet=CAPE | rows=2556 | columns=9
2026-08-30 11:46:01 | INFO | src.jobs_xlsx.freight.get_freight_index_data | Loading Excel sheet | file=/Users/junghunlee/Desktop/Pycharm/FinancialData/data_lake/freight/KOBC Container Composite Index.xlsx | sheet=PANAMAX | exchange=KOBC | country=South Korea
2026-08-30 11:46:01 | INFO | src.jobs_xlsx.freight.get_freight_index_data | Excel sheet loaded | file=/Users/junghunlee/Desktop/Pycharm/FinancialData/data_lake/freight/KOBC Container Composite Index.xlsx | sheet=PANAMAX | rows=2572 | columns=12
2026-08-30 11:46:01 | INFO | src.jobs_xlsx.freight.get_freight_index_data | Loading Excel sheet | file=/Users/junghunlee/Desktop/Pycharm/FinancialData/data_lake/freight/KOBC Container Composite Index.xlsx | sheet=SUPRAMAX | exchange=KOBC | country=South Korea
2026-08-30 11:46:01 | INFO | src.jobs_xlsx.freight.get_freight_index_data | Excel sheet loaded | file=/Users/junghunlee/Desktop/Pycharm/FinancialData/data_lake/freight/KOBC Container Composite Index.xlsx | sheet=SUPRAMAX | rows=2566 | columns=11
2026-08-30 11:46:01 | INFO | src.jobs_xlsx.freight.get_freight_index_data | Loading Excel sheet | file=/Users/junghunlee/Desktop/Pycharm/FinancialData/data_lake/freight/KOBC Container Composite Index.xlsx | sheet=HANDY | exchange=KOBC | country=South Korea
2026-08-30 11:46:01 | INFO | src.jobs_xlsx.freight.get_freight_index_data | Excel sheet loaded | file=/Users/junghunlee/Desktop/Pycharm/FinancialData/data_lake/freight/KOBC Container Composite Index.xlsx | sheet=HANDY | rows=2566 | columns=10
2026-08-30 11:46:01 | INFO | src.jobs_xlsx.freight.get_freight_index_data | Loading Excel sheet | file=/Users/junghunlee/Desktop/Pycharm/FinancialData/data_lake/freight/Ningbo Container Freight Index.xlsx | sheet=NCFI | exchange=NSE | country=China
2026-08-30 11:46:01 | INFO | src.jobs_xlsx.freight.get_freight_index_data | Excel sheet loaded | file=/Users/junghunlee/Desktop/Pycharm/FinancialData/data_lake/freight/Ningbo Container Freight Index.xlsx | sheet=NCFI | rows=206 | columns=26
2026-08-30 11:46:01 | INFO | src.jobs_xlsx.freight.get_freight_index_data | Parquet saved | output_path=/Users/junghunlee/Desktop/Pycharm/FinancialData/data_warehouse/raw/freight/freights_index.parquet | rows=116828 | symbols=352
2026-09-02 03:09:18 | INFO | src.jobs_xlsx.freight.get_freight_index_data | Excel wide value loader started | config_path=config/freight_jobs.yaml
2026-09-02 03:09:18 | INFO | src.jobs_xlsx.freight.get_freight_index_data | Loading Excel sheet | file=/Users/junghunlee/Desktop/Pycharm/FinancialData/data_lake/freight/china containerized freight index.xlsx | sheet=CCFI | exchange=SSE | country=China
2026-09-02 03:09:18 | INFO | src.jobs_xlsx.freight.get_freight_index_data | Excel sheet loaded | file=/Users/junghunlee/Desktop/Pycharm/FinancialData/data_lake/freight/china containerized freight index.xlsx | sheet=CCFI | rows=1270 | columns=17
2026-09-02 03:09:18 | INFO | src.jobs_xlsx.freight.get_freight_index_data | Loading Excel sheet | file=/Users/junghunlee/Desktop/Pycharm/FinancialData/data_lake/freight/china containerized freight index.xlsx | sheet=SCFI | exchange=SSE | country=China
2026-09-02 03:09:18 | INFO | src.jobs_xlsx.freight.get_freight_index_data | Excel sheet loaded | file=/Users/junghunlee/Desktop/Pycharm/FinancialData/data_lake/freight/china containerized freight index.xlsx | sheet=SCFI | rows=866 | columns=5
2026-09-02 03:09:18 | INFO | src.jobs_xlsx.freight.get_freight_index_data | Loading Excel sheet | file=/Users/junghunlee/Desktop/Pycharm/FinancialData/data_lake/freight/china containerized freight index.xlsx | sheet=SCFIS | exchange=SSE | country=China
2026-09-02 03:09:18 | INFO | src.jobs_xlsx.freight.get_freight_index_data | Excel sheet loaded | file=/Users/junghunlee/Desktop/Pycharm/FinancialData/data_lake/freight/china containerized freight index.xlsx | sheet=SCFIS | rows=40 | columns=6
2026-09-02 03:09:18 | INFO | src.jobs_xlsx.freight.get_freight_index_data | Loading Excel sheet | file=/Users/junghunlee/Desktop/Pycharm/FinancialData/data_lake/freight/china containerized freight index.xlsx | sheet=CBFI | exchange=SSE | country=China
2026-09-02 03:09:18 | INFO | src.jobs_xlsx.freight.get_freight_index_data | Excel sheet loaded | file=/Users/junghunlee/Desktop/Pycharm/FinancialData/data_lake/freight/china containerized freight index.xlsx | sheet=CBFI | rows=39 | columns=31
2026-09-02 03:09:18 | INFO | src.jobs_xlsx.freight.get_freight_index_data | Loading Excel sheet | file=/Users/junghunlee/Desktop/Pycharm/FinancialData/data_lake/freight/china containerized freight index.xlsx | sheet=CBCFI | exchange=SSE | country=China
2026-09-02 03:09:18 | INFO | src.jobs_xlsx.freight.get_freight_index_data | Excel sheet loaded | file=/Users/junghunlee/Desktop/Pycharm/FinancialData/data_lake/freight/china containerized freight index.xlsx | sheet=CBCFI | rows=183 | columns=5
2026-09-02 03:09:18 | INFO | src.jobs_xlsx.freight.get_freight_index_data | Loading Excel sheet | file=/Users/junghunlee/Desktop/Pycharm/FinancialData/data_lake/freight/china containerized freight index.xlsx | sheet=CBOFI | exchange=SSE | country=China
2026-09-02 03:09:18 | INFO | src.jobs_xlsx.freight.get_freight_index_data | Excel sheet loaded | file=/Users/junghunlee/Desktop/Pycharm/FinancialData/data_lake/freight/china containerized freight index.xlsx | sheet=CBOFI | rows=111 | columns=10
2026-09-02 03:09:18 | INFO | src.jobs_xlsx.freight.get_freight_index_data | Loading Excel sheet | file=/Users/junghunlee/Desktop/Pycharm/FinancialData/data_lake/freight/china containerized freight index.xlsx | sheet=CBGFI | exchange=SSE | country=China
2026-09-02 03:09:18 | INFO | src.jobs_xlsx.freight.get_freight_index_data | Excel sheet loaded | file=/Users/junghunlee/Desktop/Pycharm/FinancialData/data_lake/freight/china containerized freight index.xlsx | sheet=CBGFI | rows=38 | columns=8
2026-09-02 03:09:18 | INFO | src.jobs_xlsx.freight.get_freight_index_data | Loading Excel sheet | file=/Users/junghunlee/Desktop/Pycharm/FinancialData/data_lake/freight/china containerized freight index.xlsx | sheet=CDFI | exchange=SSE | country=China
2026-09-02 03:09:19 | INFO | src.jobs_xlsx.freight.get_freight_index_data | Excel sheet loaded | file=/Users/junghunlee/Desktop/Pycharm/FinancialData/data_lake/freight/china containerized freight index.xlsx | sheet=CDFI | rows=183 | columns=22
2026-09-02 03:09:19 | INFO | src.jobs_xlsx.freight.get_freight_index_data | Loading Excel sheet | file=/Users/junghunlee/Desktop/Pycharm/FinancialData/data_lake/freight/china containerized freight index.xlsx | sheet=FDI | exchange=SSE | country=China
2026-09-02 03:09:19 | INFO | src.jobs_xlsx.freight.get_freight_index_data | Excel sheet loaded | file=/Users/junghunlee/Desktop/Pycharm/FinancialData/data_lake/freight/china containerized freight index.xlsx | sheet=FDI | rows=183 | columns=30
2026-09-02 03:09:19 | INFO | src.jobs_xlsx.freight.get_freight_index_data | Loading Excel sheet | file=/Users/junghunlee/Desktop/Pycharm/FinancialData/data_lake/freight/china containerized freight index.xlsx | sheet=CTFI | exchange=SSE | country=China
2026-09-02 03:09:19 | INFO | src.jobs_xlsx.freight.get_freight_index_data | Excel sheet loaded | file=/Users/junghunlee/Desktop/Pycharm/FinancialData/data_lake/freight/china containerized freight index.xlsx | sheet=CTFI | rows=183 | columns=19
2026-09-02 03:09:19 | INFO | src.jobs_xlsx.freight.get_freight_index_data | Loading Excel sheet | file=/Users/junghunlee/Desktop/Pycharm/FinancialData/data_lake/freight/china containerized freight index.xlsx | sheet=CSI | exchange=SSE | country=China
2026-09-02 03:09:19 | INFO | src.jobs_xlsx.freight.get_freight_index_data | Excel sheet loaded | file=/Users/junghunlee/Desktop/Pycharm/FinancialData/data_lake/freight/china containerized freight index.xlsx | sheet=CSI | rows=10 | columns=107
2026-09-02 03:09:19 | INFO | src.jobs_xlsx.freight.get_freight_index_data | Loading Excel sheet | file=/Users/junghunlee/Desktop/Pycharm/FinancialData/data_lake/freight/china containerized freight index.xlsx | sheet=CICFI | exchange=SSE | country=China
2026-09-02 03:09:19 | INFO | src.jobs_xlsx.freight.get_freight_index_data | Excel sheet loaded | file=/Users/junghunlee/Desktop/Pycharm/FinancialData/data_lake/freight/china containerized freight index.xlsx | sheet=CICFI | rows=40 | columns=17
2026-09-02 03:09:19 | INFO | src.jobs_xlsx.freight.get_freight_index_data | Loading Excel sheet | file=/Users/junghunlee/Desktop/Pycharm/FinancialData/data_lake/freight/china containerized freight index.xlsx | sheet=SEAFI | exchange=SSE | country=China
2026-09-02 03:09:19 | INFO | src.jobs_xlsx.freight.get_freight_index_data | Excel sheet loaded | file=/Users/junghunlee/Desktop/Pycharm/FinancialData/data_lake/freight/china containerized freight index.xlsx | sheet=SEAFI | rows=39 | columns=5
2026-09-02 03:09:19 | INFO | src.jobs_xlsx.freight.get_freight_index_data | Loading Excel sheet | file=/Users/junghunlee/Desktop/Pycharm/FinancialData/data_lake/freight/china containerized freight index.xlsx | sheet=BRTVI | exchange=SSE | country=China
2026-09-02 03:09:19 | INFO | src.jobs_xlsx.freight.get_freight_index_data | Excel sheet loaded | file=/Users/junghunlee/Desktop/Pycharm/FinancialData/data_lake/freight/china containerized freight index.xlsx | sheet=BRTVI | rows=10 | columns=13
2026-09-02 03:09:19 | INFO | src.jobs_xlsx.freight.get_freight_index_data | Loading Excel sheet | file=/Users/junghunlee/Desktop/Pycharm/FinancialData/data_lake/freight/china containerized freight index.xlsx | sheet=BRCVI | exchange=SSE | country=China
2026-09-02 03:09:19 | INFO | src.jobs_xlsx.freight.get_freight_index_data | Excel sheet loaded | file=/Users/junghunlee/Desktop/Pycharm/FinancialData/data_lake/freight/china containerized freight index.xlsx | sheet=BRCVI | rows=10 | columns=21
2026-09-02 03:09:19 | INFO | src.jobs_xlsx.freight.get_freight_index_data | Loading Excel sheet | file=/Users/junghunlee/Desktop/Pycharm/FinancialData/data_lake/freight/china containerized freight index.xlsx | sheet=SRFI | exchange=SSE | country=China
2026-09-02 03:09:19 | INFO | src.jobs_xlsx.freight.get_freight_index_data | Excel sheet loaded | file=/Users/junghunlee/Desktop/Pycharm/FinancialData/data_lake/freight/china containerized freight index.xlsx | sheet=SRFI | rows=11 | columns=26
2026-09-02 03:09:19 | INFO | src.jobs_xlsx.freight.get_freight_index_data | Loading Excel sheet | file=/Users/junghunlee/Desktop/Pycharm/FinancialData/data_lake/freight/china containerized freight index.xlsx | sheet=TWFI | exchange=SSE | country=China
2026-09-02 03:09:19 | INFO | src.jobs_xlsx.freight.get_freight_index_data | Excel sheet loaded | file=/Users/junghunlee/Desktop/Pycharm/FinancialData/data_lake/freight/china containerized freight index.xlsx | sheet=TWFI | rows=39 | columns=13
2026-09-02 03:09:19 | INFO | src.jobs_xlsx.freight.get_freight_index_data | Loading Excel sheet | file=/Users/junghunlee/Desktop/Pycharm/FinancialData/data_lake/freight/GSCPI.xlsx | sheet=GSCPI | exchange=FED | country=United States
2026-09-02 03:09:19 | INFO | src.jobs_xlsx.freight.get_freight_index_data | Excel sheet loaded | file=/Users/junghunlee/Desktop/Pycharm/FinancialData/data_lake/freight/GSCPI.xlsx | sheet=GSCPI | rows=343 | columns=5
2026-09-02 03:09:19 | INFO | src.jobs_xlsx.freight.get_freight_index_data | Loading Excel sheet | file=/Users/junghunlee/Desktop/Pycharm/FinancialData/data_lake/freight/HARPEX.xlsx | sheet=HARPEX | exchange=HARPERPETERSEN | country=Germany
2026-09-02 03:09:19 | INFO | src.jobs_xlsx.freight.get_freight_index_data | Excel sheet loaded | file=/Users/junghunlee/Desktop/Pycharm/FinancialData/data_lake/freight/HARPEX.xlsx | sheet=HARPEX | rows=841 | columns=15
2026-09-02 03:09:19 | INFO | src.jobs_xlsx.freight.get_freight_index_data | Loading Excel sheet | file=/Users/junghunlee/Desktop/Pycharm/FinancialData/data_lake/freight/KOBC Container Composite Index.xlsx | sheet=KDCI | exchange=KOBC | country=South Korea
2026-09-02 03:09:19 | INFO | src.jobs_xlsx.freight.get_freight_index_data | Excel sheet loaded | file=/Users/junghunlee/Desktop/Pycharm/FinancialData/data_lake/freight/KOBC Container Composite Index.xlsx | sheet=KDCI | rows=2574 | columns=9
2026-09-02 03:09:19 | INFO | src.jobs_xlsx.freight.get_freight_index_data | Loading Excel sheet | file=/Users/junghunlee/Desktop/Pycharm/FinancialData/data_lake/freight/KOBC Container Composite Index.xlsx | sheet=CAPE | exchange=KOBC | country=South Korea
2026-09-02 03:09:19 | INFO | src.jobs_xlsx.freight.get_freight_index_data | Excel sheet loaded | file=/Users/junghunlee/Desktop/Pycharm/FinancialData/data_lake/freight/KOBC Container Composite Index.xlsx | sheet=CAPE | rows=2556 | columns=9
2026-09-02 03:09:19 | INFO | src.jobs_xlsx.freight.get_freight_index_data | Loading Excel sheet | file=/Users/junghunlee/Desktop/Pycharm/FinancialData/data_lake/freight/KOBC Container Composite Index.xlsx | sheet=PANAMAX | exchange=KOBC | country=South Korea
2026-09-02 03:09:19 | INFO | src.jobs_xlsx.freight.get_freight_index_data | Excel sheet loaded | file=/Users/junghunlee/Desktop/Pycharm/FinancialData/data_lake/freight/KOBC Container Composite Index.xlsx | sheet=PANAMAX | rows=2572 | columns=12
2026-09-02 03:09:19 | INFO | src.jobs_xlsx.freight.get_freight_index_data | Loading Excel sheet | file=/Users/junghunlee/Desktop/Pycharm/FinancialData/data_lake/freight/KOBC Container Composite Index.xlsx | sheet=SUPRAMAX | exchange=KOBC | country=South Korea
2026-09-02 03:09:20 | INFO | src.jobs_xlsx.freight.get_freight_index_data | Excel sheet loaded | file=/Users/junghunlee/Desktop/Pycharm/FinancialData/data_lake/freight/KOBC Container Composite Index.xlsx | sheet=SUPRAMAX | rows=2566 | columns=11
2026-09-02 03:09:20 | INFO | src.jobs_xlsx.freight.get_freight_index_data | Loading Excel sheet | file=/Users/junghunlee/Desktop/Pycharm/FinancialData/data_lake/freight/KOBC Container Composite Index.xlsx | sheet=HANDY | exchange=KOBC | country=South Korea
2026-09-02 03:09:20 | INFO | src.jobs_xlsx.freight.get_freight_index_data | Excel sheet loaded | file=/Users/junghunlee/Desktop/Pycharm/FinancialData/data_lake/freight/KOBC Container Composite Index.xlsx | sheet=HANDY | rows=2566 | columns=10
2026-09-02 03:09:20 | INFO | src.jobs_xlsx.freight.get_freight_index_data | Loading Excel sheet | file=/Users/junghunlee/Desktop/Pycharm/FinancialData/data_lake/freight/Ningbo Container Freight Index.xlsx | sheet=NCFI | exchange=NSE | country=China
2026-09-02 03:09:20 | INFO | src.jobs_xlsx.freight.get_freight_index_data | Excel sheet loaded | file=/Users/junghunlee/Desktop/Pycharm/FinancialData/data_lake/freight/Ningbo Container Freight Index.xlsx | sheet=NCFI | rows=206 | columns=26
2026-09-02 03:09:20 | INFO | src.jobs_xlsx.freight.get_freight_index_data | Parquet saved | output_path=/Users/junghunlee/Desktop/Pycharm/FinancialData/data_warehouse/raw/freight/freights_index.parquet | rows=116956 | symbols=352
2026-09-04 02:51:30 | INFO | src.jobs_xlsx.freight.get_freight_index_data | Excel wide value loader started | config_path=config/freight_jobs.yaml
2026-09-04 02:51:30 | INFO | src.jobs_xlsx.freight.get_freight_index_data | Loading Excel sheet | file=/Users/junghunlee/Desktop/Pycharm/FinancialData/data_lake/freight/china containerized freight index.xlsx | sheet=CCFI | exchange=SSE | country=China
2026-09-04 02:51:30 | INFO | src.jobs_xlsx.freight.get_freight_index_data | Excel sheet loaded | file=/Users/junghunlee/Desktop/Pycharm/FinancialData/data_lake/freight/china containerized freight index.xlsx | sheet=CCFI | rows=1270 | columns=17
2026-09-04 02:51:30 | INFO | src.jobs_xlsx.freight.get_freight_index_data | Loading Excel sheet | file=/Users/junghunlee/Desktop/Pycharm/FinancialData/data_lake/freight/china containerized freight index.xlsx | sheet=SCFI | exchange=SSE | country=China
2026-09-04 02:51:30 | INFO | src.jobs_xlsx.freight.get_freight_index_data | Excel sheet loaded | file=/Users/junghunlee/Desktop/Pycharm/FinancialData/data_lake/freight/china containerized freight index.xlsx | sheet=SCFI | rows=866 | columns=5
2026-09-04 02:51:30 | INFO | src.jobs_xlsx.freight.get_freight_index_data | Loading Excel sheet | file=/Users/junghunlee/Desktop/Pycharm/FinancialData/data_lake/freight/china containerized freight index.xlsx | sheet=SCFIS | exchange=SSE | country=China
2026-09-04 02:51:30 | INFO | src.jobs_xlsx.freight.get_freight_index_data | Excel sheet loaded | file=/Users/junghunlee/Desktop/Pycharm/FinancialData/data_lake/freight/china containerized freight index.xlsx | sheet=SCFIS | rows=40 | columns=6
2026-09-04 02:51:30 | INFO | src.jobs_xlsx.freight.get_freight_index_data | Loading Excel sheet | file=/Users/junghunlee/Desktop/Pycharm/FinancialData/data_lake/freight/china containerized freight index.xlsx | sheet=CBFI | exchange=SSE | country=China
2026-09-04 02:51:30 | INFO | src.jobs_xlsx.freight.get_freight_index_data | Excel sheet loaded | file=/Users/junghunlee/Desktop/Pycharm/FinancialData/data_lake/freight/china containerized freight index.xlsx | sheet=CBFI | rows=39 | columns=31
2026-09-04 02:51:30 | INFO | src.jobs_xlsx.freight.get_freight_index_data | Loading Excel sheet | file=/Users/junghunlee/Desktop/Pycharm/FinancialData/data_lake/freight/china containerized freight index.xlsx | sheet=CBCFI | exchange=SSE | country=China
2026-09-04 02:51:30 | INFO | src.jobs_xlsx.freight.get_freight_index_data | Excel sheet loaded | file=/Users/junghunlee/Desktop/Pycharm/FinancialData/data_lake/freight/china containerized freight index.xlsx | sheet=CBCFI | rows=185 | columns=5
2026-09-04 02:51:30 | INFO | src.jobs_xlsx.freight.get_freight_index_data | Loading Excel sheet | file=/Users/junghunlee/Desktop/Pycharm/FinancialData/data_lake/freight/china containerized freight index.xlsx | sheet=CBOFI | exchange=SSE | country=China
2026-09-04 02:51:30 | INFO | src.jobs_xlsx.freight.get_freight_index_data | Excel sheet loaded | file=/Users/junghunlee/Desktop/Pycharm/FinancialData/data_lake/freight/china containerized freight index.xlsx | sheet=CBOFI | rows=112 | columns=10
2026-09-04 02:51:30 | INFO | src.jobs_xlsx.freight.get_freight_index_data | Loading Excel sheet | file=/Users/junghunlee/Desktop/Pycharm/FinancialData/data_lake/freight/china containerized freight index.xlsx | sheet=CBGFI | exchange=SSE | country=China
2026-09-04 02:51:30 | INFO | src.jobs_xlsx.freight.get_freight_index_data | Excel sheet loaded | file=/Users/junghunlee/Desktop/Pycharm/FinancialData/data_lake/freight/china containerized freight index.xlsx | sheet=CBGFI | rows=38 | columns=8
2026-09-04 02:51:30 | INFO | src.jobs_xlsx.freight.get_freight_index_data | Loading Excel sheet | file=/Users/junghunlee/Desktop/Pycharm/FinancialData/data_lake/freight/china containerized freight index.xlsx | sheet=CDFI | exchange=SSE | country=China
2026-09-04 02:51:30 | INFO | src.jobs_xlsx.freight.get_freight_index_data | Excel sheet loaded | file=/Users/junghunlee/Desktop/Pycharm/FinancialData/data_lake/freight/china containerized freight index.xlsx | sheet=CDFI | rows=185 | columns=22
2026-09-04 02:51:30 | INFO | src.jobs_xlsx.freight.get_freight_index_data | Loading Excel sheet | file=/Users/junghunlee/Desktop/Pycharm/FinancialData/data_lake/freight/china containerized freight index.xlsx | sheet=FDI | exchange=SSE | country=China
2026-09-04 02:51:30 | INFO | src.jobs_xlsx.freight.get_freight_index_data | Excel sheet loaded | file=/Users/junghunlee/Desktop/Pycharm/FinancialData/data_lake/freight/china containerized freight index.xlsx | sheet=FDI | rows=185 | columns=30
2026-09-04 02:51:30 | INFO | src.jobs_xlsx.freight.get_freight_index_data | Loading Excel sheet | file=/Users/junghunlee/Desktop/Pycharm/FinancialData/data_lake/freight/china containerized freight index.xlsx | sheet=CTFI | exchange=SSE | country=China
2026-09-04 02:51:30 | INFO | src.jobs_xlsx.freight.get_freight_index_data | Excel sheet loaded | file=/Users/junghunlee/Desktop/Pycharm/FinancialData/data_lake/freight/china containerized freight index.xlsx | sheet=CTFI | rows=185 | columns=19
2026-09-04 02:51:30 | INFO | src.jobs_xlsx.freight.get_freight_index_data | Loading Excel sheet | file=/Users/junghunlee/Desktop/Pycharm/FinancialData/data_lake/freight/china containerized freight index.xlsx | sheet=CSI | exchange=SSE | country=China
2026-09-04 02:51:31 | INFO | src.jobs_xlsx.freight.get_freight_index_data | Excel sheet loaded | file=/Users/junghunlee/Desktop/Pycharm/FinancialData/data_lake/freight/china containerized freight index.xlsx | sheet=CSI | rows=10 | columns=107
2026-09-04 02:51:31 | INFO | src.jobs_xlsx.freight.get_freight_index_data | Loading Excel sheet | file=/Users/junghunlee/Desktop/Pycharm/FinancialData/data_lake/freight/china containerized freight index.xlsx | sheet=CICFI | exchange=SSE | country=China
2026-09-04 02:51:31 | INFO | src.jobs_xlsx.freight.get_freight_index_data | Excel sheet loaded | file=/Users/junghunlee/Desktop/Pycharm/FinancialData/data_lake/freight/china containerized freight index.xlsx | sheet=CICFI | rows=41 | columns=17
2026-09-04 02:51:31 | INFO | src.jobs_xlsx.freight.get_freight_index_data | Loading Excel sheet | file=/Users/junghunlee/Desktop/Pycharm/FinancialData/data_lake/freight/china containerized freight index.xlsx | sheet=SEAFI | exchange=SSE | country=China
2026-09-04 02:51:31 | INFO | src.jobs_xlsx.freight.get_freight_index_data | Excel sheet loaded | file=/Users/junghunlee/Desktop/Pycharm/FinancialData/data_lake/freight/china containerized freight index.xlsx | sheet=SEAFI | rows=39 | columns=5
2026-09-04 02:51:31 | INFO | src.jobs_xlsx.freight.get_freight_index_data | Loading Excel sheet | file=/Users/junghunlee/Desktop/Pycharm/FinancialData/data_lake/freight/china containerized freight index.xlsx | sheet=BRTVI | exchange=SSE | country=China
2026-09-04 02:51:31 | INFO | src.jobs_xlsx.freight.get_freight_index_data | Excel sheet loaded | file=/Users/junghunlee/Desktop/Pycharm/FinancialData/data_lake/freight/china containerized freight index.xlsx | sheet=BRTVI | rows=10 | columns=13
2026-09-04 02:51:31 | INFO | src.jobs_xlsx.freight.get_freight_index_data | Loading Excel sheet | file=/Users/junghunlee/Desktop/Pycharm/FinancialData/data_lake/freight/china containerized freight index.xlsx | sheet=BRCVI | exchange=SSE | country=China
2026-09-04 02:51:31 | INFO | src.jobs_xlsx.freight.get_freight_index_data | Excel sheet loaded | file=/Users/junghunlee/Desktop/Pycharm/FinancialData/data_lake/freight/china containerized freight index.xlsx | sheet=BRCVI | rows=10 | columns=21
2026-09-04 02:51:31 | INFO | src.jobs_xlsx.freight.get_freight_index_data | Loading Excel sheet | file=/Users/junghunlee/Desktop/Pycharm/FinancialData/data_lake/freight/china containerized freight index.xlsx | sheet=SRFI | exchange=SSE | country=China
2026-09-04 02:51:31 | INFO | src.jobs_xlsx.freight.get_freight_index_data | Excel sheet loaded | file=/Users/junghunlee/Desktop/Pycharm/FinancialData/data_lake/freight/china containerized freight index.xlsx | sheet=SRFI | rows=11 | columns=26
2026-09-04 02:51:31 | INFO | src.jobs_xlsx.freight.get_freight_index_data | Loading Excel sheet | file=/Users/junghunlee/Desktop/Pycharm/FinancialData/data_lake/freight/china containerized freight index.xlsx | sheet=TWFI | exchange=SSE | country=China
2026-09-04 02:51:31 | INFO | src.jobs_xlsx.freight.get_freight_index_data | Excel sheet loaded | file=/Users/junghunlee/Desktop/Pycharm/FinancialData/data_lake/freight/china containerized freight index.xlsx | sheet=TWFI | rows=40 | columns=13
2026-09-04 02:51:31 | INFO | src.jobs_xlsx.freight.get_freight_index_data | Loading Excel sheet | file=/Users/junghunlee/Desktop/Pycharm/FinancialData/data_lake/freight/GSCPI.xlsx | sheet=GSCPI | exchange=FED | country=United States
2026-09-04 02:51:31 | INFO | src.jobs_xlsx.freight.get_freight_index_data | Excel sheet loaded | file=/Users/junghunlee/Desktop/Pycharm/FinancialData/data_lake/freight/GSCPI.xlsx | sheet=GSCPI | rows=343 | columns=5
2026-09-04 02:51:31 | INFO | src.jobs_xlsx.freight.get_freight_index_data | Loading Excel sheet | file=/Users/junghunlee/Desktop/Pycharm/FinancialData/data_lake/freight/HARPEX.xlsx | sheet=HARPEX | exchange=HARPERPETERSEN | country=Germany
2026-09-04 02:51:31 | INFO | src.jobs_xlsx.freight.get_freight_index_data | Excel sheet loaded | file=/Users/junghunlee/Desktop/Pycharm/FinancialData/data_lake/freight/HARPEX.xlsx | sheet=HARPEX | rows=841 | columns=15
2026-09-04 02:51:31 | INFO | src.jobs_xlsx.freight.get_freight_index_data | Loading Excel sheet | file=/Users/junghunlee/Desktop/Pycharm/FinancialData/data_lake/freight/KOBC Container Composite Index.xlsx | sheet=KDCI | exchange=KOBC | country=South Korea
2026-09-04 02:51:31 | INFO | src.jobs_xlsx.freight.get_freight_index_data | Excel sheet loaded | file=/Users/junghunlee/Desktop/Pycharm/FinancialData/data_lake/freight/KOBC Container Composite Index.xlsx | sheet=KDCI | rows=2574 | columns=9
2026-09-04 02:51:31 | INFO | src.jobs_xlsx.freight.get_freight_index_data | Loading Excel sheet | file=/Users/junghunlee/Desktop/Pycharm/FinancialData/data_lake/freight/KOBC Container Composite Index.xlsx | sheet=CAPE | exchange=KOBC | country=South Korea
2026-09-04 02:51:31 | INFO | src.jobs_xlsx.freight.get_freight_index_data | Excel sheet loaded | file=/Users/junghunlee/Desktop/Pycharm/FinancialData/data_lake/freight/KOBC Container Composite Index.xlsx | sheet=CAPE | rows=2556 | columns=9
2026-09-04 02:51:31 | INFO | src.jobs_xlsx.freight.get_freight_index_data | Loading Excel sheet | file=/Users/junghunlee/Desktop/Pycharm/FinancialData/data_lake/freight/KOBC Container Composite Index.xlsx | sheet=PANAMAX | exchange=KOBC | country=South Korea
2026-09-04 02:51:31 | INFO | src.jobs_xlsx.freight.get_freight_index_data | Excel sheet loaded | file=/Users/junghunlee/Desktop/Pycharm/FinancialData/data_lake/freight/KOBC Container Composite Index.xlsx | sheet=PANAMAX | rows=2572 | columns=12
2026-09-04 02:51:31 | INFO | src.jobs_xlsx.freight.get_freight_index_data | Loading Excel sheet | file=/Users/junghunlee/Desktop/Pycharm/FinancialData/data_lake/freight/KOBC Container Composite Index.xlsx | sheet=SUPRAMAX | exchange=KOBC | country=South Korea
2026-09-04 02:51:31 | INFO | src.jobs_xlsx.freight.get_freight_index_data | Excel sheet loaded | file=/Users/junghunlee/Desktop/Pycharm/FinancialData/data_lake/freight/KOBC Container Composite Index.xlsx | sheet=SUPRAMAX | rows=2566 | columns=11
2026-09-04 02:51:31 | INFO | src.jobs_xlsx.freight.get_freight_index_data | Loading Excel sheet | file=/Users/junghunlee/Desktop/Pycharm/FinancialData/data_lake/freight/KOBC Container Composite Index.xlsx | sheet=HANDY | exchange=KOBC | country=South Korea
2026-09-04 02:51:32 | INFO | src.jobs_xlsx.freight.get_freight_index_data | Excel sheet loaded | file=/Users/junghunlee/Desktop/Pycharm/FinancialData/data_lake/freight/KOBC Container Composite Index.xlsx | sheet=HANDY | rows=2566 | columns=10
2026-09-04 02:51:32 | INFO | src.jobs_xlsx.freight.get_freight_index_data | Loading Excel sheet | file=/Users/junghunlee/Desktop/Pycharm/FinancialData/data_lake/freight/Ningbo Container Freight Index.xlsx | sheet=NCFI | exchange=NSE | country=China
2026-09-04 02:51:32 | INFO | src.jobs_xlsx.freight.get_freight_index_data | Excel sheet loaded | file=/Users/junghunlee/Desktop/Pycharm/FinancialData/data_lake/freight/Ningbo Container Freight Index.xlsx | sheet=NCFI | rows=206 | columns=26
2026-09-04 02:51:32 | INFO | src.jobs_xlsx.freight.get_freight_index_data | Parquet saved | output_path=/Users/junghunlee/Desktop/Pycharm/FinancialData/data_warehouse/raw/freight/freights_index.parquet | rows=117104 | symbols=352
