2026-06-12 17:16:23 | INFO | src.jobs_xlsx.get_macro_data | Macro data has been downloaded | symbol=CPIYOY | rows=676 | output_path=C:\Users\krm\PycharmProjects\AlternativeData\data_lake\raw\macro\USA\USCPI_YoY.parquet
2026-06-12 17:16:23 | INFO | src.jobs_xlsx.get_macro_data | Macro data has been downloaded | symbol=PAYEMS | rows=677 | output_path=C:\Users\krm\PycharmProjects\AlternativeData\data_lake\raw\macro\USA\Nonfarm_Payrolls.parquet
2026-06-12 17:20:45 | INFO | src.jobs_xlsx.get_macro_data | Macro data has been downloaded | symbol=CPIYOY | rows=676 | output_path=C:\Users\krm\PycharmProjects\AlternativeData\data_lake\raw\macro\USA\USCPI_YoY.parquet
2026-06-12 17:20:45 | INFO | src.jobs_xlsx.get_macro_data | Macro data has been downloaded | symbol=PAYEMS | rows=677 | output_path=C:\Users\krm\PycharmProjects\AlternativeData\data_lake\raw\macro\USA\Nonfarm_Payrolls.parquet
2026-06-12 17:20:45 | INFO | src.jobs_xlsx.get_macro_data | Macro data has been downloaded | symbol=NAPMPMI | rows=677 | output_path=C:\Users\krm\PycharmProjects\AlternativeData\data_lake\raw\macro\USA\NAPMPMI.parquet
2026-06-12 17:20:45 | INFO | src.jobs_xlsx.get_macro_data | Macro data has been downloaded | symbol=NAPMNEWO | rows=677 | output_path=C:\Users\krm\PycharmProjects\AlternativeData\data_lake\raw\macro\USA\NAPMNEWO.parquet
2026-06-12 17:20:45 | INFO | src.jobs_xlsx.get_macro_data | Macro data has been downloaded | symbol=NAPMNMI | rows=346 | output_path=C:\Users\krm\PycharmProjects\AlternativeData\data_lake\raw\macro\USA\NAPMNMI.parquet
2026-06-12 17:20:45 | INFO | src.jobs_xlsx.get_macro_data | Macro data has been downloaded | symbol=NAPMNNO | rows=346 | output_path=C:\Users\krm\PycharmProjects\AlternativeData\data_lake\raw\macro\USA\NAPMNNO.parquet
2026-06-12 17:20:45 | INFO | src.jobs_xlsx.get_macro_data | Macro data has been downloaded | symbol=NAPMNSD | rows=346 | output_path=C:\Users\krm\PycharmProjects\AlternativeData\data_lake\raw\macro\USA\NAPMNSD.parquet
2026-06-12 17:30:15 | INFO | src.jobs_xlsx.get_macro_data | Macro data has been downloaded | symbol=CPIYOY | rows=676 | output_path=C:\Users\krm\PycharmProjects\AlternativeData\data_lake\raw\macro\USA\USCPI_YoY.parquet
2026-06-12 17:30:16 | INFO | src.jobs_xlsx.get_macro_data | Macro data has been downloaded | symbol=PAYEMS | rows=677 | output_path=C:\Users\krm\PycharmProjects\AlternativeData\data_lake\raw\macro\USA\Nonfarm_Payrolls.parquet
2026-06-12 17:30:16 | INFO | src.jobs_xlsx.get_macro_data | Macro data has been downloaded | symbol=NAPMPMI | rows=677 | output_path=C:\Users\krm\PycharmProjects\AlternativeData\data_lake\raw\macro\USA\NAPMPMI.parquet
2026-06-12 17:30:16 | INFO | src.jobs_xlsx.get_macro_data | Macro data has been downloaded | symbol=NAPMNEWO | rows=677 | output_path=C:\Users\krm\PycharmProjects\AlternativeData\data_lake\raw\macro\USA\NAPMNEWO.parquet
2026-06-12 17:30:16 | INFO | src.jobs_xlsx.get_macro_data | Macro data has been downloaded | symbol=NAPMNMI | rows=346 | output_path=C:\Users\krm\PycharmProjects\AlternativeData\data_lake\raw\macro\USA\NAPMNMI.parquet
2026-06-12 17:30:16 | INFO | src.jobs_xlsx.get_macro_data | Macro data has been downloaded | symbol=NAPMNNO | rows=346 | output_path=C:\Users\krm\PycharmProjects\AlternativeData\data_lake\raw\macro\USA\NAPMNNO.parquet
2026-06-12 17:30:16 | INFO | src.jobs_xlsx.get_macro_data | Macro data has been downloaded | symbol=NAPMNSD | rows=346 | output_path=C:\Users\krm\PycharmProjects\AlternativeData\data_lake\raw\macro\USA\NAPMNSD.parquet
2026-06-12 17:30:16 | INFO | src.jobs_xlsx.get_macro_data | Macro data has been downloaded | symbol=JPCPIYOY | rows=663 | output_path=C:\Users\krm\PycharmProjects\AlternativeData\data_lake\raw\macro\Japan\JPCPIYOY.parquet
2026-06-12 17:31:19 | INFO | src.jobs_xlsx.get_macro_data | Macro data has been downloaded | symbol=CPIYOY | rows=676 | output_path=C:\Users\krm\PycharmProjects\AlternativeData\data_lake\raw\macro\USA\USCPI_YoY.parquet
2026-06-12 17:31:20 | INFO | src.jobs_xlsx.get_macro_data | Macro data has been downloaded | symbol=PAYEMS | rows=677 | output_path=C:\Users\krm\PycharmProjects\AlternativeData\data_lake\raw\macro\USA\Nonfarm_Payrolls.parquet
2026-06-12 17:31:20 | INFO | src.jobs_xlsx.get_macro_data | Macro data has been downloaded | symbol=NAPMPMI | rows=677 | output_path=C:\Users\krm\PycharmProjects\AlternativeData\data_lake\raw\macro\USA\NAPMPMI.parquet
2026-06-12 17:31:20 | INFO | src.jobs_xlsx.get_macro_data | Macro data has been downloaded | symbol=NAPMNEWO | rows=677 | output_path=C:\Users\krm\PycharmProjects\AlternativeData\data_lake\raw\macro\USA\NAPMNEWO.parquet
2026-06-12 17:31:20 | INFO | src.jobs_xlsx.get_macro_data | Macro data has been downloaded | symbol=NAPMNMI | rows=346 | output_path=C:\Users\krm\PycharmProjects\AlternativeData\data_lake\raw\macro\USA\NAPMNMI.parquet
2026-06-12 17:31:20 | INFO | src.jobs_xlsx.get_macro_data | Macro data has been downloaded | symbol=NAPMNNO | rows=346 | output_path=C:\Users\krm\PycharmProjects\AlternativeData\data_lake\raw\macro\USA\NAPMNNO.parquet
2026-06-12 17:31:20 | INFO | src.jobs_xlsx.get_macro_data | Macro data has been downloaded | symbol=NAPMNSD | rows=346 | output_path=C:\Users\krm\PycharmProjects\AlternativeData\data_lake\raw\macro\USA\NAPMNSD.parquet
2026-06-12 17:31:20 | INFO | src.jobs_xlsx.get_macro_data | Macro data has been downloaded | symbol=JPCPIYOY | rows=663 | output_path=C:\Users\krm\PycharmProjects\AlternativeData\data_lake\raw\macro\Japan\JPCPIYOY.parquet
2026-06-12 17:33:25 | INFO | src.jobs_xlsx.get_macro_data | Macro data has been downloaded | symbol=CPIYOY | rows=676 | output_path=C:\Users\krm\PycharmProjects\AlternativeData\data_lake\raw\macro\USA\USCPI_YoY.parquet
2026-06-12 17:33:25 | INFO | src.jobs_xlsx.get_macro_data | Macro data has been downloaded | symbol=PAYEMS | rows=677 | output_path=C:\Users\krm\PycharmProjects\AlternativeData\data_lake\raw\macro\USA\Nonfarm_Payrolls.parquet
2026-06-12 17:33:25 | INFO | src.jobs_xlsx.get_macro_data | Macro data has been downloaded | symbol=NAPMPMI | rows=677 | output_path=C:\Users\krm\PycharmProjects\AlternativeData\data_lake\raw\macro\USA\NAPMPMI.parquet
2026-06-12 17:33:25 | INFO | src.jobs_xlsx.get_macro_data | Macro data has been downloaded | symbol=NAPMNEWO | rows=677 | output_path=C:\Users\krm\PycharmProjects\AlternativeData\data_lake\raw\macro\USA\NAPMNEWO.parquet
2026-06-12 17:33:25 | INFO | src.jobs_xlsx.get_macro_data | Macro data has been downloaded | symbol=NAPMNMI | rows=346 | output_path=C:\Users\krm\PycharmProjects\AlternativeData\data_lake\raw\macro\USA\NAPMNMI.parquet
2026-06-12 17:33:25 | INFO | src.jobs_xlsx.get_macro_data | Macro data has been downloaded | symbol=NAPMNNO | rows=346 | output_path=C:\Users\krm\PycharmProjects\AlternativeData\data_lake\raw\macro\USA\NAPMNNO.parquet
2026-06-12 17:33:25 | INFO | src.jobs_xlsx.get_macro_data | Macro data has been downloaded | symbol=NAPMNSD | rows=346 | output_path=C:\Users\krm\PycharmProjects\AlternativeData\data_lake\raw\macro\USA\NAPMNSD.parquet
2026-06-12 17:33:25 | INFO | src.jobs_xlsx.get_macro_data | Macro data has been downloaded | symbol=JPCPIYOY | rows=663 | output_path=C:\Users\krm\PycharmProjects\AlternativeData\data_lake\raw\macro\Japan\JPCPIYOY.parquet
2026-06-12 17:33:25 | INFO | src.jobs_xlsx.get_macro_data | Macro data has been downloaded | symbol=CNCPIYOY | rows=483 | output_path=C:\Users\krm\PycharmProjects\AlternativeData\data_lake\raw\macro\China\CNCPIYOY.parquet
2026-06-12 17:33:25 | INFO | src.jobs_xlsx.get_macro_data | Macro data has been downloaded | symbol=CNCPIYOY | rows=483 | output_path=C:\Users\krm\PycharmProjects\AlternativeData\data_lake\raw\macro\China\CNCPIYOY.parquet
2026-06-12 17:33:25 | INFO | src.jobs_xlsx.get_macro_data | Macro data has been downloaded | symbol=CPMINDX | rows=256 | output_path=C:\Users\krm\PycharmProjects\AlternativeData\data_lake\raw\macro\China\CPMINDX.parquet
2026-06-13 00:02:27 | INFO | src.jobs_xlsx.get_macro_data | Macro data has been downloaded | symbol=CPIYOY | rows=676 | output_path=/Users/tommy/Desktop/Pycharm/FinancialData/data_lake/raw/macro/USA/USCPI_YoY.parquet
2026-06-13 00:02:27 | INFO | src.jobs_xlsx.get_macro_data | Macro data has been downloaded | symbol=PAYEMS | rows=677 | output_path=/Users/tommy/Desktop/Pycharm/FinancialData/data_lake/raw/macro/USA/Nonfarm_Payrolls.parquet
2026-06-13 00:02:27 | INFO | src.jobs_xlsx.get_macro_data | Macro data has been downloaded | symbol=NAPMPMI | rows=677 | output_path=/Users/tommy/Desktop/Pycharm/FinancialData/data_lake/raw/macro/USA/NAPMPMI.parquet
2026-06-13 00:02:27 | INFO | src.jobs_xlsx.get_macro_data | Macro data has been downloaded | symbol=NAPMNEWO | rows=677 | output_path=/Users/tommy/Desktop/Pycharm/FinancialData/data_lake/raw/macro/USA/NAPMNEWO.parquet
2026-06-13 00:02:27 | INFO | src.jobs_xlsx.get_macro_data | Macro data has been downloaded | symbol=NAPMNMI | rows=346 | output_path=/Users/tommy/Desktop/Pycharm/FinancialData/data_lake/raw/macro/USA/NAPMNMI.parquet
2026-06-13 00:02:27 | INFO | src.jobs_xlsx.get_macro_data | Macro data has been downloaded | symbol=NAPMNNO | rows=346 | output_path=/Users/tommy/Desktop/Pycharm/FinancialData/data_lake/raw/macro/USA/NAPMNNO.parquet
2026-06-13 00:02:27 | INFO | src.jobs_xlsx.get_macro_data | Macro data has been downloaded | symbol=NAPMNSD | rows=346 | output_path=/Users/tommy/Desktop/Pycharm/FinancialData/data_lake/raw/macro/USA/NAPMNSD.parquet
2026-06-13 00:02:27 | INFO | src.jobs_xlsx.get_macro_data | Macro data has been downloaded | symbol=JPCPIYOY | rows=663 | output_path=/Users/tommy/Desktop/Pycharm/FinancialData/data_lake/raw/macro/Japan/JPCPIYOY.parquet
2026-06-13 00:02:27 | INFO | src.jobs_xlsx.get_macro_data | Macro data has been downloaded | symbol=CNCPIYOY | rows=483 | output_path=/Users/tommy/Desktop/Pycharm/FinancialData/data_lake/raw/macro/China/CNCPIYOY.parquet
2026-06-13 00:02:27 | INFO | src.jobs_xlsx.get_macro_data | Macro data has been downloaded | symbol=CNCPIYOY | rows=483 | output_path=/Users/tommy/Desktop/Pycharm/FinancialData/data_lake/raw/macro/China/CNCPIYOY.parquet
2026-06-13 00:02:27 | INFO | src.jobs_xlsx.get_macro_data | Macro data has been downloaded | symbol=CPMINDX | rows=256 | output_path=/Users/tommy/Desktop/Pycharm/FinancialData/data_lake/raw/macro/China/CPMINDX.parquet
2026-06-15 09:15:40 | INFO | src.jobs_xlsx.get_macro_data | Macro data has been downloaded | symbol=CPIYOY | rows=676 | output_path=C:\Users\krm\PycharmProjects\AlternativeData\data_lake\raw\macro\USA\USCPI_YoY.parquet
2026-06-15 09:15:41 | INFO | src.jobs_xlsx.get_macro_data | Macro data has been downloaded | symbol=PAYEMS | rows=677 | output_path=C:\Users\krm\PycharmProjects\AlternativeData\data_lake\raw\macro\USA\Nonfarm_Payrolls.parquet
2026-06-15 09:15:41 | INFO | src.jobs_xlsx.get_macro_data | Macro data has been downloaded | symbol=NAPMPMI | rows=677 | output_path=C:\Users\krm\PycharmProjects\AlternativeData\data_lake\raw\macro\USA\NAPMPMI.parquet
2026-06-15 09:15:41 | INFO | src.jobs_xlsx.get_macro_data | Macro data has been downloaded | symbol=NAPMNEWO | rows=677 | output_path=C:\Users\krm\PycharmProjects\AlternativeData\data_lake\raw\macro\USA\NAPMNEWO.parquet
2026-06-15 09:15:41 | INFO | src.jobs_xlsx.get_macro_data | Macro data has been downloaded | symbol=NAPMNMI | rows=346 | output_path=C:\Users\krm\PycharmProjects\AlternativeData\data_lake\raw\macro\USA\NAPMNMI.parquet
2026-06-15 09:15:41 | INFO | src.jobs_xlsx.get_macro_data | Macro data has been downloaded | symbol=NAPMNNO | rows=346 | output_path=C:\Users\krm\PycharmProjects\AlternativeData\data_lake\raw\macro\USA\NAPMNNO.parquet
2026-06-15 09:15:41 | INFO | src.jobs_xlsx.get_macro_data | Macro data has been downloaded | symbol=NAPMNSD | rows=346 | output_path=C:\Users\krm\PycharmProjects\AlternativeData\data_lake\raw\macro\USA\NAPMNSD.parquet
2026-06-15 09:15:41 | INFO | src.jobs_xlsx.get_macro_data | Macro data has been downloaded | symbol=JPCPIYOY | rows=663 | output_path=C:\Users\krm\PycharmProjects\AlternativeData\data_lake\raw\macro\Japan\JPCPIYOY.parquet
2026-06-15 09:15:41 | INFO | src.jobs_xlsx.get_macro_data | Macro data has been downloaded | symbol=CNCPIYOY | rows=483 | output_path=C:\Users\krm\PycharmProjects\AlternativeData\data_lake\raw\macro\China\CNCPIYOY.parquet
2026-06-15 09:15:41 | INFO | src.jobs_xlsx.get_macro_data | Macro data has been downloaded | symbol=CNCPIYOY | rows=483 | output_path=C:\Users\krm\PycharmProjects\AlternativeData\data_lake\raw\macro\China\CNCPIYOY.parquet
2026-06-15 09:15:41 | INFO | src.jobs_xlsx.get_macro_data | Macro data has been downloaded | symbol=CPMINDX | rows=256 | output_path=C:\Users\krm\PycharmProjects\AlternativeData\data_lake\raw\macro\China\CPMINDX.parquet
2026-06-15 17:37:32 | INFO | src.jobs_xlsx.get_macro_data | Macro data has been downloaded | symbol=CPIYOY | rows=676 | output_path=C:\Users\krm\PycharmProjects\AlternativeData\data_lake\raw\macro\USA\USCPI_YoY.parquet
2026-06-15 17:37:32 | INFO | src.jobs_xlsx.get_macro_data | Macro data has been downloaded | symbol=PAYEMS | rows=677 | output_path=C:\Users\krm\PycharmProjects\AlternativeData\data_lake\raw\macro\USA\Nonfarm_Payrolls.parquet
2026-06-15 17:37:32 | INFO | src.jobs_xlsx.get_macro_data | Macro data has been downloaded | symbol=NAPMPMI | rows=677 | output_path=C:\Users\krm\PycharmProjects\AlternativeData\data_lake\raw\macro\USA\NAPMPMI.parquet
2026-06-15 17:37:32 | INFO | src.jobs_xlsx.get_macro_data | Macro data has been downloaded | symbol=NAPMNEWO | rows=677 | output_path=C:\Users\krm\PycharmProjects\AlternativeData\data_lake\raw\macro\USA\NAPMNEWO.parquet
2026-06-15 17:37:32 | INFO | src.jobs_xlsx.get_macro_data | Macro data has been downloaded | symbol=NAPMNMI | rows=346 | output_path=C:\Users\krm\PycharmProjects\AlternativeData\data_lake\raw\macro\USA\NAPMNMI.parquet
2026-06-15 17:37:32 | INFO | src.jobs_xlsx.get_macro_data | Macro data has been downloaded | symbol=NAPMNNO | rows=346 | output_path=C:\Users\krm\PycharmProjects\AlternativeData\data_lake\raw\macro\USA\NAPMNNO.parquet
2026-06-15 17:37:32 | INFO | src.jobs_xlsx.get_macro_data | Macro data has been downloaded | symbol=NAPMNSD | rows=346 | output_path=C:\Users\krm\PycharmProjects\AlternativeData\data_lake\raw\macro\USA\NAPMNSD.parquet
2026-06-15 17:37:32 | INFO | src.jobs_xlsx.get_macro_data | Macro data has been downloaded | symbol=JPCPIYOY | rows=663 | output_path=C:\Users\krm\PycharmProjects\AlternativeData\data_lake\raw\macro\Japan\JPCPIYOY.parquet
2026-06-15 17:37:32 | INFO | src.jobs_xlsx.get_macro_data | Macro data has been downloaded | symbol=CNCPIYOY | rows=483 | output_path=C:\Users\krm\PycharmProjects\AlternativeData\data_lake\raw\macro\China\CNCPIYOY.parquet
2026-06-15 17:37:32 | INFO | src.jobs_xlsx.get_macro_data | Macro data has been downloaded | symbol=CNCPIYOY | rows=483 | output_path=C:\Users\krm\PycharmProjects\AlternativeData\data_lake\raw\macro\China\CNCPIYOY.parquet
2026-06-15 17:37:32 | INFO | src.jobs_xlsx.get_macro_data | Macro data has been downloaded | symbol=CPMINDX | rows=256 | output_path=C:\Users\krm\PycharmProjects\AlternativeData\data_lake\raw\macro\China\CPMINDX.parquet
2026-06-15 17:41:22 | INFO | src.jobs_xlsx.get_macro_data | Macro data has been downloaded | symbol=CPIYOY | rows=676 | output_path=C:\Users\krm\PycharmProjects\AlternativeData\data_lake\raw\macro\USA\USCPI_YoY.parquet
2026-06-15 17:41:22 | INFO | src.jobs_xlsx.get_macro_data | Macro data has been downloaded | symbol=PAYEMS | rows=677 | output_path=C:\Users\krm\PycharmProjects\AlternativeData\data_lake\raw\macro\USA\Nonfarm_Payrolls.parquet
2026-06-15 17:41:22 | INFO | src.jobs_xlsx.get_macro_data | Macro data has been downloaded | symbol=NAPMPMI | rows=677 | output_path=C:\Users\krm\PycharmProjects\AlternativeData\data_lake\raw\macro\USA\NAPMPMI.parquet
2026-06-15 17:41:22 | INFO | src.jobs_xlsx.get_macro_data | Macro data has been downloaded | symbol=NAPMNEWO | rows=677 | output_path=C:\Users\krm\PycharmProjects\AlternativeData\data_lake\raw\macro\USA\NAPMNEWO.parquet
2026-06-15 17:41:22 | INFO | src.jobs_xlsx.get_macro_data | Macro data has been downloaded | symbol=NAPMNMI | rows=346 | output_path=C:\Users\krm\PycharmProjects\AlternativeData\data_lake\raw\macro\USA\NAPMNMI.parquet
2026-06-15 17:41:22 | INFO | src.jobs_xlsx.get_macro_data | Macro data has been downloaded | symbol=NAPMNNO | rows=346 | output_path=C:\Users\krm\PycharmProjects\AlternativeData\data_lake\raw\macro\USA\NAPMNNO.parquet
2026-06-15 17:41:22 | INFO | src.jobs_xlsx.get_macro_data | Macro data has been downloaded | symbol=NAPMNSD | rows=346 | output_path=C:\Users\krm\PycharmProjects\AlternativeData\data_lake\raw\macro\USA\NAPMNSD.parquet
2026-06-15 17:41:22 | INFO | src.jobs_xlsx.get_macro_data | Macro data has been downloaded | symbol=JPCPIYOY | rows=663 | output_path=C:\Users\krm\PycharmProjects\AlternativeData\data_lake\raw\macro\Japan\JPCPIYOY.parquet
2026-06-15 17:41:22 | INFO | src.jobs_xlsx.get_macro_data | Macro data has been downloaded | symbol=CNCPIYOY | rows=483 | output_path=C:\Users\krm\PycharmProjects\AlternativeData\data_lake\raw\macro\China\CNCPIYOY.parquet
2026-06-15 17:41:22 | INFO | src.jobs_xlsx.get_macro_data | Macro data has been downloaded | symbol=CNCPIYOY | rows=483 | output_path=C:\Users\krm\PycharmProjects\AlternativeData\data_lake\raw\macro\China\CNCPIYOY.parquet
2026-06-15 17:41:22 | INFO | src.jobs_xlsx.get_macro_data | Macro data has been downloaded | symbol=CPMINDX | rows=256 | output_path=C:\Users\krm\PycharmProjects\AlternativeData\data_lake\raw\macro\China\CPMINDX.parquet
2026-06-16 10:46:26 | INFO | src.jobs_xlsx.get_macro_data | Macro data has been downloaded | symbol=CPIYOY | rows=676 | output_path=C:\Users\krm\PycharmProjects\AlternativeData\data_lake\raw\macro\USA\USCPI_YoY.parquet
2026-06-16 10:46:26 | INFO | src.jobs_xlsx.get_macro_data | Macro data has been downloaded | symbol=PAYEMS | rows=677 | output_path=C:\Users\krm\PycharmProjects\AlternativeData\data_lake\raw\macro\USA\Nonfarm_Payrolls.parquet
2026-06-16 10:46:26 | INFO | src.jobs_xlsx.get_macro_data | Macro data has been downloaded | symbol=NAPMPMI | rows=677 | output_path=C:\Users\krm\PycharmProjects\AlternativeData\data_lake\raw\macro\USA\NAPMPMI.parquet
2026-06-16 10:46:27 | INFO | src.jobs_xlsx.get_macro_data | Macro data has been downloaded | symbol=NAPMNEWO | rows=677 | output_path=C:\Users\krm\PycharmProjects\AlternativeData\data_lake\raw\macro\USA\NAPMNEWO.parquet
2026-06-16 10:46:27 | INFO | src.jobs_xlsx.get_macro_data | Macro data has been downloaded | symbol=NAPMNMI | rows=346 | output_path=C:\Users\krm\PycharmProjects\AlternativeData\data_lake\raw\macro\USA\NAPMNMI.parquet
2026-06-16 10:46:27 | INFO | src.jobs_xlsx.get_macro_data | Macro data has been downloaded | symbol=NAPMNNO | rows=346 | output_path=C:\Users\krm\PycharmProjects\AlternativeData\data_lake\raw\macro\USA\NAPMNNO.parquet
2026-06-16 10:46:27 | INFO | src.jobs_xlsx.get_macro_data | Macro data has been downloaded | symbol=NAPMNSD | rows=346 | output_path=C:\Users\krm\PycharmProjects\AlternativeData\data_lake\raw\macro\USA\NAPMNSD.parquet
2026-06-16 10:46:27 | INFO | src.jobs_xlsx.get_macro_data | Macro data has been downloaded | symbol=JPCPIYOY | rows=663 | output_path=C:\Users\krm\PycharmProjects\AlternativeData\data_lake\raw\macro\Japan\JPCPIYOY.parquet
2026-06-16 10:46:27 | INFO | src.jobs_xlsx.get_macro_data | Macro data has been downloaded | symbol=CNCPIYOY | rows=483 | output_path=C:\Users\krm\PycharmProjects\AlternativeData\data_lake\raw\macro\China\CNCPIYOY.parquet
2026-06-16 10:46:27 | INFO | src.jobs_xlsx.get_macro_data | Macro data has been downloaded | symbol=CNCPIYOY | rows=483 | output_path=C:\Users\krm\PycharmProjects\AlternativeData\data_lake\raw\macro\China\CNCPIYOY.parquet
2026-06-16 10:46:27 | INFO | src.jobs_xlsx.get_macro_data | Macro data has been downloaded | symbol=CPMINDX | rows=256 | output_path=C:\Users\krm\PycharmProjects\AlternativeData\data_lake\raw\macro\China\CPMINDX.parquet
2026-06-16 11:01:48 | INFO | src.jobs_xlsx.get_macro_data | Macro data has been downloaded | symbol=CPIYOY | rows=676 | output_path=C:\Users\krm\PycharmProjects\AlternativeData\data_lake\raw\macro\USA\USCPI_YoY.parquet
2026-06-16 11:01:48 | INFO | src.jobs_xlsx.get_macro_data | Macro data has been downloaded | symbol=PAYEMS | rows=677 | output_path=C:\Users\krm\PycharmProjects\AlternativeData\data_lake\raw\macro\USA\Nonfarm_Payrolls.parquet
2026-06-16 11:01:48 | INFO | src.jobs_xlsx.get_macro_data | Macro data has been downloaded | symbol=NAPMPMI | rows=677 | output_path=C:\Users\krm\PycharmProjects\AlternativeData\data_lake\raw\macro\USA\NAPMPMI.parquet
2026-06-16 11:01:48 | INFO | src.jobs_xlsx.get_macro_data | Macro data has been downloaded | symbol=NAPMNEWO | rows=677 | output_path=C:\Users\krm\PycharmProjects\AlternativeData\data_lake\raw\macro\USA\NAPMNEWO.parquet
2026-06-16 11:01:48 | INFO | src.jobs_xlsx.get_macro_data | Macro data has been downloaded | symbol=NAPMNMI | rows=346 | output_path=C:\Users\krm\PycharmProjects\AlternativeData\data_lake\raw\macro\USA\NAPMNMI.parquet
2026-06-16 11:01:48 | INFO | src.jobs_xlsx.get_macro_data | Macro data has been downloaded | symbol=NAPMNNO | rows=346 | output_path=C:\Users\krm\PycharmProjects\AlternativeData\data_lake\raw\macro\USA\NAPMNNO.parquet
2026-06-16 11:01:48 | INFO | src.jobs_xlsx.get_macro_data | Macro data has been downloaded | symbol=NAPMNSD | rows=346 | output_path=C:\Users\krm\PycharmProjects\AlternativeData\data_lake\raw\macro\USA\NAPMNSD.parquet
2026-06-16 11:01:48 | INFO | src.jobs_xlsx.get_macro_data | Macro data has been downloaded | symbol=JPCPIYOY | rows=663 | output_path=C:\Users\krm\PycharmProjects\AlternativeData\data_lake\raw\macro\Japan\JPCPIYOY.parquet
2026-06-16 11:01:48 | INFO | src.jobs_xlsx.get_macro_data | Macro data has been downloaded | symbol=CNCPIYOY | rows=483 | output_path=C:\Users\krm\PycharmProjects\AlternativeData\data_lake\raw\macro\China\CNCPIYOY.parquet
2026-06-16 11:01:48 | INFO | src.jobs_xlsx.get_macro_data | Macro data has been downloaded | symbol=CNCPIYOY | rows=483 | output_path=C:\Users\krm\PycharmProjects\AlternativeData\data_lake\raw\macro\China\CNCPIYOY.parquet
2026-06-16 11:01:48 | INFO | src.jobs_xlsx.get_macro_data | Macro data has been downloaded | symbol=CPMINDX | rows=256 | output_path=C:\Users\krm\PycharmProjects\AlternativeData\data_lake\raw\macro\China\CPMINDX.parquet
2026-06-16 14:34:13 | INFO | src.jobs_xlsx.get_macro_data | Macro data has been downloaded | symbol=CPIYOY | rows=676 | output_path=C:\Users\krm\PycharmProjects\AlternativeData\data_lake\raw\macro\USA\USCPI_YoY.parquet
2026-06-16 14:34:13 | INFO | src.jobs_xlsx.get_macro_data | Macro data has been downloaded | symbol=PAYEMS | rows=677 | output_path=C:\Users\krm\PycharmProjects\AlternativeData\data_lake\raw\macro\USA\Nonfarm_Payrolls.parquet
2026-06-16 14:34:13 | INFO | src.jobs_xlsx.get_macro_data | Macro data has been downloaded | symbol=NAPMPMI | rows=677 | output_path=C:\Users\krm\PycharmProjects\AlternativeData\data_lake\raw\macro\USA\NAPMPMI.parquet
2026-06-16 14:34:13 | INFO | src.jobs_xlsx.get_macro_data | Macro data has been downloaded | symbol=NAPMNEWO | rows=677 | output_path=C:\Users\krm\PycharmProjects\AlternativeData\data_lake\raw\macro\USA\NAPMNEWO.parquet
2026-06-16 14:34:13 | INFO | src.jobs_xlsx.get_macro_data | Macro data has been downloaded | symbol=NAPMNMI | rows=346 | output_path=C:\Users\krm\PycharmProjects\AlternativeData\data_lake\raw\macro\USA\NAPMNMI.parquet
2026-06-16 14:34:13 | INFO | src.jobs_xlsx.get_macro_data | Macro data has been downloaded | symbol=NAPMNNO | rows=346 | output_path=C:\Users\krm\PycharmProjects\AlternativeData\data_lake\raw\macro\USA\NAPMNNO.parquet
2026-06-16 14:34:13 | INFO | src.jobs_xlsx.get_macro_data | Macro data has been downloaded | symbol=NAPMNSD | rows=346 | output_path=C:\Users\krm\PycharmProjects\AlternativeData\data_lake\raw\macro\USA\NAPMNSD.parquet
2026-06-16 14:34:13 | INFO | src.jobs_xlsx.get_macro_data | Macro data has been downloaded | symbol=JPCPIYOY | rows=663 | output_path=C:\Users\krm\PycharmProjects\AlternativeData\data_lake\raw\macro\Japan\JPCPIYOY.parquet
2026-06-16 14:34:13 | INFO | src.jobs_xlsx.get_macro_data | Macro data has been downloaded | symbol=CNCPIYOY | rows=483 | output_path=C:\Users\krm\PycharmProjects\AlternativeData\data_lake\raw\macro\China\CNCPIYOY.parquet
2026-06-16 14:34:13 | INFO | src.jobs_xlsx.get_macro_data | Macro data has been downloaded | symbol=CNCPIYOY | rows=483 | output_path=C:\Users\krm\PycharmProjects\AlternativeData\data_lake\raw\macro\China\CNCPIYOY.parquet
2026-06-16 14:34:13 | INFO | src.jobs_xlsx.get_macro_data | Macro data has been downloaded | symbol=CPMINDX | rows=256 | output_path=C:\Users\krm\PycharmProjects\AlternativeData\data_lake\raw\macro\China\CPMINDX.parquet
2026-06-16 15:12:36 | INFO | src.jobs_xlsx.get_macro_data | Macro data has been downloaded | symbol=CPIYOY | rows=676 | output_path=C:\Users\krm\PycharmProjects\AlternativeData\data_lake\raw\macro\USA\USCPI_YoY.parquet
2026-06-16 15:12:36 | INFO | src.jobs_xlsx.get_macro_data | Macro data has been downloaded | symbol=PAYEMS | rows=677 | output_path=C:\Users\krm\PycharmProjects\AlternativeData\data_lake\raw\macro\USA\Nonfarm_Payrolls.parquet
2026-06-16 15:12:36 | INFO | src.jobs_xlsx.get_macro_data | Macro data has been downloaded | symbol=NAPMPMI | rows=677 | output_path=C:\Users\krm\PycharmProjects\AlternativeData\data_lake\raw\macro\USA\NAPMPMI.parquet
2026-06-16 15:12:36 | INFO | src.jobs_xlsx.get_macro_data | Macro data has been downloaded | symbol=NAPMNEWO | rows=677 | output_path=C:\Users\krm\PycharmProjects\AlternativeData\data_lake\raw\macro\USA\NAPMNEWO.parquet
2026-06-16 15:12:36 | INFO | src.jobs_xlsx.get_macro_data | Macro data has been downloaded | symbol=NAPMNMI | rows=346 | output_path=C:\Users\krm\PycharmProjects\AlternativeData\data_lake\raw\macro\USA\NAPMNMI.parquet
2026-06-16 15:12:36 | INFO | src.jobs_xlsx.get_macro_data | Macro data has been downloaded | symbol=NAPMNNO | rows=346 | output_path=C:\Users\krm\PycharmProjects\AlternativeData\data_lake\raw\macro\USA\NAPMNNO.parquet
2026-06-16 15:12:36 | INFO | src.jobs_xlsx.get_macro_data | Macro data has been downloaded | symbol=NAPMNSD | rows=346 | output_path=C:\Users\krm\PycharmProjects\AlternativeData\data_lake\raw\macro\USA\NAPMNSD.parquet
2026-06-16 15:12:36 | INFO | src.jobs_xlsx.get_macro_data | Macro data has been downloaded | symbol=JPCPIYOY | rows=663 | output_path=C:\Users\krm\PycharmProjects\AlternativeData\data_lake\raw\macro\Japan\JPCPIYOY.parquet
2026-06-16 15:12:36 | INFO | src.jobs_xlsx.get_macro_data | Macro data has been downloaded | symbol=CNCPIYOY | rows=483 | output_path=C:\Users\krm\PycharmProjects\AlternativeData\data_lake\raw\macro\China\CNCPIYOY.parquet
2026-06-16 15:12:36 | INFO | src.jobs_xlsx.get_macro_data | Macro data has been downloaded | symbol=CNCPIYOY | rows=483 | output_path=C:\Users\krm\PycharmProjects\AlternativeData\data_lake\raw\macro\China\CNCPIYOY.parquet
2026-06-16 15:12:36 | INFO | src.jobs_xlsx.get_macro_data | Macro data has been downloaded | symbol=CPMINDX | rows=256 | output_path=C:\Users\krm\PycharmProjects\AlternativeData\data_lake\raw\macro\China\CPMINDX.parquet
2026-06-16 15:12:36 | INFO | src.jobs_xlsx.get_macro_data | Macro data has been downloaded | symbol=ADPCHNG | rows=298 | output_path=C:\Users\krm\PycharmProjects\AlternativeData\data_lake\raw\macro\USA\ADPCHNG.parquet
2026-06-16 15:12:36 | INFO | src.jobs_xlsx.get_macro_data | Macro data has been downloaded | symbol=FDTR | rows=298 | output_path=C:\Users\krm\PycharmProjects\AlternativeData\data_lake\raw\macro\USA\FDTR.parquet
2026-06-16 15:12:36 | INFO | src.jobs_xlsx.get_macro_data | Macro data has been downloaded | symbol=CONCCONF | rows=676 | output_path=C:\Users\krm\PycharmProjects\AlternativeData\data_lake\raw\macro\USA\CONCCONF.parquet
2026-06-16 15:19:46 | INFO | src.jobs_xlsx.get_macro_data | Macro data has been downloaded | symbol=CPIYOY | rows=676 | output_path=C:\Users\krm\PycharmProjects\AlternativeData\data_lake\raw\macro\USA\USCPI_YoY.parquet
2026-06-16 15:19:46 | INFO | src.jobs_xlsx.get_macro_data | Macro data has been downloaded | symbol=PAYEMS | rows=677 | output_path=C:\Users\krm\PycharmProjects\AlternativeData\data_lake\raw\macro\USA\Nonfarm_Payrolls.parquet
2026-06-16 15:19:46 | INFO | src.jobs_xlsx.get_macro_data | Macro data has been downloaded | symbol=NAPMPMI | rows=677 | output_path=C:\Users\krm\PycharmProjects\AlternativeData\data_lake\raw\macro\USA\NAPMPMI.parquet
2026-06-16 15:19:46 | INFO | src.jobs_xlsx.get_macro_data | Macro data has been downloaded | symbol=NAPMNEWO | rows=677 | output_path=C:\Users\krm\PycharmProjects\AlternativeData\data_lake\raw\macro\USA\NAPMNEWO.parquet
2026-06-16 15:19:46 | INFO | src.jobs_xlsx.get_macro_data | Macro data has been downloaded | symbol=NAPMNMI | rows=346 | output_path=C:\Users\krm\PycharmProjects\AlternativeData\data_lake\raw\macro\USA\NAPMNMI.parquet
2026-06-16 15:19:46 | INFO | src.jobs_xlsx.get_macro_data | Macro data has been downloaded | symbol=NAPMNNO | rows=346 | output_path=C:\Users\krm\PycharmProjects\AlternativeData\data_lake\raw\macro\USA\NAPMNNO.parquet
2026-06-16 15:19:46 | INFO | src.jobs_xlsx.get_macro_data | Macro data has been downloaded | symbol=NAPMNSD | rows=346 | output_path=C:\Users\krm\PycharmProjects\AlternativeData\data_lake\raw\macro\USA\NAPMNSD.parquet
2026-06-16 15:19:46 | INFO | src.jobs_xlsx.get_macro_data | Macro data has been downloaded | symbol=JPCPIYOY | rows=663 | output_path=C:\Users\krm\PycharmProjects\AlternativeData\data_lake\raw\macro\Japan\JPCPIYOY.parquet
2026-06-16 15:19:46 | INFO | src.jobs_xlsx.get_macro_data | Macro data has been downloaded | symbol=CNCPIYOY | rows=483 | output_path=C:\Users\krm\PycharmProjects\AlternativeData\data_lake\raw\macro\China\CNCPIYOY.parquet
2026-06-16 15:19:46 | INFO | src.jobs_xlsx.get_macro_data | Macro data has been downloaded | symbol=CNCPIYOY | rows=483 | output_path=C:\Users\krm\PycharmProjects\AlternativeData\data_lake\raw\macro\China\CNCPIYOY.parquet
2026-06-16 15:19:46 | INFO | src.jobs_xlsx.get_macro_data | Macro data has been downloaded | symbol=CPMINDX | rows=256 | output_path=C:\Users\krm\PycharmProjects\AlternativeData\data_lake\raw\macro\China\CPMINDX.parquet
2026-06-16 15:19:46 | INFO | src.jobs_xlsx.get_macro_data | Macro data has been downloaded | symbol=ADPCHNG | rows=298 | output_path=C:\Users\krm\PycharmProjects\AlternativeData\data_lake\raw\macro\USA\ADPCHNG.parquet
2026-06-16 15:19:46 | INFO | src.jobs_xlsx.get_macro_data | Macro data has been downloaded | symbol=FDTR | rows=298 | output_path=C:\Users\krm\PycharmProjects\AlternativeData\data_lake\raw\macro\USA\FDTR.parquet
2026-06-16 15:19:46 | INFO | src.jobs_xlsx.get_macro_data | Macro data has been downloaded | symbol=CONCCONF | rows=676 | output_path=C:\Users\krm\PycharmProjects\AlternativeData\data_lake\raw\macro\USA\CONCCONF.parquet
2026-06-16 15:21:54 | INFO | src.jobs_xlsx.get_macro_data | Macro data has been downloaded | symbol=CPIYOY | rows=676 | output_path=C:\Users\krm\PycharmProjects\AlternativeData\data_lake\raw\macro\USA\USCPI_YoY.parquet
2026-06-16 15:21:54 | INFO | src.jobs_xlsx.get_macro_data | Macro data has been downloaded | symbol=PAYEMS | rows=677 | output_path=C:\Users\krm\PycharmProjects\AlternativeData\data_lake\raw\macro\USA\Nonfarm_Payrolls.parquet
2026-06-16 15:21:54 | INFO | src.jobs_xlsx.get_macro_data | Macro data has been downloaded | symbol=NAPMPMI | rows=677 | output_path=C:\Users\krm\PycharmProjects\AlternativeData\data_lake\raw\macro\USA\NAPMPMI.parquet
2026-06-16 15:21:55 | INFO | src.jobs_xlsx.get_macro_data | Macro data has been downloaded | symbol=NAPMNEWO | rows=677 | output_path=C:\Users\krm\PycharmProjects\AlternativeData\data_lake\raw\macro\USA\NAPMNEWO.parquet
2026-06-16 15:21:55 | INFO | src.jobs_xlsx.get_macro_data | Macro data has been downloaded | symbol=NAPMNMI | rows=346 | output_path=C:\Users\krm\PycharmProjects\AlternativeData\data_lake\raw\macro\USA\NAPMNMI.parquet
2026-06-16 15:21:55 | INFO | src.jobs_xlsx.get_macro_data | Macro data has been downloaded | symbol=NAPMNNO | rows=346 | output_path=C:\Users\krm\PycharmProjects\AlternativeData\data_lake\raw\macro\USA\NAPMNNO.parquet
2026-06-16 15:21:55 | INFO | src.jobs_xlsx.get_macro_data | Macro data has been downloaded | symbol=NAPMNSD | rows=346 | output_path=C:\Users\krm\PycharmProjects\AlternativeData\data_lake\raw\macro\USA\NAPMNSD.parquet
2026-06-16 15:21:55 | INFO | src.jobs_xlsx.get_macro_data | Macro data has been downloaded | symbol=JPCPIYOY | rows=663 | output_path=C:\Users\krm\PycharmProjects\AlternativeData\data_lake\raw\macro\Japan\JPCPIYOY.parquet
2026-06-16 15:21:55 | INFO | src.jobs_xlsx.get_macro_data | Macro data has been downloaded | symbol=CNCPIYOY | rows=483 | output_path=C:\Users\krm\PycharmProjects\AlternativeData\data_lake\raw\macro\China\CNCPIYOY.parquet
2026-06-16 15:21:55 | INFO | src.jobs_xlsx.get_macro_data | Macro data has been downloaded | symbol=CNCPIYOY | rows=483 | output_path=C:\Users\krm\PycharmProjects\AlternativeData\data_lake\raw\macro\China\CNCPIYOY.parquet
2026-06-16 15:21:55 | INFO | src.jobs_xlsx.get_macro_data | Macro data has been downloaded | symbol=CPMINDX | rows=256 | output_path=C:\Users\krm\PycharmProjects\AlternativeData\data_lake\raw\macro\China\CPMINDX.parquet
2026-06-16 15:21:55 | INFO | src.jobs_xlsx.get_macro_data | Macro data has been downloaded | symbol=ADPCHNG | rows=298 | output_path=C:\Users\krm\PycharmProjects\AlternativeData\data_lake\raw\macro\USA\ADPCHNG.parquet
2026-06-16 15:21:55 | INFO | src.jobs_xlsx.get_macro_data | Macro data has been downloaded | symbol=FDTR | rows=298 | output_path=C:\Users\krm\PycharmProjects\AlternativeData\data_lake\raw\macro\USA\FDTR.parquet
2026-06-16 15:21:55 | INFO | src.jobs_xlsx.get_macro_data | Macro data has been downloaded | symbol=CONCCONF | rows=676 | output_path=C:\Users\krm\PycharmProjects\AlternativeData\data_lake\raw\macro\USA\CONCCONF.parquet
2026-06-16 15:21:55 | INFO | src.jobs_xlsx.get_macro_data | Macro data has been downloaded | symbol=CONSSENT | rows=826 | output_path=C:\Users\krm\PycharmProjects\AlternativeData\data_lake\raw\macro\USA\CONSSENT.parquet
2026-06-16 15:21:55 | INFO | src.jobs_xlsx.get_macro_data | Macro data has been downloaded | symbol=PCECYOY | rows=676 | output_path=C:\Users\krm\PycharmProjects\AlternativeData\data_lake\raw\macro\USA\PCECYOY.parquet
2026-06-16 15:21:55 | INFO | src.jobs_xlsx.get_macro_data | Macro data has been downloaded | symbol=USURTOT | rows=941 | output_path=C:\Users\krm\PycharmProjects\AlternativeData\data_lake\raw\macro\USA\USURTOT.parquet
2026-06-16 15:22:16 | INFO | src.jobs_xlsx.get_macro_data | Macro data has been downloaded | symbol=CPIYOY | rows=676 | output_path=C:\Users\krm\PycharmProjects\AlternativeData\data_lake\raw\macro\USA\USCPI_YoY.parquet
2026-06-16 15:22:16 | INFO | src.jobs_xlsx.get_macro_data | Macro data has been downloaded | symbol=PAYEMS | rows=677 | output_path=C:\Users\krm\PycharmProjects\AlternativeData\data_lake\raw\macro\USA\Nonfarm_Payrolls.parquet
2026-06-16 15:22:16 | INFO | src.jobs_xlsx.get_macro_data | Macro data has been downloaded | symbol=NAPMPMI | rows=677 | output_path=C:\Users\krm\PycharmProjects\AlternativeData\data_lake\raw\macro\USA\NAPMPMI.parquet
2026-06-16 15:22:16 | INFO | src.jobs_xlsx.get_macro_data | Macro data has been downloaded | symbol=NAPMNEWO | rows=677 | output_path=C:\Users\krm\PycharmProjects\AlternativeData\data_lake\raw\macro\USA\NAPMNEWO.parquet
2026-06-16 15:22:16 | INFO | src.jobs_xlsx.get_macro_data | Macro data has been downloaded | symbol=NAPMNMI | rows=346 | output_path=C:\Users\krm\PycharmProjects\AlternativeData\data_lake\raw\macro\USA\NAPMNMI.parquet
2026-06-16 15:22:16 | INFO | src.jobs_xlsx.get_macro_data | Macro data has been downloaded | symbol=NAPMNNO | rows=346 | output_path=C:\Users\krm\PycharmProjects\AlternativeData\data_lake\raw\macro\USA\NAPMNNO.parquet
2026-06-16 15:22:16 | INFO | src.jobs_xlsx.get_macro_data | Macro data has been downloaded | symbol=NAPMNSD | rows=346 | output_path=C:\Users\krm\PycharmProjects\AlternativeData\data_lake\raw\macro\USA\NAPMNSD.parquet
2026-06-16 15:22:16 | INFO | src.jobs_xlsx.get_macro_data | Macro data has been downloaded | symbol=JPCPIYOY | rows=663 | output_path=C:\Users\krm\PycharmProjects\AlternativeData\data_lake\raw\macro\Japan\JPCPIYOY.parquet
2026-06-16 15:22:16 | INFO | src.jobs_xlsx.get_macro_data | Macro data has been downloaded | symbol=CNCPIYOY | rows=483 | output_path=C:\Users\krm\PycharmProjects\AlternativeData\data_lake\raw\macro\China\CNCPIYOY.parquet
2026-06-16 15:22:16 | INFO | src.jobs_xlsx.get_macro_data | Macro data has been downloaded | symbol=CNCPIYOY | rows=483 | output_path=C:\Users\krm\PycharmProjects\AlternativeData\data_lake\raw\macro\China\CNCPIYOY.parquet
2026-06-16 15:22:16 | INFO | src.jobs_xlsx.get_macro_data | Macro data has been downloaded | symbol=CPMINDX | rows=256 | output_path=C:\Users\krm\PycharmProjects\AlternativeData\data_lake\raw\macro\China\CPMINDX.parquet
2026-06-16 15:22:16 | INFO | src.jobs_xlsx.get_macro_data | Macro data has been downloaded | symbol=ADPCHNG | rows=298 | output_path=C:\Users\krm\PycharmProjects\AlternativeData\data_lake\raw\macro\USA\ADPCHNG.parquet
2026-06-16 15:22:16 | INFO | src.jobs_xlsx.get_macro_data | Macro data has been downloaded | symbol=FDTR | rows=298 | output_path=C:\Users\krm\PycharmProjects\AlternativeData\data_lake\raw\macro\USA\FDTR.parquet
2026-06-16 15:22:16 | INFO | src.jobs_xlsx.get_macro_data | Macro data has been downloaded | symbol=CONCCONF | rows=676 | output_path=C:\Users\krm\PycharmProjects\AlternativeData\data_lake\raw\macro\USA\CONCCONF.parquet
2026-06-16 15:22:16 | INFO | src.jobs_xlsx.get_macro_data | Macro data has been downloaded | symbol=CONSSENT | rows=826 | output_path=C:\Users\krm\PycharmProjects\AlternativeData\data_lake\raw\macro\USA\CONSSENT.parquet
2026-06-16 15:22:16 | INFO | src.jobs_xlsx.get_macro_data | Macro data has been downloaded | symbol=PCECYOY | rows=676 | output_path=C:\Users\krm\PycharmProjects\AlternativeData\data_lake\raw\macro\USA\PCECYOY.parquet
2026-06-16 15:22:16 | INFO | src.jobs_xlsx.get_macro_data | Macro data has been downloaded | symbol=USURTOT | rows=941 | output_path=C:\Users\krm\PycharmProjects\AlternativeData\data_lake\raw\macro\USA\USURTOT.parquet
2026-06-16 15:22:16 | INFO | src.jobs_xlsx.get_macro_data | Macro data has been downloaded | symbol=GDPCQQQ | rows=216 | output_path=C:\Users\krm\PycharmProjects\AlternativeData\data_lake\raw\macro\USA\GDPCQQQ.parquet
2026-06-17 10:38:13 | INFO | src.jobs_xlsx.get_macro_data | Macro data has been downloaded | symbol=CPIYOY | rows=676 | output_path=C:\Users\krm\PycharmProjects\AlternativeData\data_lake\raw\macro\USA\USCPI_YoY.parquet
2026-06-17 10:38:14 | INFO | src.jobs_xlsx.get_macro_data | Macro data has been downloaded | symbol=PAYEMS | rows=677 | output_path=C:\Users\krm\PycharmProjects\AlternativeData\data_lake\raw\macro\USA\Nonfarm_Payrolls.parquet
2026-06-17 10:38:14 | INFO | src.jobs_xlsx.get_macro_data | Macro data has been downloaded | symbol=NAPMPMI | rows=677 | output_path=C:\Users\krm\PycharmProjects\AlternativeData\data_lake\raw\macro\USA\NAPMPMI.parquet
2026-06-17 10:38:14 | INFO | src.jobs_xlsx.get_macro_data | Macro data has been downloaded | symbol=NAPMNEWO | rows=677 | output_path=C:\Users\krm\PycharmProjects\AlternativeData\data_lake\raw\macro\USA\NAPMNEWO.parquet
2026-06-17 10:38:14 | INFO | src.jobs_xlsx.get_macro_data | Macro data has been downloaded | symbol=NAPMNMI | rows=346 | output_path=C:\Users\krm\PycharmProjects\AlternativeData\data_lake\raw\macro\USA\NAPMNMI.parquet
2026-06-17 10:38:14 | INFO | src.jobs_xlsx.get_macro_data | Macro data has been downloaded | symbol=NAPMNNO | rows=346 | output_path=C:\Users\krm\PycharmProjects\AlternativeData\data_lake\raw\macro\USA\NAPMNNO.parquet
2026-06-17 10:38:14 | INFO | src.jobs_xlsx.get_macro_data | Macro data has been downloaded | symbol=NAPMNSD | rows=346 | output_path=C:\Users\krm\PycharmProjects\AlternativeData\data_lake\raw\macro\USA\NAPMNSD.parquet
2026-06-17 10:38:14 | INFO | src.jobs_xlsx.get_macro_data | Macro data has been downloaded | symbol=JPCPIYOY | rows=663 | output_path=C:\Users\krm\PycharmProjects\AlternativeData\data_lake\raw\macro\Japan\JPCPIYOY.parquet
2026-06-17 10:38:14 | INFO | src.jobs_xlsx.get_macro_data | Macro data has been downloaded | symbol=CNCPIYOY | rows=483 | output_path=C:\Users\krm\PycharmProjects\AlternativeData\data_lake\raw\macro\China\CNCPIYOY.parquet
2026-06-17 10:38:14 | INFO | src.jobs_xlsx.get_macro_data | Macro data has been downloaded | symbol=CNCPIYOY | rows=483 | output_path=C:\Users\krm\PycharmProjects\AlternativeData\data_lake\raw\macro\China\CNCPIYOY.parquet
2026-06-17 10:38:14 | INFO | src.jobs_xlsx.get_macro_data | Macro data has been downloaded | symbol=CPMINDX | rows=256 | output_path=C:\Users\krm\PycharmProjects\AlternativeData\data_lake\raw\macro\China\CPMINDX.parquet
2026-06-17 10:38:14 | INFO | src.jobs_xlsx.get_macro_data | Macro data has been downloaded | symbol=ADPCHNG | rows=298 | output_path=C:\Users\krm\PycharmProjects\AlternativeData\data_lake\raw\macro\USA\ADPCHNG.parquet
2026-06-17 10:38:14 | INFO | src.jobs_xlsx.get_macro_data | Macro data has been downloaded | symbol=FDTR | rows=298 | output_path=C:\Users\krm\PycharmProjects\AlternativeData\data_lake\raw\macro\USA\FDTR.parquet
2026-06-17 10:38:14 | INFO | src.jobs_xlsx.get_macro_data | Macro data has been downloaded | symbol=CONCCONF | rows=676 | output_path=C:\Users\krm\PycharmProjects\AlternativeData\data_lake\raw\macro\USA\CONCCONF.parquet
2026-06-17 10:38:14 | INFO | src.jobs_xlsx.get_macro_data | Macro data has been downloaded | symbol=CONSSENT | rows=826 | output_path=C:\Users\krm\PycharmProjects\AlternativeData\data_lake\raw\macro\USA\CONSSENT.parquet
2026-06-17 10:38:14 | INFO | src.jobs_xlsx.get_macro_data | Macro data has been downloaded | symbol=PCECYOY | rows=676 | output_path=C:\Users\krm\PycharmProjects\AlternativeData\data_lake\raw\macro\USA\PCECYOY.parquet
2026-06-17 10:38:14 | INFO | src.jobs_xlsx.get_macro_data | Macro data has been downloaded | symbol=USURTOT | rows=941 | output_path=C:\Users\krm\PycharmProjects\AlternativeData\data_lake\raw\macro\USA\USURTOT.parquet
2026-06-17 10:38:14 | INFO | src.jobs_xlsx.get_macro_data | Macro data has been downloaded | symbol=GDPCQQQ | rows=216 | output_path=C:\Users\krm\PycharmProjects\AlternativeData\data_lake\raw\macro\USA\GDPCQQQ.parquet
2026-06-18 17:14:53 | INFO | src.jobs_xlsx.get_macro_data | Macro data has been downloaded | symbol=CPIYOY | rows=676 | output_path=C:\Users\krm\PycharmProjects\AlternativeData\data_lake\raw\macro\USA\USCPI_YoY.parquet
2026-06-18 17:14:53 | INFO | src.jobs_xlsx.get_macro_data | Macro data has been downloaded | symbol=PAYEMS | rows=677 | output_path=C:\Users\krm\PycharmProjects\AlternativeData\data_lake\raw\macro\USA\Nonfarm_Payrolls.parquet
2026-06-18 17:14:53 | INFO | src.jobs_xlsx.get_macro_data | Macro data has been downloaded | symbol=NAPMPMI | rows=677 | output_path=C:\Users\krm\PycharmProjects\AlternativeData\data_lake\raw\macro\USA\NAPMPMI.parquet
2026-06-18 17:14:53 | INFO | src.jobs_xlsx.get_macro_data | Macro data has been downloaded | symbol=NAPMNEWO | rows=677 | output_path=C:\Users\krm\PycharmProjects\AlternativeData\data_lake\raw\macro\USA\NAPMNEWO.parquet
2026-06-18 17:14:53 | INFO | src.jobs_xlsx.get_macro_data | Macro data has been downloaded | symbol=NAPMNMI | rows=346 | output_path=C:\Users\krm\PycharmProjects\AlternativeData\data_lake\raw\macro\USA\NAPMNMI.parquet
2026-06-18 17:14:53 | INFO | src.jobs_xlsx.get_macro_data | Macro data has been downloaded | symbol=NAPMNNO | rows=346 | output_path=C:\Users\krm\PycharmProjects\AlternativeData\data_lake\raw\macro\USA\NAPMNNO.parquet
2026-06-18 17:14:53 | INFO | src.jobs_xlsx.get_macro_data | Macro data has been downloaded | symbol=NAPMNSD | rows=346 | output_path=C:\Users\krm\PycharmProjects\AlternativeData\data_lake\raw\macro\USA\NAPMNSD.parquet
2026-06-18 17:14:53 | INFO | src.jobs_xlsx.get_macro_data | Macro data has been downloaded | symbol=JPCPIYOY | rows=663 | output_path=C:\Users\krm\PycharmProjects\AlternativeData\data_lake\raw\macro\Japan\JPCPIYOY.parquet
2026-06-18 17:14:53 | INFO | src.jobs_xlsx.get_macro_data | Macro data has been downloaded | symbol=CNCPIYOY | rows=483 | output_path=C:\Users\krm\PycharmProjects\AlternativeData\data_lake\raw\macro\China\CNCPIYOY.parquet
2026-06-18 17:14:54 | INFO | src.jobs_xlsx.get_macro_data | Macro data has been downloaded | symbol=CNCPIYOY | rows=483 | output_path=C:\Users\krm\PycharmProjects\AlternativeData\data_lake\raw\macro\China\CNCPIYOY.parquet
2026-06-18 17:14:54 | INFO | src.jobs_xlsx.get_macro_data | Macro data has been downloaded | symbol=CPMINDX | rows=256 | output_path=C:\Users\krm\PycharmProjects\AlternativeData\data_lake\raw\macro\China\CPMINDX.parquet
2026-06-18 17:14:54 | INFO | src.jobs_xlsx.get_macro_data | Macro data has been downloaded | symbol=ADPCHNG | rows=298 | output_path=C:\Users\krm\PycharmProjects\AlternativeData\data_lake\raw\macro\USA\ADPCHNG.parquet
2026-06-18 17:14:54 | INFO | src.jobs_xlsx.get_macro_data | Macro data has been downloaded | symbol=FDTR | rows=299 | output_path=C:\Users\krm\PycharmProjects\AlternativeData\data_lake\raw\macro\USA\FDTR.parquet
2026-06-18 17:14:54 | INFO | src.jobs_xlsx.get_macro_data | Macro data has been downloaded | symbol=CONCCONF | rows=676 | output_path=C:\Users\krm\PycharmProjects\AlternativeData\data_lake\raw\macro\USA\CONCCONF.parquet
2026-06-18 17:14:54 | INFO | src.jobs_xlsx.get_macro_data | Macro data has been downloaded | symbol=CONSSENT | rows=826 | output_path=C:\Users\krm\PycharmProjects\AlternativeData\data_lake\raw\macro\USA\CONSSENT.parquet
2026-06-18 17:14:54 | INFO | src.jobs_xlsx.get_macro_data | Macro data has been downloaded | symbol=PCECYOY | rows=676 | output_path=C:\Users\krm\PycharmProjects\AlternativeData\data_lake\raw\macro\USA\PCECYOY.parquet
2026-06-18 17:14:54 | INFO | src.jobs_xlsx.get_macro_data | Macro data has been downloaded | symbol=USURTOT | rows=941 | output_path=C:\Users\krm\PycharmProjects\AlternativeData\data_lake\raw\macro\USA\USURTOT.parquet
2026-06-18 17:14:54 | INFO | src.jobs_xlsx.get_macro_data | Macro data has been downloaded | symbol=GDPCQQQ | rows=216 | output_path=C:\Users\krm\PycharmProjects\AlternativeData\data_lake\raw\macro\USA\GDPCQQQ.parquet
2026-06-19 14:05:32 | INFO | src.jobs_xlsx.get_macro_data | Macro data has been downloaded | symbol=CPIYOY | rows=676 | output_path=C:\Users\krm\PycharmProjects\AlternativeData\data_lake\raw\macro\USA\USCPI_YoY.parquet
2026-06-19 14:05:32 | INFO | src.jobs_xlsx.get_macro_data | Macro data has been downloaded | symbol=PAYEMS | rows=677 | output_path=C:\Users\krm\PycharmProjects\AlternativeData\data_lake\raw\macro\USA\Nonfarm_Payrolls.parquet
2026-06-19 14:05:32 | INFO | src.jobs_xlsx.get_macro_data | Macro data has been downloaded | symbol=NAPMPMI | rows=677 | output_path=C:\Users\krm\PycharmProjects\AlternativeData\data_lake\raw\macro\USA\NAPMPMI.parquet
2026-06-19 14:05:32 | INFO | src.jobs_xlsx.get_macro_data | Macro data has been downloaded | symbol=NAPMNEWO | rows=677 | output_path=C:\Users\krm\PycharmProjects\AlternativeData\data_lake\raw\macro\USA\NAPMNEWO.parquet
2026-06-19 14:05:32 | INFO | src.jobs_xlsx.get_macro_data | Macro data has been downloaded | symbol=NAPMNMI | rows=346 | output_path=C:\Users\krm\PycharmProjects\AlternativeData\data_lake\raw\macro\USA\NAPMNMI.parquet
2026-06-19 14:05:32 | INFO | src.jobs_xlsx.get_macro_data | Macro data has been downloaded | symbol=NAPMNNO | rows=346 | output_path=C:\Users\krm\PycharmProjects\AlternativeData\data_lake\raw\macro\USA\NAPMNNO.parquet
2026-06-19 14:05:32 | INFO | src.jobs_xlsx.get_macro_data | Macro data has been downloaded | symbol=NAPMNSD | rows=346 | output_path=C:\Users\krm\PycharmProjects\AlternativeData\data_lake\raw\macro\USA\NAPMNSD.parquet
2026-06-19 14:05:33 | INFO | src.jobs_xlsx.get_macro_data | Macro data has been downloaded | symbol=JPCPIYOY | rows=663 | output_path=C:\Users\krm\PycharmProjects\AlternativeData\data_lake\raw\macro\Japan\JPCPIYOY.parquet
2026-06-19 14:05:33 | INFO | src.jobs_xlsx.get_macro_data | Macro data has been downloaded | symbol=CNCPIYOY | rows=483 | output_path=C:\Users\krm\PycharmProjects\AlternativeData\data_lake\raw\macro\China\CNCPIYOY.parquet
2026-06-19 14:05:33 | INFO | src.jobs_xlsx.get_macro_data | Macro data has been downloaded | symbol=CNCPIYOY | rows=483 | output_path=C:\Users\krm\PycharmProjects\AlternativeData\data_lake\raw\macro\China\CNCPIYOY.parquet
2026-06-19 14:05:33 | INFO | src.jobs_xlsx.get_macro_data | Macro data has been downloaded | symbol=CPMINDX | rows=256 | output_path=C:\Users\krm\PycharmProjects\AlternativeData\data_lake\raw\macro\China\CPMINDX.parquet
2026-06-19 14:05:33 | INFO | src.jobs_xlsx.get_macro_data | Macro data has been downloaded | symbol=ADPCHNG | rows=298 | output_path=C:\Users\krm\PycharmProjects\AlternativeData\data_lake\raw\macro\USA\ADPCHNG.parquet
2026-06-19 14:05:33 | INFO | src.jobs_xlsx.get_macro_data | Macro data has been downloaded | symbol=FDTR | rows=299 | output_path=C:\Users\krm\PycharmProjects\AlternativeData\data_lake\raw\macro\USA\FDTR.parquet
2026-06-19 14:05:33 | INFO | src.jobs_xlsx.get_macro_data | Macro data has been downloaded | symbol=CONCCONF | rows=676 | output_path=C:\Users\krm\PycharmProjects\AlternativeData\data_lake\raw\macro\USA\CONCCONF.parquet
2026-06-19 14:05:33 | INFO | src.jobs_xlsx.get_macro_data | Macro data has been downloaded | symbol=CONSSENT | rows=826 | output_path=C:\Users\krm\PycharmProjects\AlternativeData\data_lake\raw\macro\USA\CONSSENT.parquet
2026-06-19 14:05:33 | INFO | src.jobs_xlsx.get_macro_data | Macro data has been downloaded | symbol=PCECYOY | rows=676 | output_path=C:\Users\krm\PycharmProjects\AlternativeData\data_lake\raw\macro\USA\PCECYOY.parquet
2026-06-19 14:05:33 | INFO | src.jobs_xlsx.get_macro_data | Macro data has been downloaded | symbol=USURTOT | rows=941 | output_path=C:\Users\krm\PycharmProjects\AlternativeData\data_lake\raw\macro\USA\USURTOT.parquet
2026-06-19 14:05:33 | INFO | src.jobs_xlsx.get_macro_data | Macro data has been downloaded | symbol=GDPCQQQ | rows=216 | output_path=C:\Users\krm\PycharmProjects\AlternativeData\data_lake\raw\macro\USA\GDPCQQQ.parquet
2026-06-24 14:54:39 | INFO | src.jobs_xlsx.get_macro_data | Macro data has been downloaded | symbol=CPIYOY | rows=676 | output_path=C:\Users\krm\PycharmProjects\AlternativeData\data_lake\raw\macro\USA\USCPI_YoY.parquet
2026-06-24 14:54:39 | INFO | src.jobs_xlsx.get_macro_data | Macro data has been downloaded | symbol=PAYEMS | rows=677 | output_path=C:\Users\krm\PycharmProjects\AlternativeData\data_lake\raw\macro\USA\Nonfarm_Payrolls.parquet
2026-06-24 14:54:39 | INFO | src.jobs_xlsx.get_macro_data | Macro data has been downloaded | symbol=NAPMPMI | rows=677 | output_path=C:\Users\krm\PycharmProjects\AlternativeData\data_lake\raw\macro\USA\NAPMPMI.parquet
2026-06-24 14:54:39 | INFO | src.jobs_xlsx.get_macro_data | Macro data has been downloaded | symbol=NAPMNEWO | rows=677 | output_path=C:\Users\krm\PycharmProjects\AlternativeData\data_lake\raw\macro\USA\NAPMNEWO.parquet
2026-06-24 14:54:39 | INFO | src.jobs_xlsx.get_macro_data | Macro data has been downloaded | symbol=NAPMNMI | rows=346 | output_path=C:\Users\krm\PycharmProjects\AlternativeData\data_lake\raw\macro\USA\NAPMNMI.parquet
2026-06-24 14:54:39 | INFO | src.jobs_xlsx.get_macro_data | Macro data has been downloaded | symbol=NAPMNNO | rows=346 | output_path=C:\Users\krm\PycharmProjects\AlternativeData\data_lake\raw\macro\USA\NAPMNNO.parquet
2026-06-24 14:54:39 | INFO | src.jobs_xlsx.get_macro_data | Macro data has been downloaded | symbol=NAPMNSD | rows=346 | output_path=C:\Users\krm\PycharmProjects\AlternativeData\data_lake\raw\macro\USA\NAPMNSD.parquet
2026-06-24 14:54:40 | INFO | src.jobs_xlsx.get_macro_data | Macro data has been downloaded | symbol=JPCPIYOY | rows=663 | output_path=C:\Users\krm\PycharmProjects\AlternativeData\data_lake\raw\macro\Japan\JPCPIYOY.parquet
2026-06-24 14:54:40 | INFO | src.jobs_xlsx.get_macro_data | Macro data has been downloaded | symbol=CNCPIYOY | rows=483 | output_path=C:\Users\krm\PycharmProjects\AlternativeData\data_lake\raw\macro\China\CNCPIYOY.parquet
2026-06-24 14:54:40 | INFO | src.jobs_xlsx.get_macro_data | Macro data has been downloaded | symbol=CNCPIYOY | rows=483 | output_path=C:\Users\krm\PycharmProjects\AlternativeData\data_lake\raw\macro\China\CNCPIYOY.parquet
2026-06-24 14:54:40 | INFO | src.jobs_xlsx.get_macro_data | Macro data has been downloaded | symbol=CPMINDX | rows=256 | output_path=C:\Users\krm\PycharmProjects\AlternativeData\data_lake\raw\macro\China\CPMINDX.parquet
2026-06-24 14:54:40 | INFO | src.jobs_xlsx.get_macro_data | Macro data has been downloaded | symbol=ADPCHNG | rows=298 | output_path=C:\Users\krm\PycharmProjects\AlternativeData\data_lake\raw\macro\USA\ADPCHNG.parquet
2026-06-24 14:54:40 | INFO | src.jobs_xlsx.get_macro_data | Macro data has been downloaded | symbol=FDTR | rows=299 | output_path=C:\Users\krm\PycharmProjects\AlternativeData\data_lake\raw\macro\USA\FDTR.parquet
2026-06-24 14:54:40 | INFO | src.jobs_xlsx.get_macro_data | Macro data has been downloaded | symbol=CONCCONF | rows=676 | output_path=C:\Users\krm\PycharmProjects\AlternativeData\data_lake\raw\macro\USA\CONCCONF.parquet
2026-06-24 14:54:40 | INFO | src.jobs_xlsx.get_macro_data | Macro data has been downloaded | symbol=CONSSENT | rows=826 | output_path=C:\Users\krm\PycharmProjects\AlternativeData\data_lake\raw\macro\USA\CONSSENT.parquet
2026-06-24 14:54:40 | INFO | src.jobs_xlsx.get_macro_data | Macro data has been downloaded | symbol=PCECYOY | rows=676 | output_path=C:\Users\krm\PycharmProjects\AlternativeData\data_lake\raw\macro\USA\PCECYOY.parquet
2026-06-24 14:54:40 | INFO | src.jobs_xlsx.get_macro_data | Macro data has been downloaded | symbol=USURTOT | rows=941 | output_path=C:\Users\krm\PycharmProjects\AlternativeData\data_lake\raw\macro\USA\USURTOT.parquet
2026-06-24 14:54:40 | INFO | src.jobs_xlsx.get_macro_data | Macro data has been downloaded | symbol=GDPCQQQ | rows=216 | output_path=C:\Users\krm\PycharmProjects\AlternativeData\data_lake\raw\macro\USA\GDPCQQQ.parquet
2026-06-27 11:21:13 | INFO | src.jobs_xlsx.get_macro_data | Macro data has been downloaded | symbol=CPIYOY | rows=676 | output_path=C:\Users\Geust\PycharmProjects\AlternativeData\data_lake\raw\macro\USA\USCPI_YoY.parquet
2026-06-27 11:21:13 | INFO | src.jobs_xlsx.get_macro_data | Macro data has been downloaded | symbol=PAYEMS | rows=677 | output_path=C:\Users\Geust\PycharmProjects\AlternativeData\data_lake\raw\macro\USA\Nonfarm_Payrolls.parquet
2026-06-27 11:21:13 | INFO | src.jobs_xlsx.get_macro_data | Macro data has been downloaded | symbol=NAPMPMI | rows=677 | output_path=C:\Users\Geust\PycharmProjects\AlternativeData\data_lake\raw\macro\USA\NAPMPMI.parquet
2026-06-27 11:21:13 | INFO | src.jobs_xlsx.get_macro_data | Macro data has been downloaded | symbol=NAPMNEWO | rows=677 | output_path=C:\Users\Geust\PycharmProjects\AlternativeData\data_lake\raw\macro\USA\NAPMNEWO.parquet
2026-06-27 11:21:13 | INFO | src.jobs_xlsx.get_macro_data | Macro data has been downloaded | symbol=NAPMNMI | rows=346 | output_path=C:\Users\Geust\PycharmProjects\AlternativeData\data_lake\raw\macro\USA\NAPMNMI.parquet
2026-06-27 11:21:13 | INFO | src.jobs_xlsx.get_macro_data | Macro data has been downloaded | symbol=NAPMNNO | rows=346 | output_path=C:\Users\Geust\PycharmProjects\AlternativeData\data_lake\raw\macro\USA\NAPMNNO.parquet
2026-06-27 11:21:13 | INFO | src.jobs_xlsx.get_macro_data | Macro data has been downloaded | symbol=NAPMNSD | rows=346 | output_path=C:\Users\Geust\PycharmProjects\AlternativeData\data_lake\raw\macro\USA\NAPMNSD.parquet
2026-06-27 11:21:14 | INFO | src.jobs_xlsx.get_macro_data | Macro data has been downloaded | symbol=JPCPIYOY | rows=663 | output_path=C:\Users\Geust\PycharmProjects\AlternativeData\data_lake\raw\macro\Japan\JPCPIYOY.parquet
2026-06-27 11:21:14 | INFO | src.jobs_xlsx.get_macro_data | Macro data has been downloaded | symbol=CNCPIYOY | rows=483 | output_path=C:\Users\Geust\PycharmProjects\AlternativeData\data_lake\raw\macro\China\CNCPIYOY.parquet
2026-06-27 11:21:14 | INFO | src.jobs_xlsx.get_macro_data | Macro data has been downloaded | symbol=CNCPIYOY | rows=483 | output_path=C:\Users\Geust\PycharmProjects\AlternativeData\data_lake\raw\macro\China\CNCPIYOY.parquet
2026-06-27 11:21:14 | INFO | src.jobs_xlsx.get_macro_data | Macro data has been downloaded | symbol=CPMINDX | rows=256 | output_path=C:\Users\Geust\PycharmProjects\AlternativeData\data_lake\raw\macro\China\CPMINDX.parquet
2026-06-27 11:21:14 | INFO | src.jobs_xlsx.get_macro_data | Macro data has been downloaded | symbol=ADPCHNG | rows=298 | output_path=C:\Users\Geust\PycharmProjects\AlternativeData\data_lake\raw\macro\USA\ADPCHNG.parquet
2026-06-27 11:21:14 | INFO | src.jobs_xlsx.get_macro_data | Macro data has been downloaded | symbol=FDTR | rows=299 | output_path=C:\Users\Geust\PycharmProjects\AlternativeData\data_lake\raw\macro\USA\FDTR.parquet
2026-06-27 11:21:14 | INFO | src.jobs_xlsx.get_macro_data | Macro data has been downloaded | symbol=CONCCONF | rows=676 | output_path=C:\Users\Geust\PycharmProjects\AlternativeData\data_lake\raw\macro\USA\CONCCONF.parquet
2026-06-27 11:21:14 | INFO | src.jobs_xlsx.get_macro_data | Macro data has been downloaded | symbol=CONSSENT | rows=826 | output_path=C:\Users\Geust\PycharmProjects\AlternativeData\data_lake\raw\macro\USA\CONSSENT.parquet
2026-06-27 11:21:14 | INFO | src.jobs_xlsx.get_macro_data | Macro data has been downloaded | symbol=PCECYOY | rows=678 | output_path=C:\Users\Geust\PycharmProjects\AlternativeData\data_lake\raw\macro\USA\PCECYOY.parquet
2026-06-27 11:21:14 | INFO | src.jobs_xlsx.get_macro_data | Macro data has been downloaded | symbol=USURTOT | rows=941 | output_path=C:\Users\Geust\PycharmProjects\AlternativeData\data_lake\raw\macro\USA\USURTOT.parquet
2026-06-27 11:21:14 | INFO | src.jobs_xlsx.get_macro_data | Macro data has been downloaded | symbol=GDPCQQQ | rows=216 | output_path=C:\Users\Geust\PycharmProjects\AlternativeData\data_lake\raw\macro\USA\GDPCQQQ.parquet
2026-06-27 15:21:58 | INFO | src.jobs_xlsx.get_macro_data | Macro data has been downloaded | symbol=CPIYOY | rows=676 | output_path=/Users/tommy/Desktop/Pycharm/FinancialData/data_lake/raw/macro/USA/USCPI_YoY.parquet
2026-06-27 15:22:00 | INFO | src.jobs_xlsx.get_macro_data | Macro data has been downloaded | symbol=PAYEMS | rows=677 | output_path=/Users/tommy/Desktop/Pycharm/FinancialData/data_lake/raw/macro/USA/Nonfarm_Payrolls.parquet
2026-06-27 15:22:02 | INFO | src.jobs_xlsx.get_macro_data | Macro data has been downloaded | symbol=NAPMPMI | rows=677 | output_path=/Users/tommy/Desktop/Pycharm/FinancialData/data_lake/raw/macro/USA/NAPMPMI.parquet
2026-06-27 15:22:02 | INFO | src.jobs_xlsx.get_macro_data | Macro data has been downloaded | symbol=NAPMNEWO | rows=677 | output_path=/Users/tommy/Desktop/Pycharm/FinancialData/data_lake/raw/macro/USA/NAPMNEWO.parquet
2026-06-27 15:22:02 | INFO | src.jobs_xlsx.get_macro_data | Macro data has been downloaded | symbol=NAPMNMI | rows=346 | output_path=/Users/tommy/Desktop/Pycharm/FinancialData/data_lake/raw/macro/USA/NAPMNMI.parquet
2026-06-27 15:22:02 | INFO | src.jobs_xlsx.get_macro_data | Macro data has been downloaded | symbol=NAPMNNO | rows=346 | output_path=/Users/tommy/Desktop/Pycharm/FinancialData/data_lake/raw/macro/USA/NAPMNNO.parquet
2026-06-27 15:22:04 | INFO | src.jobs_xlsx.get_macro_data | Macro data has been downloaded | symbol=NAPMNSD | rows=346 | output_path=/Users/tommy/Desktop/Pycharm/FinancialData/data_lake/raw/macro/USA/NAPMNSD.parquet
2026-06-27 15:22:04 | INFO | src.jobs_xlsx.get_macro_data | Macro data has been downloaded | symbol=JPCPIYOY | rows=663 | output_path=/Users/tommy/Desktop/Pycharm/FinancialData/data_lake/raw/macro/Japan/JPCPIYOY.parquet
2026-06-27 15:22:04 | INFO | src.jobs_xlsx.get_macro_data | Macro data has been downloaded | symbol=CNCPIYOY | rows=483 | output_path=/Users/tommy/Desktop/Pycharm/FinancialData/data_lake/raw/macro/China/CNCPIYOY.parquet
2026-06-27 15:22:04 | INFO | src.jobs_xlsx.get_macro_data | Macro data has been downloaded | symbol=CNCPIYOY | rows=483 | output_path=/Users/tommy/Desktop/Pycharm/FinancialData/data_lake/raw/macro/China/CNCPIYOY.parquet
2026-06-27 15:22:04 | INFO | src.jobs_xlsx.get_macro_data | Macro data has been downloaded | symbol=CPMINDX | rows=256 | output_path=/Users/tommy/Desktop/Pycharm/FinancialData/data_lake/raw/macro/China/CPMINDX.parquet
2026-06-27 15:22:04 | INFO | src.jobs_xlsx.get_macro_data | Macro data has been downloaded | symbol=ADPCHNG | rows=298 | output_path=/Users/tommy/Desktop/Pycharm/FinancialData/data_lake/raw/macro/USA/ADPCHNG.parquet
2026-06-27 15:22:06 | INFO | src.jobs_xlsx.get_macro_data | Macro data has been downloaded | symbol=FDTR | rows=299 | output_path=/Users/tommy/Desktop/Pycharm/FinancialData/data_lake/raw/macro/USA/FDTR.parquet
2026-06-27 15:22:06 | INFO | src.jobs_xlsx.get_macro_data | Macro data has been downloaded | symbol=CONCCONF | rows=676 | output_path=/Users/tommy/Desktop/Pycharm/FinancialData/data_lake/raw/macro/USA/CONCCONF.parquet
2026-06-27 15:22:06 | INFO | src.jobs_xlsx.get_macro_data | Macro data has been downloaded | symbol=CONSSENT | rows=826 | output_path=/Users/tommy/Desktop/Pycharm/FinancialData/data_lake/raw/macro/USA/CONSSENT.parquet
2026-06-27 15:22:06 | INFO | src.jobs_xlsx.get_macro_data | Macro data has been downloaded | symbol=PCECYOY | rows=678 | output_path=/Users/tommy/Desktop/Pycharm/FinancialData/data_lake/raw/macro/USA/PCECYOY.parquet
2026-06-27 15:22:07 | INFO | src.jobs_xlsx.get_macro_data | Macro data has been downloaded | symbol=USURTOT | rows=941 | output_path=/Users/tommy/Desktop/Pycharm/FinancialData/data_lake/raw/macro/USA/USURTOT.parquet
2026-06-27 15:22:07 | INFO | src.jobs_xlsx.get_macro_data | Macro data has been downloaded | symbol=GDPCQQQ | rows=216 | output_path=/Users/tommy/Desktop/Pycharm/FinancialData/data_lake/raw/macro/USA/GDPCQQQ.parquet
2026-06-29 13:36:45 | INFO | src.jobs_xlsx.get_macro_data | Macro data has been downloaded | symbol=CPIYOY | rows=676 | output_path=C:\Users\krm\PycharmProjects\AlternativeData\data_lake\raw\macro\USA\USCPI_YoY.parquet
2026-06-29 13:36:46 | INFO | src.jobs_xlsx.get_macro_data | Macro data has been downloaded | symbol=PAYEMS | rows=677 | output_path=C:\Users\krm\PycharmProjects\AlternativeData\data_lake\raw\macro\USA\Nonfarm_Payrolls.parquet
2026-06-29 13:36:46 | INFO | src.jobs_xlsx.get_macro_data | Macro data has been downloaded | symbol=NAPMPMI | rows=679 | output_path=C:\Users\krm\PycharmProjects\AlternativeData\data_lake\raw\macro\USA\NAPMPMI.parquet
2026-06-29 13:36:46 | INFO | src.jobs_xlsx.get_macro_data | Macro data has been downloaded | symbol=NAPMNEWO | rows=679 | output_path=C:\Users\krm\PycharmProjects\AlternativeData\data_lake\raw\macro\USA\NAPMNEWO.parquet
2026-06-29 13:36:46 | INFO | src.jobs_xlsx.get_macro_data | Macro data has been downloaded | symbol=NAPMNMI | rows=348 | output_path=C:\Users\krm\PycharmProjects\AlternativeData\data_lake\raw\macro\USA\NAPMNMI.parquet
2026-06-29 13:36:46 | INFO | src.jobs_xlsx.get_macro_data | Macro data has been downloaded | symbol=NAPMNNO | rows=348 | output_path=C:\Users\krm\PycharmProjects\AlternativeData\data_lake\raw\macro\USA\NAPMNNO.parquet
2026-06-29 13:36:46 | INFO | src.jobs_xlsx.get_macro_data | Macro data has been downloaded | symbol=NAPMNSD | rows=348 | output_path=C:\Users\krm\PycharmProjects\AlternativeData\data_lake\raw\macro\USA\NAPMNSD.parquet
2026-06-29 13:36:46 | INFO | src.jobs_xlsx.get_macro_data | Macro data has been downloaded | symbol=JPCPIYOY | rows=663 | output_path=C:\Users\krm\PycharmProjects\AlternativeData\data_lake\raw\macro\Japan\JPCPIYOY.parquet
2026-06-29 13:36:46 | INFO | src.jobs_xlsx.get_macro_data | Macro data has been downloaded | symbol=CNCPIYOY | rows=483 | output_path=C:\Users\krm\PycharmProjects\AlternativeData\data_lake\raw\macro\China\CNCPIYOY.parquet
2026-06-29 13:36:46 | INFO | src.jobs_xlsx.get_macro_data | Macro data has been downloaded | symbol=CNCPIYOY | rows=483 | output_path=C:\Users\krm\PycharmProjects\AlternativeData\data_lake\raw\macro\China\CNCPIYOY.parquet
2026-06-29 13:36:46 | INFO | src.jobs_xlsx.get_macro_data | Macro data has been downloaded | symbol=CPMINDX | rows=258 | output_path=C:\Users\krm\PycharmProjects\AlternativeData\data_lake\raw\macro\China\CPMINDX.parquet
2026-06-29 13:36:46 | INFO | src.jobs_xlsx.get_macro_data | Macro data has been downloaded | symbol=ADPCHNG | rows=298 | output_path=C:\Users\krm\PycharmProjects\AlternativeData\data_lake\raw\macro\USA\ADPCHNG.parquet
2026-06-29 13:36:46 | INFO | src.jobs_xlsx.get_macro_data | Macro data has been downloaded | symbol=FDTR | rows=299 | output_path=C:\Users\krm\PycharmProjects\AlternativeData\data_lake\raw\macro\USA\FDTR.parquet
2026-06-29 13:36:46 | INFO | src.jobs_xlsx.get_macro_data | Macro data has been downloaded | symbol=CONCCONF | rows=676 | output_path=C:\Users\krm\PycharmProjects\AlternativeData\data_lake\raw\macro\USA\CONCCONF.parquet
2026-06-29 13:36:46 | INFO | src.jobs_xlsx.get_macro_data | Macro data has been downloaded | symbol=CONSSENT | rows=831 | output_path=C:\Users\krm\PycharmProjects\AlternativeData\data_lake\raw\macro\USA\CONSSENT.parquet
2026-06-29 13:36:46 | INFO | src.jobs_xlsx.get_macro_data | Macro data has been downloaded | symbol=PCECYOY | rows=678 | output_path=C:\Users\krm\PycharmProjects\AlternativeData\data_lake\raw\macro\USA\PCECYOY.parquet
2026-06-29 13:36:46 | INFO | src.jobs_xlsx.get_macro_data | Macro data has been downloaded | symbol=USURTOT | rows=941 | output_path=C:\Users\krm\PycharmProjects\AlternativeData\data_lake\raw\macro\USA\USURTOT.parquet
2026-06-29 13:36:46 | INFO | src.jobs_xlsx.get_macro_data | Macro data has been downloaded | symbol=GDPCQQQ | rows=216 | output_path=C:\Users\krm\PycharmProjects\AlternativeData\data_lake\raw\macro\USA\GDPCQQQ.parquet
2026-06-29 13:36:46 | INFO | src.jobs_xlsx.get_macro_data | Macro data has been downloaded | symbol=CPMINMNS | rows=258 | output_path=C:\Users\krm\PycharmProjects\AlternativeData\data_lake\raw\macro\China\CPMINMNS.parquet
2026-06-29 13:36:46 | INFO | src.jobs_xlsx.get_macro_data | Macro data has been downloaded | symbol=KOCPIY | rows=679 | output_path=C:\Users\krm\PycharmProjects\AlternativeData\data_lake\raw\macro\South Korea\.parquet
2026-06-29 13:36:46 | INFO | src.jobs_xlsx.get_macro_data | Macro data has been downloaded | symbol=KOEXTOTY | rows=789 | output_path=C:\Users\krm\PycharmProjects\AlternativeData\data_lake\raw\macro\South Korea\KOEXTOTY.parquet
2026-06-29 13:36:46 | INFO | src.jobs_xlsx.get_macro_data | Macro data has been downloaded | symbol=KORSLM | rows=192 | output_path=C:\Users\krm\PycharmProjects\AlternativeData\data_lake\raw\macro\South Korea\KORSLM.parquet
2026-06-29 13:36:47 | INFO | src.jobs_xlsx.get_macro_data | Macro data has been downloaded | symbol=KORP7DR | rows=289 | output_path=C:\Users\krm\PycharmProjects\AlternativeData\data_lake\raw\macro\South Korea\KORP7DR.parquet
2026-06-29 18:08:26 | INFO | src.jobs_xlsx.get_macro_data | Macro data has been downloaded | symbol=CPIYOY | rows=676 | output_path=C:\Users\krm\PycharmProjects\AlternativeData\data_lake\raw\macro\USA\USCPI_YoY.parquet
2026-06-29 18:08:26 | INFO | src.jobs_xlsx.get_macro_data | Macro data has been downloaded | symbol=PAYEMS | rows=677 | output_path=C:\Users\krm\PycharmProjects\AlternativeData\data_lake\raw\macro\USA\Nonfarm_Payrolls.parquet
2026-06-29 18:08:26 | INFO | src.jobs_xlsx.get_macro_data | Macro data has been downloaded | symbol=NAPMPMI | rows=679 | output_path=C:\Users\krm\PycharmProjects\AlternativeData\data_lake\raw\macro\USA\NAPMPMI.parquet
2026-06-29 18:08:26 | INFO | src.jobs_xlsx.get_macro_data | Macro data has been downloaded | symbol=NAPMNEWO | rows=679 | output_path=C:\Users\krm\PycharmProjects\AlternativeData\data_lake\raw\macro\USA\NAPMNEWO.parquet
2026-06-29 18:08:26 | INFO | src.jobs_xlsx.get_macro_data | Macro data has been downloaded | symbol=NAPMNMI | rows=348 | output_path=C:\Users\krm\PycharmProjects\AlternativeData\data_lake\raw\macro\USA\NAPMNMI.parquet
2026-06-29 18:08:26 | INFO | src.jobs_xlsx.get_macro_data | Macro data has been downloaded | symbol=NAPMNNO | rows=348 | output_path=C:\Users\krm\PycharmProjects\AlternativeData\data_lake\raw\macro\USA\NAPMNNO.parquet
2026-06-29 18:08:26 | INFO | src.jobs_xlsx.get_macro_data | Macro data has been downloaded | symbol=NAPMNSD | rows=348 | output_path=C:\Users\krm\PycharmProjects\AlternativeData\data_lake\raw\macro\USA\NAPMNSD.parquet
2026-06-29 18:08:26 | INFO | src.jobs_xlsx.get_macro_data | Macro data has been downloaded | symbol=JPCPIYOY | rows=663 | output_path=C:\Users\krm\PycharmProjects\AlternativeData\data_lake\raw\macro\Japan\JPCPIYOY.parquet
2026-06-29 18:08:26 | INFO | src.jobs_xlsx.get_macro_data | Macro data has been downloaded | symbol=CNCPIYOY | rows=483 | output_path=C:\Users\krm\PycharmProjects\AlternativeData\data_lake\raw\macro\China\CNCPIYOY.parquet
2026-06-29 18:08:26 | INFO | src.jobs_xlsx.get_macro_data | Macro data has been downloaded | symbol=CNCPIYOY | rows=483 | output_path=C:\Users\krm\PycharmProjects\AlternativeData\data_lake\raw\macro\China\CNCPIYOY.parquet
2026-06-29 18:08:26 | INFO | src.jobs_xlsx.get_macro_data | Macro data has been downloaded | symbol=CPMINDX | rows=258 | output_path=C:\Users\krm\PycharmProjects\AlternativeData\data_lake\raw\macro\China\CPMINDX.parquet
2026-06-29 18:08:26 | INFO | src.jobs_xlsx.get_macro_data | Macro data has been downloaded | symbol=ADPCHNG | rows=298 | output_path=C:\Users\krm\PycharmProjects\AlternativeData\data_lake\raw\macro\USA\ADPCHNG.parquet
2026-06-29 18:08:26 | INFO | src.jobs_xlsx.get_macro_data | Macro data has been downloaded | symbol=FDTR | rows=299 | output_path=C:\Users\krm\PycharmProjects\AlternativeData\data_lake\raw\macro\USA\FDTR.parquet
2026-06-29 18:08:26 | INFO | src.jobs_xlsx.get_macro_data | Macro data has been downloaded | symbol=CONCCONF | rows=676 | output_path=C:\Users\krm\PycharmProjects\AlternativeData\data_lake\raw\macro\USA\CONCCONF.parquet
2026-06-29 18:08:26 | INFO | src.jobs_xlsx.get_macro_data | Macro data has been downloaded | symbol=CONSSENT | rows=831 | output_path=C:\Users\krm\PycharmProjects\AlternativeData\data_lake\raw\macro\USA\CONSSENT.parquet
2026-06-29 18:08:26 | INFO | src.jobs_xlsx.get_macro_data | Macro data has been downloaded | symbol=PCECYOY | rows=678 | output_path=C:\Users\krm\PycharmProjects\AlternativeData\data_lake\raw\macro\USA\PCECYOY.parquet
2026-06-29 18:08:26 | INFO | src.jobs_xlsx.get_macro_data | Macro data has been downloaded | symbol=USURTOT | rows=941 | output_path=C:\Users\krm\PycharmProjects\AlternativeData\data_lake\raw\macro\USA\USURTOT.parquet
2026-06-29 18:08:26 | INFO | src.jobs_xlsx.get_macro_data | Macro data has been downloaded | symbol=GDPCQQQ | rows=216 | output_path=C:\Users\krm\PycharmProjects\AlternativeData\data_lake\raw\macro\USA\GDPCQQQ.parquet
2026-06-29 18:08:26 | INFO | src.jobs_xlsx.get_macro_data | Macro data has been downloaded | symbol=CPMINMNS | rows=258 | output_path=C:\Users\krm\PycharmProjects\AlternativeData\data_lake\raw\macro\China\CPMINMNS.parquet
2026-06-29 18:08:26 | INFO | src.jobs_xlsx.get_macro_data | Macro data has been downloaded | symbol=KOCPIY | rows=679 | output_path=C:\Users\krm\PycharmProjects\AlternativeData\data_lake\raw\macro\South Korea\.parquet
2026-06-29 18:08:26 | INFO | src.jobs_xlsx.get_macro_data | Macro data has been downloaded | symbol=KOEXTOTY | rows=789 | output_path=C:\Users\krm\PycharmProjects\AlternativeData\data_lake\raw\macro\South Korea\KOEXTOTY.parquet
2026-06-29 18:08:27 | INFO | src.jobs_xlsx.get_macro_data | Macro data has been downloaded | symbol=KORSLM | rows=192 | output_path=C:\Users\krm\PycharmProjects\AlternativeData\data_lake\raw\macro\South Korea\KORSLM.parquet
2026-06-29 18:08:27 | INFO | src.jobs_xlsx.get_macro_data | Macro data has been downloaded | symbol=KORP7DR | rows=292 | output_path=C:\Users\krm\PycharmProjects\AlternativeData\data_lake\raw\macro\South Korea\KORP7DR.parquet
2026-06-29 18:08:27 | INFO | src.jobs_xlsx.get_macro_data | Macro data has been downloaded | symbol=KOM2Y | rows=366 | output_path=C:\Users\krm\PycharmProjects\AlternativeData\data_lake\raw\macro\South Korea\KOM2Y.parquet
2026-06-30 11:23:38 | INFO | src.jobs_xlsx.get_macro_data | Macro data has been downloaded | symbol=CPIYOY | rows=676 | output_path=C:\Users\krm\PycharmProjects\AlternativeData\data_lake\raw\macro\USA\USCPI_YoY.parquet
2026-06-30 11:23:38 | INFO | src.jobs_xlsx.get_macro_data | Macro data has been downloaded | symbol=PAYEMS | rows=679 | output_path=C:\Users\krm\PycharmProjects\AlternativeData\data_lake\raw\macro\USA\Nonfarm_Payrolls.parquet
2026-06-30 11:23:38 | INFO | src.jobs_xlsx.get_macro_data | Macro data has been downloaded | symbol=NAPMPMI | rows=679 | output_path=C:\Users\krm\PycharmProjects\AlternativeData\data_lake\raw\macro\USA\NAPMPMI.parquet
2026-06-30 11:23:38 | INFO | src.jobs_xlsx.get_macro_data | Macro data has been downloaded | symbol=NAPMNEWO | rows=679 | output_path=C:\Users\krm\PycharmProjects\AlternativeData\data_lake\raw\macro\USA\NAPMNEWO.parquet
2026-06-30 11:23:38 | INFO | src.jobs_xlsx.get_macro_data | Macro data has been downloaded | symbol=NAPMNMI | rows=348 | output_path=C:\Users\krm\PycharmProjects\AlternativeData\data_lake\raw\macro\USA\NAPMNMI.parquet
2026-06-30 11:23:38 | INFO | src.jobs_xlsx.get_macro_data | Macro data has been downloaded | symbol=NAPMNNO | rows=348 | output_path=C:\Users\krm\PycharmProjects\AlternativeData\data_lake\raw\macro\USA\NAPMNNO.parquet
2026-06-30 11:23:38 | INFO | src.jobs_xlsx.get_macro_data | Macro data has been downloaded | symbol=NAPMNSD | rows=348 | output_path=C:\Users\krm\PycharmProjects\AlternativeData\data_lake\raw\macro\USA\NAPMNSD.parquet
2026-06-30 11:23:39 | INFO | src.jobs_xlsx.get_macro_data | Macro data has been downloaded | symbol=JPCPIYOY | rows=663 | output_path=C:\Users\krm\PycharmProjects\AlternativeData\data_lake\raw\macro\Japan\JPCPIYOY.parquet
2026-06-30 11:23:39 | INFO | src.jobs_xlsx.get_macro_data | Macro data has been downloaded | symbol=CNCPIYOY | rows=483 | output_path=C:\Users\krm\PycharmProjects\AlternativeData\data_lake\raw\macro\China\CNCPIYOY.parquet
2026-06-30 11:23:39 | INFO | src.jobs_xlsx.get_macro_data | Macro data has been downloaded | symbol=CNCPIYOY | rows=483 | output_path=C:\Users\krm\PycharmProjects\AlternativeData\data_lake\raw\macro\China\CNCPIYOY.parquet
2026-06-30 11:23:39 | INFO | src.jobs_xlsx.get_macro_data | Macro data has been downloaded | symbol=CPMINDX | rows=258 | output_path=C:\Users\krm\PycharmProjects\AlternativeData\data_lake\raw\macro\China\CPMINDX.parquet
2026-06-30 11:23:39 | INFO | src.jobs_xlsx.get_macro_data | Macro data has been downloaded | symbol=ADPCHNG | rows=298 | output_path=C:\Users\krm\PycharmProjects\AlternativeData\data_lake\raw\macro\USA\ADPCHNG.parquet
2026-06-30 11:23:39 | INFO | src.jobs_xlsx.get_macro_data | Macro data has been downloaded | symbol=FDTR | rows=299 | output_path=C:\Users\krm\PycharmProjects\AlternativeData\data_lake\raw\macro\USA\FDTR.parquet
2026-06-30 11:23:39 | INFO | src.jobs_xlsx.get_macro_data | Macro data has been downloaded | symbol=CONCCONF | rows=676 | output_path=C:\Users\krm\PycharmProjects\AlternativeData\data_lake\raw\macro\USA\CONCCONF.parquet
2026-06-30 11:23:39 | INFO | src.jobs_xlsx.get_macro_data | Macro data has been downloaded | symbol=CONSSENT | rows=831 | output_path=C:\Users\krm\PycharmProjects\AlternativeData\data_lake\raw\macro\USA\CONSSENT.parquet
2026-06-30 11:23:39 | INFO | src.jobs_xlsx.get_macro_data | Macro data has been downloaded | symbol=PCECYOY | rows=678 | output_path=C:\Users\krm\PycharmProjects\AlternativeData\data_lake\raw\macro\USA\PCECYOY.parquet
2026-06-30 11:23:39 | INFO | src.jobs_xlsx.get_macro_data | Macro data has been downloaded | symbol=USURTOT | rows=941 | output_path=C:\Users\krm\PycharmProjects\AlternativeData\data_lake\raw\macro\USA\USURTOT.parquet
2026-06-30 11:23:39 | INFO | src.jobs_xlsx.get_macro_data | Macro data has been downloaded | symbol=GDPCQQQ | rows=216 | output_path=C:\Users\krm\PycharmProjects\AlternativeData\data_lake\raw\macro\USA\GDPCQQQ.parquet
2026-06-30 11:23:39 | INFO | src.jobs_xlsx.get_macro_data | Macro data has been downloaded | symbol=CPMINMNS | rows=258 | output_path=C:\Users\krm\PycharmProjects\AlternativeData\data_lake\raw\macro\China\CPMINMNS.parquet
2026-06-30 11:23:39 | INFO | src.jobs_xlsx.get_macro_data | Macro data has been downloaded | symbol=KOCPIY | rows=679 | output_path=C:\Users\krm\PycharmProjects\AlternativeData\data_lake\raw\macro\South Korea\.parquet
2026-06-30 11:23:40 | INFO | src.jobs_xlsx.get_macro_data | Macro data has been downloaded | symbol=KOEXTOTY | rows=789 | output_path=C:\Users\krm\PycharmProjects\AlternativeData\data_lake\raw\macro\South Korea\KOEXTOTY.parquet
2026-06-30 11:23:40 | INFO | src.jobs_xlsx.get_macro_data | Macro data has been downloaded | symbol=KORSLM | rows=192 | output_path=C:\Users\krm\PycharmProjects\AlternativeData\data_lake\raw\macro\South Korea\KORSLM.parquet
2026-06-30 11:23:40 | INFO | src.jobs_xlsx.get_macro_data | Macro data has been downloaded | symbol=KORP7DR | rows=292 | output_path=C:\Users\krm\PycharmProjects\AlternativeData\data_lake\raw\macro\South Korea\KORP7DR.parquet
2026-06-30 11:23:40 | INFO | src.jobs_xlsx.get_macro_data | Macro data has been downloaded | symbol=KOM2Y | rows=366 | output_path=C:\Users\krm\PycharmProjects\AlternativeData\data_lake\raw\macro\South Korea\KOM2Y.parquet
2026-07-02 01:43:02 | INFO | src.jobs_xlsx.get_macro_data | Macro data has been downloaded | symbol=CPIYOY | rows=676 | output_path=C:\Users\Geust\PycharmProjects\AlternativeData\data_lake\raw\macro\USA\USCPI_YoY.parquet
2026-07-02 01:43:02 | INFO | src.jobs_xlsx.get_macro_data | Macro data has been downloaded | symbol=PAYEMS | rows=679 | output_path=C:\Users\Geust\PycharmProjects\AlternativeData\data_lake\raw\macro\USA\Nonfarm_Payrolls.parquet
2026-07-02 01:43:02 | INFO | src.jobs_xlsx.get_macro_data | Macro data has been downloaded | symbol=NAPMPMI | rows=679 | output_path=C:\Users\Geust\PycharmProjects\AlternativeData\data_lake\raw\macro\USA\NAPMPMI.parquet
2026-07-02 01:43:02 | INFO | src.jobs_xlsx.get_macro_data | Macro data has been downloaded | symbol=NAPMNEWO | rows=679 | output_path=C:\Users\Geust\PycharmProjects\AlternativeData\data_lake\raw\macro\USA\NAPMNEWO.parquet
2026-07-02 01:43:02 | INFO | src.jobs_xlsx.get_macro_data | Macro data has been downloaded | symbol=NAPMNMI | rows=348 | output_path=C:\Users\Geust\PycharmProjects\AlternativeData\data_lake\raw\macro\USA\NAPMNMI.parquet
2026-07-02 01:43:02 | INFO | src.jobs_xlsx.get_macro_data | Macro data has been downloaded | symbol=NAPMNNO | rows=348 | output_path=C:\Users\Geust\PycharmProjects\AlternativeData\data_lake\raw\macro\USA\NAPMNNO.parquet
2026-07-02 01:43:03 | INFO | src.jobs_xlsx.get_macro_data | Macro data has been downloaded | symbol=NAPMNSD | rows=348 | output_path=C:\Users\Geust\PycharmProjects\AlternativeData\data_lake\raw\macro\USA\NAPMNSD.parquet
2026-07-02 01:43:03 | INFO | src.jobs_xlsx.get_macro_data | Macro data has been downloaded | symbol=JPCPIYOY | rows=663 | output_path=C:\Users\Geust\PycharmProjects\AlternativeData\data_lake\raw\macro\Japan\JPCPIYOY.parquet
2026-07-02 01:43:03 | INFO | src.jobs_xlsx.get_macro_data | Macro data has been downloaded | symbol=CNCPIYOY | rows=483 | output_path=C:\Users\Geust\PycharmProjects\AlternativeData\data_lake\raw\macro\China\CNCPIYOY.parquet
2026-07-02 01:43:03 | INFO | src.jobs_xlsx.get_macro_data | Macro data has been downloaded | symbol=CNCPIYOY | rows=483 | output_path=C:\Users\Geust\PycharmProjects\AlternativeData\data_lake\raw\macro\China\CNCPIYOY.parquet
2026-07-02 01:43:03 | INFO | src.jobs_xlsx.get_macro_data | Macro data has been downloaded | symbol=CPMINDX | rows=258 | output_path=C:\Users\Geust\PycharmProjects\AlternativeData\data_lake\raw\macro\China\CPMINDX.parquet
2026-07-02 01:43:03 | INFO | src.jobs_xlsx.get_macro_data | Macro data has been downloaded | symbol=ADPCHNG | rows=298 | output_path=C:\Users\Geust\PycharmProjects\AlternativeData\data_lake\raw\macro\USA\ADPCHNG.parquet
2026-07-02 01:43:03 | INFO | src.jobs_xlsx.get_macro_data | Macro data has been downloaded | symbol=FDTR | rows=299 | output_path=C:\Users\Geust\PycharmProjects\AlternativeData\data_lake\raw\macro\USA\FDTR.parquet
2026-07-02 01:43:03 | INFO | src.jobs_xlsx.get_macro_data | Macro data has been downloaded | symbol=CONCCONF | rows=676 | output_path=C:\Users\Geust\PycharmProjects\AlternativeData\data_lake\raw\macro\USA\CONCCONF.parquet
2026-07-02 01:43:03 | INFO | src.jobs_xlsx.get_macro_data | Macro data has been downloaded | symbol=CONSSENT | rows=831 | output_path=C:\Users\Geust\PycharmProjects\AlternativeData\data_lake\raw\macro\USA\CONSSENT.parquet
2026-07-02 01:43:03 | INFO | src.jobs_xlsx.get_macro_data | Macro data has been downloaded | symbol=PCECYOY | rows=678 | output_path=C:\Users\Geust\PycharmProjects\AlternativeData\data_lake\raw\macro\USA\PCECYOY.parquet
2026-07-02 01:43:03 | INFO | src.jobs_xlsx.get_macro_data | Macro data has been downloaded | symbol=USURTOT | rows=941 | output_path=C:\Users\Geust\PycharmProjects\AlternativeData\data_lake\raw\macro\USA\USURTOT.parquet
2026-07-02 01:43:04 | INFO | src.jobs_xlsx.get_macro_data | Macro data has been downloaded | symbol=GDPCQQQ | rows=216 | output_path=C:\Users\Geust\PycharmProjects\AlternativeData\data_lake\raw\macro\USA\GDPCQQQ.parquet
2026-07-02 01:43:04 | INFO | src.jobs_xlsx.get_macro_data | Macro data has been downloaded | symbol=CPMINMNS | rows=258 | output_path=C:\Users\Geust\PycharmProjects\AlternativeData\data_lake\raw\macro\China\CPMINMNS.parquet
2026-07-02 01:43:04 | INFO | src.jobs_xlsx.get_macro_data | Macro data has been downloaded | symbol=KOCPIY | rows=679 | output_path=C:\Users\Geust\PycharmProjects\AlternativeData\data_lake\raw\macro\South Korea\.parquet
2026-07-02 01:43:04 | INFO | src.jobs_xlsx.get_macro_data | Macro data has been downloaded | symbol=KOEXTOTY | rows=789 | output_path=C:\Users\Geust\PycharmProjects\AlternativeData\data_lake\raw\macro\South Korea\KOEXTOTY.parquet
2026-07-02 01:43:04 | INFO | src.jobs_xlsx.get_macro_data | Macro data has been downloaded | symbol=KORSLM | rows=192 | output_path=C:\Users\Geust\PycharmProjects\AlternativeData\data_lake\raw\macro\South Korea\KORSLM.parquet
2026-07-02 01:43:04 | INFO | src.jobs_xlsx.get_macro_data | Macro data has been downloaded | symbol=KORP7DR | rows=292 | output_path=C:\Users\Geust\PycharmProjects\AlternativeData\data_lake\raw\macro\South Korea\KORP7DR.parquet
2026-07-02 01:43:04 | INFO | src.jobs_xlsx.get_macro_data | Macro data has been downloaded | symbol=KOM2Y | rows=366 | output_path=C:\Users\Geust\PycharmProjects\AlternativeData\data_lake\raw\macro\South Korea\KOM2Y.parquet
2026-07-02 18:02:20 | INFO | src.jobs_xlsx.get_macro_data | Macro data has been downloaded | symbol=CPIYOY | rows=676 | output_path=C:\Users\krm\PycharmProjects\AlternativeData\data_warehouse\raw\macro\USA\USCPI_YoY.parquet
2026-07-02 18:02:20 | INFO | src.jobs_xlsx.get_macro_data | Macro data has been downloaded | symbol=PAYEMS | rows=679 | output_path=C:\Users\krm\PycharmProjects\AlternativeData\data_warehouse\raw\macro\USA\Nonfarm_Payrolls.parquet
2026-07-02 18:02:20 | INFO | src.jobs_xlsx.get_macro_data | Macro data has been downloaded | symbol=NAPMPMI | rows=679 | output_path=C:\Users\krm\PycharmProjects\AlternativeData\data_warehouse\raw\macro\USA\NAPMPMI.parquet
2026-07-02 18:02:21 | INFO | src.jobs_xlsx.get_macro_data | Macro data has been downloaded | symbol=NAPMNEWO | rows=679 | output_path=C:\Users\krm\PycharmProjects\AlternativeData\data_warehouse\raw\macro\USA\NAPMNEWO.parquet
2026-07-02 18:02:21 | INFO | src.jobs_xlsx.get_macro_data | Macro data has been downloaded | symbol=NAPMNMI | rows=348 | output_path=C:\Users\krm\PycharmProjects\AlternativeData\data_warehouse\raw\macro\USA\NAPMNMI.parquet
2026-07-02 18:02:21 | INFO | src.jobs_xlsx.get_macro_data | Macro data has been downloaded | symbol=NAPMNNO | rows=348 | output_path=C:\Users\krm\PycharmProjects\AlternativeData\data_warehouse\raw\macro\USA\NAPMNNO.parquet
2026-07-02 18:02:21 | INFO | src.jobs_xlsx.get_macro_data | Macro data has been downloaded | symbol=NAPMNSD | rows=348 | output_path=C:\Users\krm\PycharmProjects\AlternativeData\data_warehouse\raw\macro\USA\NAPMNSD.parquet
2026-07-02 18:02:21 | INFO | src.jobs_xlsx.get_macro_data | Macro data has been downloaded | symbol=JPCPIYOY | rows=663 | output_path=C:\Users\krm\PycharmProjects\AlternativeData\data_warehouse\raw\macro\Japan\JPCPIYOY.parquet
2026-07-02 18:02:21 | INFO | src.jobs_xlsx.get_macro_data | Macro data has been downloaded | symbol=CNCPIYOY | rows=483 | output_path=C:\Users\krm\PycharmProjects\AlternativeData\data_warehouse\raw\macro\China\CNCPIYOY.parquet
2026-07-02 18:02:21 | INFO | src.jobs_xlsx.get_macro_data | Macro data has been downloaded | symbol=CNCPIYOY | rows=483 | output_path=C:\Users\krm\PycharmProjects\AlternativeData\data_warehouse\raw\macro\China\CNCPIYOY.parquet
2026-07-02 18:02:21 | INFO | src.jobs_xlsx.get_macro_data | Macro data has been downloaded | symbol=CPMINDX | rows=258 | output_path=C:\Users\krm\PycharmProjects\AlternativeData\data_warehouse\raw\macro\China\CPMINDX.parquet
2026-07-02 18:02:21 | INFO | src.jobs_xlsx.get_macro_data | Macro data has been downloaded | symbol=ADPCHNG | rows=298 | output_path=C:\Users\krm\PycharmProjects\AlternativeData\data_warehouse\raw\macro\USA\ADPCHNG.parquet
2026-07-02 18:02:21 | INFO | src.jobs_xlsx.get_macro_data | Macro data has been downloaded | symbol=FDTR | rows=299 | output_path=C:\Users\krm\PycharmProjects\AlternativeData\data_warehouse\raw\macro\USA\FDTR.parquet
2026-07-02 18:02:21 | INFO | src.jobs_xlsx.get_macro_data | Macro data has been downloaded | symbol=CONCCONF | rows=676 | output_path=C:\Users\krm\PycharmProjects\AlternativeData\data_warehouse\raw\macro\USA\CONCCONF.parquet
2026-07-02 18:02:21 | INFO | src.jobs_xlsx.get_macro_data | Macro data has been downloaded | symbol=CONSSENT | rows=831 | output_path=C:\Users\krm\PycharmProjects\AlternativeData\data_warehouse\raw\macro\USA\CONSSENT.parquet
2026-07-02 18:02:21 | INFO | src.jobs_xlsx.get_macro_data | Macro data has been downloaded | symbol=PCECYOY | rows=678 | output_path=C:\Users\krm\PycharmProjects\AlternativeData\data_warehouse\raw\macro\USA\PCECYOY.parquet
2026-07-02 18:02:21 | INFO | src.jobs_xlsx.get_macro_data | Macro data has been downloaded | symbol=USURTOT | rows=941 | output_path=C:\Users\krm\PycharmProjects\AlternativeData\data_warehouse\raw\macro\USA\USURTOT.parquet
2026-07-02 18:02:21 | INFO | src.jobs_xlsx.get_macro_data | Macro data has been downloaded | symbol=GDPCQQQ | rows=216 | output_path=C:\Users\krm\PycharmProjects\AlternativeData\data_warehouse\raw\macro\USA\GDPCQQQ.parquet
2026-07-02 18:02:21 | INFO | src.jobs_xlsx.get_macro_data | Macro data has been downloaded | symbol=CPMINMNS | rows=258 | output_path=C:\Users\krm\PycharmProjects\AlternativeData\data_warehouse\raw\macro\China\CPMINMNS.parquet
2026-07-02 18:02:21 | INFO | src.jobs_xlsx.get_macro_data | Macro data has been downloaded | symbol=KOCPIY | rows=679 | output_path=C:\Users\krm\PycharmProjects\AlternativeData\data_warehouse\raw\macro\South Korea\.parquet
2026-07-02 18:02:21 | INFO | src.jobs_xlsx.get_macro_data | Macro data has been downloaded | symbol=KOEXTOTY | rows=789 | output_path=C:\Users\krm\PycharmProjects\AlternativeData\data_warehouse\raw\macro\South Korea\KOEXTOTY.parquet
2026-07-02 18:02:21 | INFO | src.jobs_xlsx.get_macro_data | Macro data has been downloaded | symbol=KORSLM | rows=192 | output_path=C:\Users\krm\PycharmProjects\AlternativeData\data_warehouse\raw\macro\South Korea\KORSLM.parquet
2026-07-02 18:02:21 | INFO | src.jobs_xlsx.get_macro_data | Macro data has been downloaded | symbol=KORP7DR | rows=292 | output_path=C:\Users\krm\PycharmProjects\AlternativeData\data_warehouse\raw\macro\South Korea\KORP7DR.parquet
2026-07-02 18:02:22 | INFO | src.jobs_xlsx.get_macro_data | Macro data has been downloaded | symbol=KOM2Y | rows=366 | output_path=C:\Users\krm\PycharmProjects\AlternativeData\data_warehouse\raw\macro\South Korea\KOM2Y.parquet
2026-07-02 18:02:22 | INFO | src.jobs_xlsx.get_macro_data | Macro data has been downloaded | symbol=JOLTTOTL | rows=307 | output_path=C:\Users\krm\PycharmProjects\AlternativeData\data_warehouse\raw\macro\USA\JOLTTOTL.parquet
2026-07-02 18:02:22 | INFO | src.jobs_xlsx.get_macro_data | Macro data has been downloaded | symbol=INJCJC | rows=3,105 | output_path=C:\Users\krm\PycharmProjects\AlternativeData\data_warehouse\raw\macro\USA\INJCJC.parquet
2026-07-02 18:12:46 | INFO | src.jobs_xlsx.get_macro_data | Macro data_lake has been downloaded | symbol=CPIYOY | rows=676 | output_path=C:\Users\krm\PycharmProjects\AlternativeData\data_warehouse\raw\macro\USA\USCPI_YoY.parquet
2026-07-02 18:12:46 | INFO | src.jobs_xlsx.get_macro_data | Macro data_lake has been downloaded | symbol=PAYEMS | rows=679 | output_path=C:\Users\krm\PycharmProjects\AlternativeData\data_warehouse\raw\macro\USA\Nonfarm_Payrolls.parquet
2026-07-02 18:12:46 | INFO | src.jobs_xlsx.get_macro_data | Macro data_lake has been downloaded | symbol=NAPMPMI | rows=679 | output_path=C:\Users\krm\PycharmProjects\AlternativeData\data_warehouse\raw\macro\USA\NAPMPMI.parquet
2026-07-02 18:12:46 | INFO | src.jobs_xlsx.get_macro_data | Macro data_lake has been downloaded | symbol=NAPMNEWO | rows=679 | output_path=C:\Users\krm\PycharmProjects\AlternativeData\data_warehouse\raw\macro\USA\NAPMNEWO.parquet
2026-07-02 18:12:46 | INFO | src.jobs_xlsx.get_macro_data | Macro data_lake has been downloaded | symbol=NAPMNMI | rows=348 | output_path=C:\Users\krm\PycharmProjects\AlternativeData\data_warehouse\raw\macro\USA\NAPMNMI.parquet
2026-07-02 18:12:46 | INFO | src.jobs_xlsx.get_macro_data | Macro data_lake has been downloaded | symbol=NAPMNNO | rows=348 | output_path=C:\Users\krm\PycharmProjects\AlternativeData\data_warehouse\raw\macro\USA\NAPMNNO.parquet
2026-07-02 18:12:47 | INFO | src.jobs_xlsx.get_macro_data | Macro data_lake has been downloaded | symbol=NAPMNSD | rows=348 | output_path=C:\Users\krm\PycharmProjects\AlternativeData\data_warehouse\raw\macro\USA\NAPMNSD.parquet
2026-07-02 18:12:47 | INFO | src.jobs_xlsx.get_macro_data | Macro data_lake has been downloaded | symbol=JPCPIYOY | rows=663 | output_path=C:\Users\krm\PycharmProjects\AlternativeData\data_warehouse\raw\macro\Japan\JPCPIYOY.parquet
2026-07-02 18:12:47 | INFO | src.jobs_xlsx.get_macro_data | Macro data_lake has been downloaded | symbol=CNCPIYOY | rows=483 | output_path=C:\Users\krm\PycharmProjects\AlternativeData\data_warehouse\raw\macro\China\CNCPIYOY.parquet
2026-07-02 18:12:47 | INFO | src.jobs_xlsx.get_macro_data | Macro data_lake has been downloaded | symbol=CNCPIYOY | rows=483 | output_path=C:\Users\krm\PycharmProjects\AlternativeData\data_warehouse\raw\macro\China\CNCPIYOY.parquet
2026-07-02 18:12:47 | INFO | src.jobs_xlsx.get_macro_data | Macro data_lake has been downloaded | symbol=CPMINDX | rows=258 | output_path=C:\Users\krm\PycharmProjects\AlternativeData\data_warehouse\raw\macro\China\CPMINDX.parquet
2026-07-02 18:12:47 | INFO | src.jobs_xlsx.get_macro_data | Macro data_lake has been downloaded | symbol=ADPCHNG | rows=298 | output_path=C:\Users\krm\PycharmProjects\AlternativeData\data_warehouse\raw\macro\USA\ADPCHNG.parquet
2026-07-02 18:12:47 | INFO | src.jobs_xlsx.get_macro_data | Macro data_lake has been downloaded | symbol=FDTR | rows=299 | output_path=C:\Users\krm\PycharmProjects\AlternativeData\data_warehouse\raw\macro\USA\FDTR.parquet
2026-07-02 18:12:47 | INFO | src.jobs_xlsx.get_macro_data | Macro data_lake has been downloaded | symbol=CONCCONF | rows=676 | output_path=C:\Users\krm\PycharmProjects\AlternativeData\data_warehouse\raw\macro\USA\CONCCONF.parquet
2026-07-02 18:12:47 | INFO | src.jobs_xlsx.get_macro_data | Macro data_lake has been downloaded | symbol=CONSSENT | rows=831 | output_path=C:\Users\krm\PycharmProjects\AlternativeData\data_warehouse\raw\macro\USA\CONSSENT.parquet
2026-07-02 18:12:47 | INFO | src.jobs_xlsx.get_macro_data | Macro data_lake has been downloaded | symbol=PCECYOY | rows=678 | output_path=C:\Users\krm\PycharmProjects\AlternativeData\data_warehouse\raw\macro\USA\PCECYOY.parquet
2026-07-02 18:12:47 | INFO | src.jobs_xlsx.get_macro_data | Macro data_lake has been downloaded | symbol=USURTOT | rows=941 | output_path=C:\Users\krm\PycharmProjects\AlternativeData\data_warehouse\raw\macro\USA\USURTOT.parquet
2026-07-02 18:12:47 | INFO | src.jobs_xlsx.get_macro_data | Macro data_lake has been downloaded | symbol=GDPCQQQ | rows=216 | output_path=C:\Users\krm\PycharmProjects\AlternativeData\data_warehouse\raw\macro\USA\GDPCQQQ.parquet
2026-07-02 18:12:47 | INFO | src.jobs_xlsx.get_macro_data | Macro data_lake has been downloaded | symbol=CPMINMNS | rows=258 | output_path=C:\Users\krm\PycharmProjects\AlternativeData\data_warehouse\raw\macro\China\CPMINMNS.parquet
2026-07-02 18:12:47 | INFO | src.jobs_xlsx.get_macro_data | Macro data_lake has been downloaded | symbol=KOCPIY | rows=679 | output_path=C:\Users\krm\PycharmProjects\AlternativeData\data_warehouse\raw\macro\South Korea\.parquet
2026-07-02 18:12:47 | INFO | src.jobs_xlsx.get_macro_data | Macro data_lake has been downloaded | symbol=KOEXTOTY | rows=789 | output_path=C:\Users\krm\PycharmProjects\AlternativeData\data_warehouse\raw\macro\South Korea\KOEXTOTY.parquet
2026-07-02 18:12:47 | INFO | src.jobs_xlsx.get_macro_data | Macro data_lake has been downloaded | symbol=KORSLM | rows=192 | output_path=C:\Users\krm\PycharmProjects\AlternativeData\data_warehouse\raw\macro\South Korea\KORSLM.parquet
2026-07-02 18:12:47 | INFO | src.jobs_xlsx.get_macro_data | Macro data_lake has been downloaded | symbol=KORP7DR | rows=292 | output_path=C:\Users\krm\PycharmProjects\AlternativeData\data_warehouse\raw\macro\South Korea\KORP7DR.parquet
2026-07-02 18:12:47 | INFO | src.jobs_xlsx.get_macro_data | Macro data_lake has been downloaded | symbol=KOM2Y | rows=366 | output_path=C:\Users\krm\PycharmProjects\AlternativeData\data_warehouse\raw\macro\South Korea\KOM2Y.parquet
2026-07-02 18:12:47 | INFO | src.jobs_xlsx.get_macro_data | Macro data_lake has been downloaded | symbol=JOLTTOTL | rows=307 | output_path=C:\Users\krm\PycharmProjects\AlternativeData\data_warehouse\raw\macro\USA\JOLTTOTL.parquet
2026-07-02 18:12:47 | INFO | src.jobs_xlsx.get_macro_data | Macro data_lake has been downloaded | symbol=INJCJC | rows=3,105 | output_path=C:\Users\krm\PycharmProjects\AlternativeData\data_warehouse\raw\macro\USA\INJCJC.parquet
2026-07-03 23:34:42 | INFO | src.jobs_xlsx.get_macro_data | Macro data_lake has been downloaded | symbol=CPIYOY | rows=676 | output_path=C:\Users\Geust\PycharmProjects\AlternativeData\data_warehouse\raw\macro\USA\USCPI_YoY.parquet
2026-07-03 23:34:42 | INFO | src.jobs_xlsx.get_macro_data | Macro data_lake has been downloaded | symbol=PAYEMS | rows=679 | output_path=C:\Users\Geust\PycharmProjects\AlternativeData\data_warehouse\raw\macro\USA\Nonfarm_Payrolls.parquet
2026-07-03 23:34:42 | INFO | src.jobs_xlsx.get_macro_data | Macro data_lake has been downloaded | symbol=NAPMPMI | rows=679 | output_path=C:\Users\Geust\PycharmProjects\AlternativeData\data_warehouse\raw\macro\USA\NAPMPMI.parquet
2026-07-03 23:34:42 | INFO | src.jobs_xlsx.get_macro_data | Macro data_lake has been downloaded | symbol=NAPMNEWO | rows=679 | output_path=C:\Users\Geust\PycharmProjects\AlternativeData\data_warehouse\raw\macro\USA\NAPMNEWO.parquet
2026-07-03 23:34:42 | INFO | src.jobs_xlsx.get_macro_data | Macro data_lake has been downloaded | symbol=NAPMNMI | rows=348 | output_path=C:\Users\Geust\PycharmProjects\AlternativeData\data_warehouse\raw\macro\USA\NAPMNMI.parquet
2026-07-03 23:34:42 | INFO | src.jobs_xlsx.get_macro_data | Macro data_lake has been downloaded | symbol=NAPMNNO | rows=348 | output_path=C:\Users\Geust\PycharmProjects\AlternativeData\data_warehouse\raw\macro\USA\NAPMNNO.parquet
2026-07-03 23:34:43 | INFO | src.jobs_xlsx.get_macro_data | Macro data_lake has been downloaded | symbol=NAPMNSD | rows=348 | output_path=C:\Users\Geust\PycharmProjects\AlternativeData\data_warehouse\raw\macro\USA\NAPMNSD.parquet
2026-07-03 23:34:43 | INFO | src.jobs_xlsx.get_macro_data | Macro data_lake has been downloaded | symbol=JPCPIYOY | rows=663 | output_path=C:\Users\Geust\PycharmProjects\AlternativeData\data_warehouse\raw\macro\Japan\JPCPIYOY.parquet
2026-07-03 23:34:43 | INFO | src.jobs_xlsx.get_macro_data | Macro data_lake has been downloaded | symbol=CNCPIYOY | rows=483 | output_path=C:\Users\Geust\PycharmProjects\AlternativeData\data_warehouse\raw\macro\China\CNCPIYOY.parquet
2026-07-03 23:34:43 | INFO | src.jobs_xlsx.get_macro_data | Macro data_lake has been downloaded | symbol=CNCPIYOY | rows=483 | output_path=C:\Users\Geust\PycharmProjects\AlternativeData\data_warehouse\raw\macro\China\CNCPIYOY.parquet
2026-07-03 23:34:43 | INFO | src.jobs_xlsx.get_macro_data | Macro data_lake has been downloaded | symbol=CPMINDX | rows=258 | output_path=C:\Users\Geust\PycharmProjects\AlternativeData\data_warehouse\raw\macro\China\CPMINDX.parquet
2026-07-03 23:34:43 | INFO | src.jobs_xlsx.get_macro_data | Macro data_lake has been downloaded | symbol=ADPCHNG | rows=298 | output_path=C:\Users\Geust\PycharmProjects\AlternativeData\data_warehouse\raw\macro\USA\ADPCHNG.parquet
2026-07-03 23:34:43 | INFO | src.jobs_xlsx.get_macro_data | Macro data_lake has been downloaded | symbol=FDTR | rows=299 | output_path=C:\Users\Geust\PycharmProjects\AlternativeData\data_warehouse\raw\macro\USA\FDTR.parquet
2026-07-03 23:34:43 | INFO | src.jobs_xlsx.get_macro_data | Macro data_lake has been downloaded | symbol=CONCCONF | rows=676 | output_path=C:\Users\Geust\PycharmProjects\AlternativeData\data_warehouse\raw\macro\USA\CONCCONF.parquet
2026-07-03 23:34:43 | INFO | src.jobs_xlsx.get_macro_data | Macro data_lake has been downloaded | symbol=CONSSENT | rows=831 | output_path=C:\Users\Geust\PycharmProjects\AlternativeData\data_warehouse\raw\macro\USA\CONSSENT.parquet
2026-07-03 23:34:43 | INFO | src.jobs_xlsx.get_macro_data | Macro data_lake has been downloaded | symbol=PCECYOY | rows=678 | output_path=C:\Users\Geust\PycharmProjects\AlternativeData\data_warehouse\raw\macro\USA\PCECYOY.parquet
2026-07-03 23:34:43 | INFO | src.jobs_xlsx.get_macro_data | Macro data_lake has been downloaded | symbol=USURTOT | rows=941 | output_path=C:\Users\Geust\PycharmProjects\AlternativeData\data_warehouse\raw\macro\USA\USURTOT.parquet
2026-07-03 23:34:43 | INFO | src.jobs_xlsx.get_macro_data | Macro data_lake has been downloaded | symbol=GDPCQQQ | rows=216 | output_path=C:\Users\Geust\PycharmProjects\AlternativeData\data_warehouse\raw\macro\USA\GDPCQQQ.parquet
2026-07-03 23:34:43 | INFO | src.jobs_xlsx.get_macro_data | Macro data_lake has been downloaded | symbol=CPMINMNS | rows=258 | output_path=C:\Users\Geust\PycharmProjects\AlternativeData\data_warehouse\raw\macro\China\CPMINMNS.parquet
2026-07-03 23:34:44 | INFO | src.jobs_xlsx.get_macro_data | Macro data_lake has been downloaded | symbol=KOCPIY | rows=679 | output_path=C:\Users\Geust\PycharmProjects\AlternativeData\data_warehouse\raw\macro\South Korea\.parquet
2026-07-03 23:34:44 | INFO | src.jobs_xlsx.get_macro_data | Macro data_lake has been downloaded | symbol=KOEXTOTY | rows=789 | output_path=C:\Users\Geust\PycharmProjects\AlternativeData\data_warehouse\raw\macro\South Korea\KOEXTOTY.parquet
2026-07-03 23:34:44 | INFO | src.jobs_xlsx.get_macro_data | Macro data_lake has been downloaded | symbol=KORSLM | rows=192 | output_path=C:\Users\Geust\PycharmProjects\AlternativeData\data_warehouse\raw\macro\South Korea\KORSLM.parquet
2026-07-03 23:34:44 | INFO | src.jobs_xlsx.get_macro_data | Macro data_lake has been downloaded | symbol=KORP7DR | rows=292 | output_path=C:\Users\Geust\PycharmProjects\AlternativeData\data_warehouse\raw\macro\South Korea\KORP7DR.parquet
2026-07-03 23:34:44 | INFO | src.jobs_xlsx.get_macro_data | Macro data_lake has been downloaded | symbol=KOM2Y | rows=366 | output_path=C:\Users\Geust\PycharmProjects\AlternativeData\data_warehouse\raw\macro\South Korea\KOM2Y.parquet
2026-07-03 23:34:44 | INFO | src.jobs_xlsx.get_macro_data | Macro data_lake has been downloaded | symbol=JOLTTOTL | rows=307 | output_path=C:\Users\Geust\PycharmProjects\AlternativeData\data_warehouse\raw\macro\USA\JOLTTOTL.parquet
2026-07-03 23:34:44 | INFO | src.jobs_xlsx.get_macro_data | Macro data_lake has been downloaded | symbol=INJCJC | rows=3,105 | output_path=C:\Users\Geust\PycharmProjects\AlternativeData\data_warehouse\raw\macro\USA\INJCJC.parquet
2026-07-07 01:07:02 | INFO | src.jobs_xlsx.get_macro_data | Macro data_lake has been downloaded | symbol=CPIYOY | rows=676 | output_path=/Users/tommy/Desktop/Pycharm/FinancialData/data_warehouse/raw/macro/USA/USCPI_YoY.parquet
2026-07-07 01:07:02 | INFO | src.jobs_xlsx.get_macro_data | Macro data_lake has been downloaded | symbol=PAYEMS | rows=679 | output_path=/Users/tommy/Desktop/Pycharm/FinancialData/data_warehouse/raw/macro/USA/Nonfarm_Payrolls.parquet
2026-07-07 01:07:02 | INFO | src.jobs_xlsx.get_macro_data | Macro data_lake has been downloaded | symbol=NAPMPMI | rows=679 | output_path=/Users/tommy/Desktop/Pycharm/FinancialData/data_warehouse/raw/macro/USA/NAPMPMI.parquet
2026-07-07 01:07:02 | INFO | src.jobs_xlsx.get_macro_data | Macro data_lake has been downloaded | symbol=NAPMNEWO | rows=679 | output_path=/Users/tommy/Desktop/Pycharm/FinancialData/data_warehouse/raw/macro/USA/NAPMNEWO.parquet
2026-07-07 01:07:02 | INFO | src.jobs_xlsx.get_macro_data | Macro data_lake has been downloaded | symbol=NAPMNMI | rows=348 | output_path=/Users/tommy/Desktop/Pycharm/FinancialData/data_warehouse/raw/macro/USA/NAPMNMI.parquet
2026-07-07 01:07:02 | INFO | src.jobs_xlsx.get_macro_data | Macro data_lake has been downloaded | symbol=NAPMNNO | rows=348 | output_path=/Users/tommy/Desktop/Pycharm/FinancialData/data_warehouse/raw/macro/USA/NAPMNNO.parquet
2026-07-07 01:07:02 | INFO | src.jobs_xlsx.get_macro_data | Macro data_lake has been downloaded | symbol=NAPMNSD | rows=348 | output_path=/Users/tommy/Desktop/Pycharm/FinancialData/data_warehouse/raw/macro/USA/NAPMNSD.parquet
2026-07-07 01:07:02 | INFO | src.jobs_xlsx.get_macro_data | Macro data_lake has been downloaded | symbol=JPCPIYOY | rows=663 | output_path=/Users/tommy/Desktop/Pycharm/FinancialData/data_warehouse/raw/macro/Japan/JPCPIYOY.parquet
2026-07-07 01:07:02 | INFO | src.jobs_xlsx.get_macro_data | Macro data_lake has been downloaded | symbol=CNCPIYOY | rows=483 | output_path=/Users/tommy/Desktop/Pycharm/FinancialData/data_warehouse/raw/macro/China/CNCPIYOY.parquet
2026-07-07 01:07:02 | INFO | src.jobs_xlsx.get_macro_data | Macro data_lake has been downloaded | symbol=CNCPIYOY | rows=483 | output_path=/Users/tommy/Desktop/Pycharm/FinancialData/data_warehouse/raw/macro/China/CNCPIYOY.parquet
2026-07-07 01:07:02 | INFO | src.jobs_xlsx.get_macro_data | Macro data_lake has been downloaded | symbol=CPMINDX | rows=258 | output_path=/Users/tommy/Desktop/Pycharm/FinancialData/data_warehouse/raw/macro/China/CPMINDX.parquet
2026-07-07 01:07:02 | INFO | src.jobs_xlsx.get_macro_data | Macro data_lake has been downloaded | symbol=ADPCHNG | rows=298 | output_path=/Users/tommy/Desktop/Pycharm/FinancialData/data_warehouse/raw/macro/USA/ADPCHNG.parquet
2026-07-07 01:07:02 | INFO | src.jobs_xlsx.get_macro_data | Macro data_lake has been downloaded | symbol=FDTR | rows=299 | output_path=/Users/tommy/Desktop/Pycharm/FinancialData/data_warehouse/raw/macro/USA/FDTR.parquet
2026-07-07 01:07:02 | INFO | src.jobs_xlsx.get_macro_data | Macro data_lake has been downloaded | symbol=CONCCONF | rows=676 | output_path=/Users/tommy/Desktop/Pycharm/FinancialData/data_warehouse/raw/macro/USA/CONCCONF.parquet
2026-07-07 01:07:02 | INFO | src.jobs_xlsx.get_macro_data | Macro data_lake has been downloaded | symbol=CONSSENT | rows=831 | output_path=/Users/tommy/Desktop/Pycharm/FinancialData/data_warehouse/raw/macro/USA/CONSSENT.parquet
2026-07-07 01:07:02 | INFO | src.jobs_xlsx.get_macro_data | Macro data_lake has been downloaded | symbol=PCECYOY | rows=678 | output_path=/Users/tommy/Desktop/Pycharm/FinancialData/data_warehouse/raw/macro/USA/PCECYOY.parquet
2026-07-07 01:07:02 | INFO | src.jobs_xlsx.get_macro_data | Macro data_lake has been downloaded | symbol=USURTOT | rows=941 | output_path=/Users/tommy/Desktop/Pycharm/FinancialData/data_warehouse/raw/macro/USA/USURTOT.parquet
2026-07-07 01:07:02 | INFO | src.jobs_xlsx.get_macro_data | Macro data_lake has been downloaded | symbol=GDPCQQQ | rows=216 | output_path=/Users/tommy/Desktop/Pycharm/FinancialData/data_warehouse/raw/macro/USA/GDPCQQQ.parquet
2026-07-07 01:07:02 | INFO | src.jobs_xlsx.get_macro_data | Macro data_lake has been downloaded | symbol=CPMINMNS | rows=258 | output_path=/Users/tommy/Desktop/Pycharm/FinancialData/data_warehouse/raw/macro/China/CPMINMNS.parquet
2026-07-07 01:07:02 | INFO | src.jobs_xlsx.get_macro_data | Macro data_lake has been downloaded | symbol=KOCPIY | rows=679 | output_path=/Users/tommy/Desktop/Pycharm/FinancialData/data_warehouse/raw/macro/South Korea/.parquet
2026-07-07 01:07:02 | INFO | src.jobs_xlsx.get_macro_data | Macro data_lake has been downloaded | symbol=KOEXTOTY | rows=789 | output_path=/Users/tommy/Desktop/Pycharm/FinancialData/data_warehouse/raw/macro/South Korea/KOEXTOTY.parquet
2026-07-07 01:07:02 | INFO | src.jobs_xlsx.get_macro_data | Macro data_lake has been downloaded | symbol=KORSLM | rows=192 | output_path=/Users/tommy/Desktop/Pycharm/FinancialData/data_warehouse/raw/macro/South Korea/KORSLM.parquet
2026-07-07 01:07:02 | INFO | src.jobs_xlsx.get_macro_data | Macro data_lake has been downloaded | symbol=KORP7DR | rows=292 | output_path=/Users/tommy/Desktop/Pycharm/FinancialData/data_warehouse/raw/macro/South Korea/KORP7DR.parquet
2026-07-07 01:07:02 | INFO | src.jobs_xlsx.get_macro_data | Macro data_lake has been downloaded | symbol=KOM2Y | rows=366 | output_path=/Users/tommy/Desktop/Pycharm/FinancialData/data_warehouse/raw/macro/South Korea/KOM2Y.parquet
2026-07-07 01:07:02 | INFO | src.jobs_xlsx.get_macro_data | Macro data_lake has been downloaded | symbol=JOLTTOTL | rows=307 | output_path=/Users/tommy/Desktop/Pycharm/FinancialData/data_warehouse/raw/macro/USA/JOLTTOTL.parquet
2026-07-07 01:07:02 | INFO | src.jobs_xlsx.get_macro_data | Macro data_lake has been downloaded | symbol=INJCJC | rows=3,105 | output_path=/Users/tommy/Desktop/Pycharm/FinancialData/data_warehouse/raw/macro/USA/INJCJC.parquet
2026-07-07 15:33:12 | INFO | src.jobs_xlsx.get_macro_data | Macro data_lake has been downloaded | symbol=CPIYOY | rows=676 | output_path=C:\Users\krm\PycharmProjects\AlternativeData\data_warehouse\raw\macro\USA\USCPI_YoY.parquet
2026-07-07 15:33:13 | INFO | src.jobs_xlsx.get_macro_data | Macro data_lake has been downloaded | symbol=PAYEMS | rows=679 | output_path=C:\Users\krm\PycharmProjects\AlternativeData\data_warehouse\raw\macro\USA\Nonfarm_Payrolls.parquet
2026-07-07 15:33:13 | INFO | src.jobs_xlsx.get_macro_data | Macro data_lake has been downloaded | symbol=NAPMPMI | rows=679 | output_path=C:\Users\krm\PycharmProjects\AlternativeData\data_warehouse\raw\macro\USA\NAPMPMI.parquet
2026-07-07 15:33:13 | INFO | src.jobs_xlsx.get_macro_data | Macro data_lake has been downloaded | symbol=NAPMNEWO | rows=679 | output_path=C:\Users\krm\PycharmProjects\AlternativeData\data_warehouse\raw\macro\USA\NAPMNEWO.parquet
2026-07-07 15:33:13 | INFO | src.jobs_xlsx.get_macro_data | Macro data_lake has been downloaded | symbol=NAPMNMI | rows=348 | output_path=C:\Users\krm\PycharmProjects\AlternativeData\data_warehouse\raw\macro\USA\NAPMNMI.parquet
2026-07-07 15:33:13 | INFO | src.jobs_xlsx.get_macro_data | Macro data_lake has been downloaded | symbol=NAPMNNO | rows=348 | output_path=C:\Users\krm\PycharmProjects\AlternativeData\data_warehouse\raw\macro\USA\NAPMNNO.parquet
2026-07-07 15:33:14 | INFO | src.jobs_xlsx.get_macro_data | Macro data_lake has been downloaded | symbol=NAPMNSD | rows=348 | output_path=C:\Users\krm\PycharmProjects\AlternativeData\data_warehouse\raw\macro\USA\NAPMNSD.parquet
2026-07-07 15:33:14 | INFO | src.jobs_xlsx.get_macro_data | Macro data_lake has been downloaded | symbol=JPCPIYOY | rows=663 | output_path=C:\Users\krm\PycharmProjects\AlternativeData\data_warehouse\raw\macro\Japan\JPCPIYOY.parquet
2026-07-07 15:33:14 | INFO | src.jobs_xlsx.get_macro_data | Macro data_lake has been downloaded | symbol=CNCPIYOY | rows=483 | output_path=C:\Users\krm\PycharmProjects\AlternativeData\data_warehouse\raw\macro\China\CNCPIYOY.parquet
2026-07-07 15:33:14 | INFO | src.jobs_xlsx.get_macro_data | Macro data_lake has been downloaded | symbol=CNCPIYOY | rows=483 | output_path=C:\Users\krm\PycharmProjects\AlternativeData\data_warehouse\raw\macro\China\CNCPIYOY.parquet
2026-07-07 15:33:14 | INFO | src.jobs_xlsx.get_macro_data | Macro data_lake has been downloaded | symbol=CPMINDX | rows=258 | output_path=C:\Users\krm\PycharmProjects\AlternativeData\data_warehouse\raw\macro\China\CPMINDX.parquet
2026-07-07 15:33:14 | INFO | src.jobs_xlsx.get_macro_data | Macro data_lake has been downloaded | symbol=ADPCHNG | rows=298 | output_path=C:\Users\krm\PycharmProjects\AlternativeData\data_warehouse\raw\macro\USA\ADPCHNG.parquet
2026-07-07 15:33:15 | INFO | src.jobs_xlsx.get_macro_data | Macro data_lake has been downloaded | symbol=FDTR | rows=299 | output_path=C:\Users\krm\PycharmProjects\AlternativeData\data_warehouse\raw\macro\USA\FDTR.parquet
2026-07-07 15:33:15 | INFO | src.jobs_xlsx.get_macro_data | Macro data_lake has been downloaded | symbol=CONCCONF | rows=676 | output_path=C:\Users\krm\PycharmProjects\AlternativeData\data_warehouse\raw\macro\USA\CONCCONF.parquet
2026-07-07 15:33:15 | INFO | src.jobs_xlsx.get_macro_data | Macro data_lake has been downloaded | symbol=CONSSENT | rows=831 | output_path=C:\Users\krm\PycharmProjects\AlternativeData\data_warehouse\raw\macro\USA\CONSSENT.parquet
2026-07-07 15:33:15 | INFO | src.jobs_xlsx.get_macro_data | Macro data_lake has been downloaded | symbol=PCECYOY | rows=678 | output_path=C:\Users\krm\PycharmProjects\AlternativeData\data_warehouse\raw\macro\USA\PCECYOY.parquet
2026-07-07 15:33:15 | INFO | src.jobs_xlsx.get_macro_data | Macro data_lake has been downloaded | symbol=USURTOT | rows=941 | output_path=C:\Users\krm\PycharmProjects\AlternativeData\data_warehouse\raw\macro\USA\USURTOT.parquet
2026-07-07 15:33:16 | INFO | src.jobs_xlsx.get_macro_data | Macro data_lake has been downloaded | symbol=GDPCQQQ | rows=216 | output_path=C:\Users\krm\PycharmProjects\AlternativeData\data_warehouse\raw\macro\USA\GDPCQQQ.parquet
2026-07-07 15:33:16 | INFO | src.jobs_xlsx.get_macro_data | Macro data_lake has been downloaded | symbol=CPMINMNS | rows=258 | output_path=C:\Users\krm\PycharmProjects\AlternativeData\data_warehouse\raw\macro\China\CPMINMNS.parquet
2026-07-07 15:33:16 | INFO | src.jobs_xlsx.get_macro_data | Macro data_lake has been downloaded | symbol=KOCPIY | rows=679 | output_path=C:\Users\krm\PycharmProjects\AlternativeData\data_warehouse\raw\macro\South Korea\.parquet
2026-07-07 15:33:16 | INFO | src.jobs_xlsx.get_macro_data | Macro data_lake has been downloaded | symbol=KOEXTOTY | rows=789 | output_path=C:\Users\krm\PycharmProjects\AlternativeData\data_warehouse\raw\macro\South Korea\KOEXTOTY.parquet
2026-07-07 15:33:16 | INFO | src.jobs_xlsx.get_macro_data | Macro data_lake has been downloaded | symbol=KORSLM | rows=192 | output_path=C:\Users\krm\PycharmProjects\AlternativeData\data_warehouse\raw\macro\South Korea\KORSLM.parquet
2026-07-07 15:33:17 | INFO | src.jobs_xlsx.get_macro_data | Macro data_lake has been downloaded | symbol=KORP7DR | rows=292 | output_path=C:\Users\krm\PycharmProjects\AlternativeData\data_warehouse\raw\macro\South Korea\KORP7DR.parquet
2026-07-07 15:33:17 | INFO | src.jobs_xlsx.get_macro_data | Macro data_lake has been downloaded | symbol=KOM2Y | rows=366 | output_path=C:\Users\krm\PycharmProjects\AlternativeData\data_warehouse\raw\macro\South Korea\KOM2Y.parquet
2026-07-07 15:33:17 | INFO | src.jobs_xlsx.get_macro_data | Macro data_lake has been downloaded | symbol=JOLTTOTL | rows=307 | output_path=C:\Users\krm\PycharmProjects\AlternativeData\data_warehouse\raw\macro\USA\JOLTTOTL.parquet
2026-07-07 15:33:18 | INFO | src.jobs_xlsx.get_macro_data | Macro data_lake has been downloaded | symbol=INJCJC | rows=3,105 | output_path=C:\Users\krm\PycharmProjects\AlternativeData\data_warehouse\raw\macro\USA\INJCJC.parquet
2026-07-16 14:26:04 | INFO | src.jobs_xlsx.get_macro_data | Macro data_lake has been downloaded | symbol=CPIYOY | rows=676 | output_path=C:\Users\krm\PycharmProjects\AlternativeData\data_warehouse\raw\macro\USA\USCPI_YoY.parquet
2026-07-16 14:26:04 | INFO | src.jobs_xlsx.get_macro_data | Macro data_lake has been downloaded | symbol=PAYEMS | rows=679 | output_path=C:\Users\krm\PycharmProjects\AlternativeData\data_warehouse\raw\macro\USA\Nonfarm_Payrolls.parquet
2026-07-16 14:26:04 | INFO | src.jobs_xlsx.get_macro_data | Macro data_lake has been downloaded | symbol=NAPMPMI | rows=679 | output_path=C:\Users\krm\PycharmProjects\AlternativeData\data_warehouse\raw\macro\USA\NAPMPMI.parquet
2026-07-16 14:26:04 | INFO | src.jobs_xlsx.get_macro_data | Macro data_lake has been downloaded | symbol=NAPMNEWO | rows=679 | output_path=C:\Users\krm\PycharmProjects\AlternativeData\data_warehouse\raw\macro\USA\NAPMNEWO.parquet
2026-07-16 14:26:04 | INFO | src.jobs_xlsx.get_macro_data | Macro data_lake has been downloaded | symbol=NAPMNMI | rows=348 | output_path=C:\Users\krm\PycharmProjects\AlternativeData\data_warehouse\raw\macro\USA\NAPMNMI.parquet
2026-07-16 14:26:05 | INFO | src.jobs_xlsx.get_macro_data | Macro data_lake has been downloaded | symbol=NAPMNNO | rows=348 | output_path=C:\Users\krm\PycharmProjects\AlternativeData\data_warehouse\raw\macro\USA\NAPMNNO.parquet
2026-07-16 14:26:05 | INFO | src.jobs_xlsx.get_macro_data | Macro data_lake has been downloaded | symbol=NAPMNSD | rows=348 | output_path=C:\Users\krm\PycharmProjects\AlternativeData\data_warehouse\raw\macro\USA\NAPMNSD.parquet
2026-07-16 14:26:05 | INFO | src.jobs_xlsx.get_macro_data | Macro data_lake has been downloaded | symbol=JPCPIYOY | rows=663 | output_path=C:\Users\krm\PycharmProjects\AlternativeData\data_warehouse\raw\macro\Japan\JPCPIYOY.parquet
2026-07-16 14:26:05 | INFO | src.jobs_xlsx.get_macro_data | Macro data_lake has been downloaded | symbol=CNCPIYOY | rows=483 | output_path=C:\Users\krm\PycharmProjects\AlternativeData\data_warehouse\raw\macro\China\CNCPIYOY.parquet
2026-07-16 14:26:05 | INFO | src.jobs_xlsx.get_macro_data | Macro data_lake has been downloaded | symbol=CNCPIYOY | rows=483 | output_path=C:\Users\krm\PycharmProjects\AlternativeData\data_warehouse\raw\macro\China\CNCPIYOY.parquet
2026-07-16 14:26:05 | INFO | src.jobs_xlsx.get_macro_data | Macro data_lake has been downloaded | symbol=CPMINDX | rows=258 | output_path=C:\Users\krm\PycharmProjects\AlternativeData\data_warehouse\raw\macro\China\CPMINDX.parquet
2026-07-16 14:26:05 | INFO | src.jobs_xlsx.get_macro_data | Macro data_lake has been downloaded | symbol=ADPCHNG | rows=298 | output_path=C:\Users\krm\PycharmProjects\AlternativeData\data_warehouse\raw\macro\USA\ADPCHNG.parquet
2026-07-16 14:26:05 | INFO | src.jobs_xlsx.get_macro_data | Macro data_lake has been downloaded | symbol=FDTR | rows=299 | output_path=C:\Users\krm\PycharmProjects\AlternativeData\data_warehouse\raw\macro\USA\FDTR.parquet
2026-07-16 14:26:05 | INFO | src.jobs_xlsx.get_macro_data | Macro data_lake has been downloaded | symbol=CONCCONF | rows=676 | output_path=C:\Users\krm\PycharmProjects\AlternativeData\data_warehouse\raw\macro\USA\CONCCONF.parquet
2026-07-16 14:26:05 | INFO | src.jobs_xlsx.get_macro_data | Macro data_lake has been downloaded | symbol=CONSSENT | rows=831 | output_path=C:\Users\krm\PycharmProjects\AlternativeData\data_warehouse\raw\macro\USA\CONSSENT.parquet
2026-07-16 14:26:05 | INFO | src.jobs_xlsx.get_macro_data | Macro data_lake has been downloaded | symbol=PCECYOY | rows=678 | output_path=C:\Users\krm\PycharmProjects\AlternativeData\data_warehouse\raw\macro\USA\PCECYOY.parquet
2026-07-16 14:26:06 | INFO | src.jobs_xlsx.get_macro_data | Macro data_lake has been downloaded | symbol=USURTOT | rows=941 | output_path=C:\Users\krm\PycharmProjects\AlternativeData\data_warehouse\raw\macro\USA\USURTOT.parquet
2026-07-16 14:26:06 | INFO | src.jobs_xlsx.get_macro_data | Macro data_lake has been downloaded | symbol=GDPCQQQ | rows=216 | output_path=C:\Users\krm\PycharmProjects\AlternativeData\data_warehouse\raw\macro\USA\GDPCQQQ.parquet
2026-07-16 14:26:06 | INFO | src.jobs_xlsx.get_macro_data | Macro data_lake has been downloaded | symbol=CPMINMNS | rows=258 | output_path=C:\Users\krm\PycharmProjects\AlternativeData\data_warehouse\raw\macro\China\CPMINMNS.parquet
2026-07-16 14:26:06 | INFO | src.jobs_xlsx.get_macro_data | Macro data_lake has been downloaded | symbol=KOCPIY | rows=679 | output_path=C:\Users\krm\PycharmProjects\AlternativeData\data_warehouse\raw\macro\South Korea\.parquet
2026-07-16 14:26:06 | INFO | src.jobs_xlsx.get_macro_data | Macro data_lake has been downloaded | symbol=KOEXTOTY | rows=789 | output_path=C:\Users\krm\PycharmProjects\AlternativeData\data_warehouse\raw\macro\South Korea\KOEXTOTY.parquet
2026-07-16 14:26:06 | INFO | src.jobs_xlsx.get_macro_data | Macro data_lake has been downloaded | symbol=KORSLM | rows=192 | output_path=C:\Users\krm\PycharmProjects\AlternativeData\data_warehouse\raw\macro\South Korea\KORSLM.parquet
2026-07-16 14:26:06 | INFO | src.jobs_xlsx.get_macro_data | Macro data_lake has been downloaded | symbol=KORP7DR | rows=292 | output_path=C:\Users\krm\PycharmProjects\AlternativeData\data_warehouse\raw\macro\South Korea\KORP7DR.parquet
2026-07-16 14:26:06 | INFO | src.jobs_xlsx.get_macro_data | Macro data_lake has been downloaded | symbol=KOM2Y | rows=366 | output_path=C:\Users\krm\PycharmProjects\AlternativeData\data_warehouse\raw\macro\South Korea\KOM2Y.parquet
2026-07-16 14:26:06 | INFO | src.jobs_xlsx.get_macro_data | Macro data_lake has been downloaded | symbol=JOLTTOTL | rows=307 | output_path=C:\Users\krm\PycharmProjects\AlternativeData\data_warehouse\raw\macro\USA\JOLTTOTL.parquet
2026-07-16 14:26:06 | INFO | src.jobs_xlsx.get_macro_data | Macro data_lake has been downloaded | symbol=INJCJC | rows=3,105 | output_path=C:\Users\krm\PycharmProjects\AlternativeData\data_warehouse\raw\macro\USA\INJCJC.parquet
2026-07-19 03:14:14 | INFO | src.jobs_xlsx.get_macro_data | Macro data_lake has been downloaded | symbol=CPIYOY | rows=676 | output_path=/Users/tommy/Desktop/Pycharm/FinancialData/data_warehouse/raw/macro/USA/USCPI_YoY.parquet
2026-07-19 03:14:17 | INFO | src.jobs_xlsx.get_macro_data | Macro data_lake has been downloaded | symbol=PAYEMS | rows=679 | output_path=/Users/tommy/Desktop/Pycharm/FinancialData/data_warehouse/raw/macro/USA/Nonfarm_Payrolls.parquet
2026-07-19 03:14:20 | INFO | src.jobs_xlsx.get_macro_data | Macro data_lake has been downloaded | symbol=NAPMPMI | rows=679 | output_path=/Users/tommy/Desktop/Pycharm/FinancialData/data_warehouse/raw/macro/USA/NAPMPMI.parquet
2026-07-19 03:14:20 | INFO | src.jobs_xlsx.get_macro_data | Macro data_lake has been downloaded | symbol=NAPMNEWO | rows=679 | output_path=/Users/tommy/Desktop/Pycharm/FinancialData/data_warehouse/raw/macro/USA/NAPMNEWO.parquet
2026-07-19 03:14:22 | INFO | src.jobs_xlsx.get_macro_data | Macro data_lake has been downloaded | symbol=NAPMNMI | rows=348 | output_path=/Users/tommy/Desktop/Pycharm/FinancialData/data_warehouse/raw/macro/USA/NAPMNMI.parquet
2026-07-19 03:14:22 | INFO | src.jobs_xlsx.get_macro_data | Macro data_lake has been downloaded | symbol=NAPMNNO | rows=348 | output_path=/Users/tommy/Desktop/Pycharm/FinancialData/data_warehouse/raw/macro/USA/NAPMNNO.parquet
2026-07-19 03:14:22 | INFO | src.jobs_xlsx.get_macro_data | Macro data_lake has been downloaded | symbol=NAPMNSD | rows=348 | output_path=/Users/tommy/Desktop/Pycharm/FinancialData/data_warehouse/raw/macro/USA/NAPMNSD.parquet
2026-07-19 03:14:25 | INFO | src.jobs_xlsx.get_macro_data | Macro data_lake has been downloaded | symbol=JPCPIYOY | rows=663 | output_path=/Users/tommy/Desktop/Pycharm/FinancialData/data_warehouse/raw/macro/Japan/JPCPIYOY.parquet
2026-07-19 03:14:28 | INFO | src.jobs_xlsx.get_macro_data | Macro data_lake has been downloaded | symbol=CNCPIYOY | rows=483 | output_path=/Users/tommy/Desktop/Pycharm/FinancialData/data_warehouse/raw/macro/China/CNCPIYOY.parquet
2026-07-19 03:14:28 | INFO | src.jobs_xlsx.get_macro_data | Macro data_lake has been downloaded | symbol=CNCPIYOY | rows=483 | output_path=/Users/tommy/Desktop/Pycharm/FinancialData/data_warehouse/raw/macro/China/CNCPIYOY.parquet
2026-07-19 03:14:30 | INFO | src.jobs_xlsx.get_macro_data | Macro data_lake has been downloaded | symbol=CPMINDX | rows=258 | output_path=/Users/tommy/Desktop/Pycharm/FinancialData/data_warehouse/raw/macro/China/CPMINDX.parquet
2026-07-19 03:14:30 | INFO | src.jobs_xlsx.get_macro_data | Macro data_lake has been downloaded | symbol=ADPCHNG | rows=298 | output_path=/Users/tommy/Desktop/Pycharm/FinancialData/data_warehouse/raw/macro/USA/ADPCHNG.parquet
2026-07-19 03:14:31 | INFO | src.jobs_xlsx.get_macro_data | Macro data_lake has been downloaded | symbol=FDTR | rows=299 | output_path=/Users/tommy/Desktop/Pycharm/FinancialData/data_warehouse/raw/macro/USA/FDTR.parquet
2026-07-19 03:14:33 | INFO | src.jobs_xlsx.get_macro_data | Macro data_lake has been downloaded | symbol=CONCCONF | rows=676 | output_path=/Users/tommy/Desktop/Pycharm/FinancialData/data_warehouse/raw/macro/USA/CONCCONF.parquet
2026-07-19 03:14:37 | INFO | src.jobs_xlsx.get_macro_data | Macro data_lake has been downloaded | symbol=CONSSENT | rows=831 | output_path=/Users/tommy/Desktop/Pycharm/FinancialData/data_warehouse/raw/macro/USA/CONSSENT.parquet
2026-07-19 03:14:37 | INFO | src.jobs_xlsx.get_macro_data | Macro data_lake has been downloaded | symbol=PCECYOY | rows=678 | output_path=/Users/tommy/Desktop/Pycharm/FinancialData/data_warehouse/raw/macro/USA/PCECYOY.parquet
2026-07-19 03:14:38 | INFO | src.jobs_xlsx.get_macro_data | Macro data_lake has been downloaded | symbol=USURTOT | rows=941 | output_path=/Users/tommy/Desktop/Pycharm/FinancialData/data_warehouse/raw/macro/USA/USURTOT.parquet
2026-07-19 03:14:41 | INFO | src.jobs_xlsx.get_macro_data | Macro data_lake has been downloaded | symbol=GDPCQQQ | rows=216 | output_path=/Users/tommy/Desktop/Pycharm/FinancialData/data_warehouse/raw/macro/USA/GDPCQQQ.parquet
2026-07-19 03:14:41 | INFO | src.jobs_xlsx.get_macro_data | Macro data_lake has been downloaded | symbol=CPMINMNS | rows=258 | output_path=/Users/tommy/Desktop/Pycharm/FinancialData/data_warehouse/raw/macro/China/CPMINMNS.parquet
2026-07-19 03:14:45 | INFO | src.jobs_xlsx.get_macro_data | Macro data_lake has been downloaded | symbol=KOCPIY | rows=679 | output_path=/Users/tommy/Desktop/Pycharm/FinancialData/data_warehouse/raw/macro/South Korea/.parquet
2026-07-19 03:14:48 | INFO | src.jobs_xlsx.get_macro_data | Macro data_lake has been downloaded | symbol=KOEXTOTY | rows=789 | output_path=/Users/tommy/Desktop/Pycharm/FinancialData/data_warehouse/raw/macro/South Korea/KOEXTOTY.parquet
2026-07-19 03:14:50 | INFO | src.jobs_xlsx.get_macro_data | Macro data_lake has been downloaded | symbol=KORSLM | rows=192 | output_path=/Users/tommy/Desktop/Pycharm/FinancialData/data_warehouse/raw/macro/South Korea/KORSLM.parquet
2026-07-19 03:14:51 | INFO | src.jobs_xlsx.get_macro_data | Macro data_lake has been downloaded | symbol=KORP7DR | rows=292 | output_path=/Users/tommy/Desktop/Pycharm/FinancialData/data_warehouse/raw/macro/South Korea/KORP7DR.parquet
2026-07-19 03:14:54 | INFO | src.jobs_xlsx.get_macro_data | Macro data_lake has been downloaded | symbol=KOM2Y | rows=366 | output_path=/Users/tommy/Desktop/Pycharm/FinancialData/data_warehouse/raw/macro/South Korea/KOM2Y.parquet
2026-07-19 03:14:55 | INFO | src.jobs_xlsx.get_macro_data | Macro data_lake has been downloaded | symbol=JOLTTOTL | rows=307 | output_path=/Users/tommy/Desktop/Pycharm/FinancialData/data_warehouse/raw/macro/USA/JOLTTOTL.parquet
2026-07-19 03:14:55 | INFO | src.jobs_xlsx.get_macro_data | Macro data_lake has been downloaded | symbol=INJCJC | rows=3,105 | output_path=/Users/tommy/Desktop/Pycharm/FinancialData/data_warehouse/raw/macro/USA/INJCJC.parquet
2026-07-22 10:48:45 | INFO | src.jobs_xlsx.get_macro_data | Macro data_lake has been downloaded | symbol=CPIYOY | rows=676 | output_path=C:\Users\krm\PycharmProjects\AlternativeData\data_warehouse\raw\macro\USA\USCPI_YoY.parquet
2026-07-22 10:48:45 | INFO | src.jobs_xlsx.get_macro_data | Macro data_lake has been downloaded | symbol=PAYEMS | rows=679 | output_path=C:\Users\krm\PycharmProjects\AlternativeData\data_warehouse\raw\macro\USA\Nonfarm_Payrolls.parquet
2026-07-22 10:48:45 | INFO | src.jobs_xlsx.get_macro_data | Macro data_lake has been downloaded | symbol=NAPMPMI | rows=679 | output_path=C:\Users\krm\PycharmProjects\AlternativeData\data_warehouse\raw\macro\USA\NAPMPMI.parquet
2026-07-22 10:48:45 | INFO | src.jobs_xlsx.get_macro_data | Macro data_lake has been downloaded | symbol=NAPMNEWO | rows=679 | output_path=C:\Users\krm\PycharmProjects\AlternativeData\data_warehouse\raw\macro\USA\NAPMNEWO.parquet
2026-07-22 10:48:45 | INFO | src.jobs_xlsx.get_macro_data | Macro data_lake has been downloaded | symbol=NAPMNMI | rows=348 | output_path=C:\Users\krm\PycharmProjects\AlternativeData\data_warehouse\raw\macro\USA\NAPMNMI.parquet
2026-07-22 10:48:45 | INFO | src.jobs_xlsx.get_macro_data | Macro data_lake has been downloaded | symbol=NAPMNNO | rows=348 | output_path=C:\Users\krm\PycharmProjects\AlternativeData\data_warehouse\raw\macro\USA\NAPMNNO.parquet
2026-07-22 10:48:45 | INFO | src.jobs_xlsx.get_macro_data | Macro data_lake has been downloaded | symbol=NAPMNSD | rows=348 | output_path=C:\Users\krm\PycharmProjects\AlternativeData\data_warehouse\raw\macro\USA\NAPMNSD.parquet
2026-07-22 10:48:45 | INFO | src.jobs_xlsx.get_macro_data | Macro data_lake has been downloaded | symbol=JPCPIYOY | rows=663 | output_path=C:\Users\krm\PycharmProjects\AlternativeData\data_warehouse\raw\macro\Japan\JPCPIYOY.parquet
2026-07-22 10:48:45 | INFO | src.jobs_xlsx.get_macro_data | Macro data_lake has been downloaded | symbol=CNCPIYOY | rows=483 | output_path=C:\Users\krm\PycharmProjects\AlternativeData\data_warehouse\raw\macro\China\CNCPIYOY.parquet
2026-07-22 10:48:45 | INFO | src.jobs_xlsx.get_macro_data | Macro data_lake has been downloaded | symbol=CNCPIYOY | rows=483 | output_path=C:\Users\krm\PycharmProjects\AlternativeData\data_warehouse\raw\macro\China\CNCPIYOY.parquet
2026-07-22 10:48:45 | INFO | src.jobs_xlsx.get_macro_data | Macro data_lake has been downloaded | symbol=CPMINDX | rows=258 | output_path=C:\Users\krm\PycharmProjects\AlternativeData\data_warehouse\raw\macro\China\CPMINDX.parquet
2026-07-22 10:48:45 | INFO | src.jobs_xlsx.get_macro_data | Macro data_lake has been downloaded | symbol=ADPCHNG | rows=298 | output_path=C:\Users\krm\PycharmProjects\AlternativeData\data_warehouse\raw\macro\USA\ADPCHNG.parquet
2026-07-22 10:48:46 | INFO | src.jobs_xlsx.get_macro_data | Macro data_lake has been downloaded | symbol=FDTR | rows=299 | output_path=C:\Users\krm\PycharmProjects\AlternativeData\data_warehouse\raw\macro\USA\FDTR.parquet
2026-07-22 10:48:46 | INFO | src.jobs_xlsx.get_macro_data | Macro data_lake has been downloaded | symbol=CONCCONF | rows=676 | output_path=C:\Users\krm\PycharmProjects\AlternativeData\data_warehouse\raw\macro\USA\CONCCONF.parquet
2026-07-22 10:48:46 | INFO | src.jobs_xlsx.get_macro_data | Macro data_lake has been downloaded | symbol=CONSSENT | rows=831 | output_path=C:\Users\krm\PycharmProjects\AlternativeData\data_warehouse\raw\macro\USA\CONSSENT.parquet
2026-07-22 10:48:46 | INFO | src.jobs_xlsx.get_macro_data | Macro data_lake has been downloaded | symbol=PCECYOY | rows=678 | output_path=C:\Users\krm\PycharmProjects\AlternativeData\data_warehouse\raw\macro\USA\PCECYOY.parquet
2026-07-22 10:48:46 | INFO | src.jobs_xlsx.get_macro_data | Macro data_lake has been downloaded | symbol=USURTOT | rows=941 | output_path=C:\Users\krm\PycharmProjects\AlternativeData\data_warehouse\raw\macro\USA\USURTOT.parquet
2026-07-22 10:48:46 | INFO | src.jobs_xlsx.get_macro_data | Macro data_lake has been downloaded | symbol=GDPCQQQ | rows=216 | output_path=C:\Users\krm\PycharmProjects\AlternativeData\data_warehouse\raw\macro\USA\GDPCQQQ.parquet
2026-07-22 10:48:46 | INFO | src.jobs_xlsx.get_macro_data | Macro data_lake has been downloaded | symbol=CPMINMNS | rows=258 | output_path=C:\Users\krm\PycharmProjects\AlternativeData\data_warehouse\raw\macro\China\CPMINMNS.parquet
2026-07-22 10:48:46 | INFO | src.jobs_xlsx.get_macro_data | Macro data_lake has been downloaded | symbol=KOCPIY | rows=679 | output_path=C:\Users\krm\PycharmProjects\AlternativeData\data_warehouse\raw\macro\South Korea\.parquet
2026-07-22 10:48:46 | INFO | src.jobs_xlsx.get_macro_data | Macro data_lake has been downloaded | symbol=KOEXTOTY | rows=789 | output_path=C:\Users\krm\PycharmProjects\AlternativeData\data_warehouse\raw\macro\South Korea\KOEXTOTY.parquet
2026-07-22 10:48:46 | INFO | src.jobs_xlsx.get_macro_data | Macro data_lake has been downloaded | symbol=KORSLM | rows=192 | output_path=C:\Users\krm\PycharmProjects\AlternativeData\data_warehouse\raw\macro\South Korea\KORSLM.parquet
2026-07-22 10:48:46 | INFO | src.jobs_xlsx.get_macro_data | Macro data_lake has been downloaded | symbol=KORP7DR | rows=292 | output_path=C:\Users\krm\PycharmProjects\AlternativeData\data_warehouse\raw\macro\South Korea\KORP7DR.parquet
2026-07-22 10:48:46 | INFO | src.jobs_xlsx.get_macro_data | Macro data_lake has been downloaded | symbol=KOM2Y | rows=366 | output_path=C:\Users\krm\PycharmProjects\AlternativeData\data_warehouse\raw\macro\South Korea\KOM2Y.parquet
2026-07-22 10:48:46 | INFO | src.jobs_xlsx.get_macro_data | Macro data_lake has been downloaded | symbol=JOLTTOTL | rows=307 | output_path=C:\Users\krm\PycharmProjects\AlternativeData\data_warehouse\raw\macro\USA\JOLTTOTL.parquet
2026-07-22 10:48:47 | INFO | src.jobs_xlsx.get_macro_data | Macro data_lake has been downloaded | symbol=INJCJC | rows=3,105 | output_path=C:\Users\krm\PycharmProjects\AlternativeData\data_warehouse\raw\macro\USA\INJCJC.parquet
2026-07-23 01:47:44 | INFO | src.jobs_xlsx.get_macro_data | Macro data_lake has been downloaded | symbol=CPIYOY | rows=676 | output_path=/Users/tommy/Desktop/Pycharm/FinancialData/data_warehouse/raw/macro/USA/USCPI_YoY.parquet
2026-07-23 01:47:44 | INFO | src.jobs_xlsx.get_macro_data | Macro data_lake has been downloaded | symbol=PAYEMS | rows=679 | output_path=/Users/tommy/Desktop/Pycharm/FinancialData/data_warehouse/raw/macro/USA/Nonfarm_Payrolls.parquet
2026-07-23 01:47:44 | INFO | src.jobs_xlsx.get_macro_data | Macro data_lake has been downloaded | symbol=NAPMPMI | rows=679 | output_path=/Users/tommy/Desktop/Pycharm/FinancialData/data_warehouse/raw/macro/USA/NAPMPMI.parquet
2026-07-23 01:47:44 | INFO | src.jobs_xlsx.get_macro_data | Macro data_lake has been downloaded | symbol=NAPMNEWO | rows=679 | output_path=/Users/tommy/Desktop/Pycharm/FinancialData/data_warehouse/raw/macro/USA/NAPMNEWO.parquet
2026-07-23 01:47:44 | INFO | src.jobs_xlsx.get_macro_data | Macro data_lake has been downloaded | symbol=NAPMNMI | rows=348 | output_path=/Users/tommy/Desktop/Pycharm/FinancialData/data_warehouse/raw/macro/USA/NAPMNMI.parquet
2026-07-23 01:47:44 | INFO | src.jobs_xlsx.get_macro_data | Macro data_lake has been downloaded | symbol=NAPMNNO | rows=348 | output_path=/Users/tommy/Desktop/Pycharm/FinancialData/data_warehouse/raw/macro/USA/NAPMNNO.parquet
2026-07-23 01:47:44 | INFO | src.jobs_xlsx.get_macro_data | Macro data_lake has been downloaded | symbol=NAPMNSD | rows=348 | output_path=/Users/tommy/Desktop/Pycharm/FinancialData/data_warehouse/raw/macro/USA/NAPMNSD.parquet
2026-07-23 01:47:44 | INFO | src.jobs_xlsx.get_macro_data | Macro data_lake has been downloaded | symbol=JPCPIYOY | rows=663 | output_path=/Users/tommy/Desktop/Pycharm/FinancialData/data_warehouse/raw/macro/Japan/JPCPIYOY.parquet
2026-07-23 01:47:44 | INFO | src.jobs_xlsx.get_macro_data | Macro data_lake has been downloaded | symbol=CNCPIYOY | rows=483 | output_path=/Users/tommy/Desktop/Pycharm/FinancialData/data_warehouse/raw/macro/China/CNCPIYOY.parquet
2026-07-23 01:47:44 | INFO | src.jobs_xlsx.get_macro_data | Macro data_lake has been downloaded | symbol=CNCPIYOY | rows=483 | output_path=/Users/tommy/Desktop/Pycharm/FinancialData/data_warehouse/raw/macro/China/CNCPIYOY.parquet
2026-07-23 01:47:44 | INFO | src.jobs_xlsx.get_macro_data | Macro data_lake has been downloaded | symbol=CPMINDX | rows=258 | output_path=/Users/tommy/Desktop/Pycharm/FinancialData/data_warehouse/raw/macro/China/CPMINDX.parquet
2026-07-23 01:47:44 | INFO | src.jobs_xlsx.get_macro_data | Macro data_lake has been downloaded | symbol=ADPCHNG | rows=298 | output_path=/Users/tommy/Desktop/Pycharm/FinancialData/data_warehouse/raw/macro/USA/ADPCHNG.parquet
2026-07-23 01:47:44 | INFO | src.jobs_xlsx.get_macro_data | Macro data_lake has been downloaded | symbol=FDTR | rows=299 | output_path=/Users/tommy/Desktop/Pycharm/FinancialData/data_warehouse/raw/macro/USA/FDTR.parquet
2026-07-23 01:47:44 | INFO | src.jobs_xlsx.get_macro_data | Macro data_lake has been downloaded | symbol=CONCCONF | rows=676 | output_path=/Users/tommy/Desktop/Pycharm/FinancialData/data_warehouse/raw/macro/USA/CONCCONF.parquet
2026-07-23 01:47:44 | INFO | src.jobs_xlsx.get_macro_data | Macro data_lake has been downloaded | symbol=CONSSENT | rows=831 | output_path=/Users/tommy/Desktop/Pycharm/FinancialData/data_warehouse/raw/macro/USA/CONSSENT.parquet
2026-07-23 01:47:44 | INFO | src.jobs_xlsx.get_macro_data | Macro data_lake has been downloaded | symbol=PCECYOY | rows=678 | output_path=/Users/tommy/Desktop/Pycharm/FinancialData/data_warehouse/raw/macro/USA/PCECYOY.parquet
2026-07-23 01:47:44 | INFO | src.jobs_xlsx.get_macro_data | Macro data_lake has been downloaded | symbol=USURTOT | rows=941 | output_path=/Users/tommy/Desktop/Pycharm/FinancialData/data_warehouse/raw/macro/USA/USURTOT.parquet
2026-07-23 01:47:44 | INFO | src.jobs_xlsx.get_macro_data | Macro data_lake has been downloaded | symbol=GDPCQQQ | rows=216 | output_path=/Users/tommy/Desktop/Pycharm/FinancialData/data_warehouse/raw/macro/USA/GDPCQQQ.parquet
2026-07-23 01:47:44 | INFO | src.jobs_xlsx.get_macro_data | Macro data_lake has been downloaded | symbol=CPMINMNS | rows=258 | output_path=/Users/tommy/Desktop/Pycharm/FinancialData/data_warehouse/raw/macro/China/CPMINMNS.parquet
2026-07-23 01:47:44 | INFO | src.jobs_xlsx.get_macro_data | Macro data_lake has been downloaded | symbol=KOCPIY | rows=679 | output_path=/Users/tommy/Desktop/Pycharm/FinancialData/data_warehouse/raw/macro/South Korea/.parquet
2026-07-23 01:47:44 | INFO | src.jobs_xlsx.get_macro_data | Macro data_lake has been downloaded | symbol=KOEXTOTY | rows=789 | output_path=/Users/tommy/Desktop/Pycharm/FinancialData/data_warehouse/raw/macro/South Korea/KOEXTOTY.parquet
2026-07-23 01:47:44 | INFO | src.jobs_xlsx.get_macro_data | Macro data_lake has been downloaded | symbol=KORSLM | rows=192 | output_path=/Users/tommy/Desktop/Pycharm/FinancialData/data_warehouse/raw/macro/South Korea/KORSLM.parquet
2026-07-23 01:47:44 | INFO | src.jobs_xlsx.get_macro_data | Macro data_lake has been downloaded | symbol=KORP7DR | rows=292 | output_path=/Users/tommy/Desktop/Pycharm/FinancialData/data_warehouse/raw/macro/South Korea/KORP7DR.parquet
2026-07-23 01:47:44 | INFO | src.jobs_xlsx.get_macro_data | Macro data_lake has been downloaded | symbol=KOM2Y | rows=366 | output_path=/Users/tommy/Desktop/Pycharm/FinancialData/data_warehouse/raw/macro/South Korea/KOM2Y.parquet
2026-07-23 01:47:44 | INFO | src.jobs_xlsx.get_macro_data | Macro data_lake has been downloaded | symbol=JOLTTOTL | rows=307 | output_path=/Users/tommy/Desktop/Pycharm/FinancialData/data_warehouse/raw/macro/USA/JOLTTOTL.parquet
2026-07-23 01:47:44 | INFO | src.jobs_xlsx.get_macro_data | Macro data_lake has been downloaded | symbol=INJCJC | rows=3,105 | output_path=/Users/tommy/Desktop/Pycharm/FinancialData/data_warehouse/raw/macro/USA/INJCJC.parquet
2026-07-23 15:06:14 | INFO | src.jobs_xlsx.get_macro_data | Macro data_lake has been downloaded | symbol=CPIYOY | rows=676 | output_path=C:\Users\krm\PycharmProjects\AlternativeData\data_warehouse\raw\macro\USA\USCPI_YoY.parquet
2026-07-23 15:06:14 | INFO | src.jobs_xlsx.get_macro_data | Macro data_lake has been downloaded | symbol=PAYEMS | rows=679 | output_path=C:\Users\krm\PycharmProjects\AlternativeData\data_warehouse\raw\macro\USA\Nonfarm_Payrolls.parquet
2026-07-23 15:06:14 | INFO | src.jobs_xlsx.get_macro_data | Macro data_lake has been downloaded | symbol=NAPMPMI | rows=679 | output_path=C:\Users\krm\PycharmProjects\AlternativeData\data_warehouse\raw\macro\USA\NAPMPMI.parquet
2026-07-23 15:06:14 | INFO | src.jobs_xlsx.get_macro_data | Macro data_lake has been downloaded | symbol=NAPMNEWO | rows=679 | output_path=C:\Users\krm\PycharmProjects\AlternativeData\data_warehouse\raw\macro\USA\NAPMNEWO.parquet
2026-07-23 15:06:14 | INFO | src.jobs_xlsx.get_macro_data | Macro data_lake has been downloaded | symbol=NAPMNMI | rows=348 | output_path=C:\Users\krm\PycharmProjects\AlternativeData\data_warehouse\raw\macro\USA\NAPMNMI.parquet
2026-07-23 15:06:14 | INFO | src.jobs_xlsx.get_macro_data | Macro data_lake has been downloaded | symbol=NAPMNNO | rows=348 | output_path=C:\Users\krm\PycharmProjects\AlternativeData\data_warehouse\raw\macro\USA\NAPMNNO.parquet
2026-07-23 15:06:15 | INFO | src.jobs_xlsx.get_macro_data | Macro data_lake has been downloaded | symbol=NAPMNSD | rows=348 | output_path=C:\Users\krm\PycharmProjects\AlternativeData\data_warehouse\raw\macro\USA\NAPMNSD.parquet
2026-07-23 15:06:15 | INFO | src.jobs_xlsx.get_macro_data | Macro data_lake has been downloaded | symbol=JPCPIYOY | rows=663 | output_path=C:\Users\krm\PycharmProjects\AlternativeData\data_warehouse\raw\macro\Japan\JPCPIYOY.parquet
2026-07-23 15:06:15 | INFO | src.jobs_xlsx.get_macro_data | Macro data_lake has been downloaded | symbol=CNCPIYOY | rows=483 | output_path=C:\Users\krm\PycharmProjects\AlternativeData\data_warehouse\raw\macro\China\CNCPIYOY.parquet
2026-07-23 15:06:15 | INFO | src.jobs_xlsx.get_macro_data | Macro data_lake has been downloaded | symbol=CNCPIYOY | rows=483 | output_path=C:\Users\krm\PycharmProjects\AlternativeData\data_warehouse\raw\macro\China\CNCPIYOY.parquet
2026-07-23 15:06:15 | INFO | src.jobs_xlsx.get_macro_data | Macro data_lake has been downloaded | symbol=CPMINDX | rows=258 | output_path=C:\Users\krm\PycharmProjects\AlternativeData\data_warehouse\raw\macro\China\CPMINDX.parquet
2026-07-23 15:06:15 | INFO | src.jobs_xlsx.get_macro_data | Macro data_lake has been downloaded | symbol=ADPCHNG | rows=298 | output_path=C:\Users\krm\PycharmProjects\AlternativeData\data_warehouse\raw\macro\USA\ADPCHNG.parquet
2026-07-23 15:06:15 | INFO | src.jobs_xlsx.get_macro_data | Macro data_lake has been downloaded | symbol=FDTR | rows=299 | output_path=C:\Users\krm\PycharmProjects\AlternativeData\data_warehouse\raw\macro\USA\FDTR.parquet
2026-07-23 15:06:15 | INFO | src.jobs_xlsx.get_macro_data | Macro data_lake has been downloaded | symbol=CONCCONF | rows=676 | output_path=C:\Users\krm\PycharmProjects\AlternativeData\data_warehouse\raw\macro\USA\CONCCONF.parquet
2026-07-23 15:06:15 | INFO | src.jobs_xlsx.get_macro_data | Macro data_lake has been downloaded | symbol=CONSSENT | rows=831 | output_path=C:\Users\krm\PycharmProjects\AlternativeData\data_warehouse\raw\macro\USA\CONSSENT.parquet
2026-07-23 15:06:15 | INFO | src.jobs_xlsx.get_macro_data | Macro data_lake has been downloaded | symbol=PCECYOY | rows=678 | output_path=C:\Users\krm\PycharmProjects\AlternativeData\data_warehouse\raw\macro\USA\PCECYOY.parquet
2026-07-23 15:06:15 | INFO | src.jobs_xlsx.get_macro_data | Macro data_lake has been downloaded | symbol=USURTOT | rows=941 | output_path=C:\Users\krm\PycharmProjects\AlternativeData\data_warehouse\raw\macro\USA\USURTOT.parquet
2026-07-23 15:06:15 | INFO | src.jobs_xlsx.get_macro_data | Macro data_lake has been downloaded | symbol=GDPCQQQ | rows=216 | output_path=C:\Users\krm\PycharmProjects\AlternativeData\data_warehouse\raw\macro\USA\GDPCQQQ.parquet
2026-07-23 15:06:15 | INFO | src.jobs_xlsx.get_macro_data | Macro data_lake has been downloaded | symbol=CPMINMNS | rows=258 | output_path=C:\Users\krm\PycharmProjects\AlternativeData\data_warehouse\raw\macro\China\CPMINMNS.parquet
2026-07-23 15:06:15 | INFO | src.jobs_xlsx.get_macro_data | Macro data_lake has been downloaded | symbol=KOCPIY | rows=679 | output_path=C:\Users\krm\PycharmProjects\AlternativeData\data_warehouse\raw\macro\South Korea\.parquet
2026-07-23 15:06:15 | INFO | src.jobs_xlsx.get_macro_data | Macro data_lake has been downloaded | symbol=KOEXTOTY | rows=789 | output_path=C:\Users\krm\PycharmProjects\AlternativeData\data_warehouse\raw\macro\South Korea\KOEXTOTY.parquet
2026-07-23 15:06:15 | INFO | src.jobs_xlsx.get_macro_data | Macro data_lake has been downloaded | symbol=KORSLM | rows=192 | output_path=C:\Users\krm\PycharmProjects\AlternativeData\data_warehouse\raw\macro\South Korea\KORSLM.parquet
2026-07-23 15:06:15 | INFO | src.jobs_xlsx.get_macro_data | Macro data_lake has been downloaded | symbol=KORP7DR | rows=292 | output_path=C:\Users\krm\PycharmProjects\AlternativeData\data_warehouse\raw\macro\South Korea\KORP7DR.parquet
2026-07-23 15:06:15 | INFO | src.jobs_xlsx.get_macro_data | Macro data_lake has been downloaded | symbol=KOM2Y | rows=366 | output_path=C:\Users\krm\PycharmProjects\AlternativeData\data_warehouse\raw\macro\South Korea\KOM2Y.parquet
2026-07-23 15:06:15 | INFO | src.jobs_xlsx.get_macro_data | Macro data_lake has been downloaded | symbol=JOLTTOTL | rows=307 | output_path=C:\Users\krm\PycharmProjects\AlternativeData\data_warehouse\raw\macro\USA\JOLTTOTL.parquet
2026-07-23 15:06:16 | INFO | src.jobs_xlsx.get_macro_data | Macro data_lake has been downloaded | symbol=INJCJC | rows=3,105 | output_path=C:\Users\krm\PycharmProjects\AlternativeData\data_warehouse\raw\macro\USA\INJCJC.parquet
2026-07-24 09:14:40 | INFO | src.jobs_xlsx.get_macro_data | Macro data_lake has been downloaded | symbol=CPIYOY | rows=676 | output_path=C:\Users\krm\PycharmProjects\AlternativeData\data_warehouse\raw\macro\USA\USCPI_YoY.parquet
2026-07-24 09:14:40 | INFO | src.jobs_xlsx.get_macro_data | Macro data_lake has been downloaded | symbol=PAYEMS | rows=679 | output_path=C:\Users\krm\PycharmProjects\AlternativeData\data_warehouse\raw\macro\USA\Nonfarm_Payrolls.parquet
2026-07-24 09:14:40 | INFO | src.jobs_xlsx.get_macro_data | Macro data_lake has been downloaded | symbol=NAPMPMI | rows=679 | output_path=C:\Users\krm\PycharmProjects\AlternativeData\data_warehouse\raw\macro\USA\NAPMPMI.parquet
2026-07-24 09:14:40 | INFO | src.jobs_xlsx.get_macro_data | Macro data_lake has been downloaded | symbol=NAPMNEWO | rows=679 | output_path=C:\Users\krm\PycharmProjects\AlternativeData\data_warehouse\raw\macro\USA\NAPMNEWO.parquet
2026-07-24 09:14:40 | INFO | src.jobs_xlsx.get_macro_data | Macro data_lake has been downloaded | symbol=NAPMNMI | rows=348 | output_path=C:\Users\krm\PycharmProjects\AlternativeData\data_warehouse\raw\macro\USA\NAPMNMI.parquet
2026-07-24 09:14:40 | INFO | src.jobs_xlsx.get_macro_data | Macro data_lake has been downloaded | symbol=NAPMNNO | rows=348 | output_path=C:\Users\krm\PycharmProjects\AlternativeData\data_warehouse\raw\macro\USA\NAPMNNO.parquet
2026-07-24 09:14:40 | INFO | src.jobs_xlsx.get_macro_data | Macro data_lake has been downloaded | symbol=NAPMNSD | rows=348 | output_path=C:\Users\krm\PycharmProjects\AlternativeData\data_warehouse\raw\macro\USA\NAPMNSD.parquet
2026-07-24 09:14:40 | INFO | src.jobs_xlsx.get_macro_data | Macro data_lake has been downloaded | symbol=JPCPIYOY | rows=663 | output_path=C:\Users\krm\PycharmProjects\AlternativeData\data_warehouse\raw\macro\Japan\JPCPIYOY.parquet
2026-07-24 09:14:40 | INFO | src.jobs_xlsx.get_macro_data | Macro data_lake has been downloaded | symbol=CNCPIYOY | rows=483 | output_path=C:\Users\krm\PycharmProjects\AlternativeData\data_warehouse\raw\macro\China\CNCPIYOY.parquet
2026-07-24 09:14:40 | INFO | src.jobs_xlsx.get_macro_data | Macro data_lake has been downloaded | symbol=CNCPIYOY | rows=483 | output_path=C:\Users\krm\PycharmProjects\AlternativeData\data_warehouse\raw\macro\China\CNCPIYOY.parquet
2026-07-24 09:14:40 | INFO | src.jobs_xlsx.get_macro_data | Macro data_lake has been downloaded | symbol=CPMINDX | rows=258 | output_path=C:\Users\krm\PycharmProjects\AlternativeData\data_warehouse\raw\macro\China\CPMINDX.parquet
2026-07-24 09:14:41 | INFO | src.jobs_xlsx.get_macro_data | Macro data_lake has been downloaded | symbol=ADPCHNG | rows=298 | output_path=C:\Users\krm\PycharmProjects\AlternativeData\data_warehouse\raw\macro\USA\ADPCHNG.parquet
2026-07-24 09:14:41 | INFO | src.jobs_xlsx.get_macro_data | Macro data_lake has been downloaded | symbol=FDTR | rows=299 | output_path=C:\Users\krm\PycharmProjects\AlternativeData\data_warehouse\raw\macro\USA\FDTR.parquet
2026-07-24 09:14:41 | INFO | src.jobs_xlsx.get_macro_data | Macro data_lake has been downloaded | symbol=CONCCONF | rows=676 | output_path=C:\Users\krm\PycharmProjects\AlternativeData\data_warehouse\raw\macro\USA\CONCCONF.parquet
2026-07-24 09:14:41 | INFO | src.jobs_xlsx.get_macro_data | Macro data_lake has been downloaded | symbol=CONSSENT | rows=831 | output_path=C:\Users\krm\PycharmProjects\AlternativeData\data_warehouse\raw\macro\USA\CONSSENT.parquet
2026-07-24 09:14:41 | INFO | src.jobs_xlsx.get_macro_data | Macro data_lake has been downloaded | symbol=PCECYOY | rows=678 | output_path=C:\Users\krm\PycharmProjects\AlternativeData\data_warehouse\raw\macro\USA\PCECYOY.parquet
2026-07-24 09:14:41 | INFO | src.jobs_xlsx.get_macro_data | Macro data_lake has been downloaded | symbol=USURTOT | rows=941 | output_path=C:\Users\krm\PycharmProjects\AlternativeData\data_warehouse\raw\macro\USA\USURTOT.parquet
2026-07-24 09:14:41 | INFO | src.jobs_xlsx.get_macro_data | Macro data_lake has been downloaded | symbol=GDPCQQQ | rows=216 | output_path=C:\Users\krm\PycharmProjects\AlternativeData\data_warehouse\raw\macro\USA\GDPCQQQ.parquet
2026-07-24 09:14:41 | INFO | src.jobs_xlsx.get_macro_data | Macro data_lake has been downloaded | symbol=CPMINMNS | rows=258 | output_path=C:\Users\krm\PycharmProjects\AlternativeData\data_warehouse\raw\macro\China\CPMINMNS.parquet
2026-07-24 09:14:41 | INFO | src.jobs_xlsx.get_macro_data | Macro data_lake has been downloaded | symbol=KOCPIY | rows=679 | output_path=C:\Users\krm\PycharmProjects\AlternativeData\data_warehouse\raw\macro\South Korea\.parquet
2026-07-24 09:14:41 | INFO | src.jobs_xlsx.get_macro_data | Macro data_lake has been downloaded | symbol=KOEXTOTY | rows=789 | output_path=C:\Users\krm\PycharmProjects\AlternativeData\data_warehouse\raw\macro\South Korea\KOEXTOTY.parquet
2026-07-24 09:14:41 | INFO | src.jobs_xlsx.get_macro_data | Macro data_lake has been downloaded | symbol=KORSLM | rows=192 | output_path=C:\Users\krm\PycharmProjects\AlternativeData\data_warehouse\raw\macro\South Korea\KORSLM.parquet
2026-07-24 09:14:41 | INFO | src.jobs_xlsx.get_macro_data | Macro data_lake has been downloaded | symbol=KORP7DR | rows=292 | output_path=C:\Users\krm\PycharmProjects\AlternativeData\data_warehouse\raw\macro\South Korea\KORP7DR.parquet
2026-07-24 09:14:41 | INFO | src.jobs_xlsx.get_macro_data | Macro data_lake has been downloaded | symbol=KOM2Y | rows=366 | output_path=C:\Users\krm\PycharmProjects\AlternativeData\data_warehouse\raw\macro\South Korea\KOM2Y.parquet
2026-07-24 09:14:41 | INFO | src.jobs_xlsx.get_macro_data | Macro data_lake has been downloaded | symbol=JOLTTOTL | rows=307 | output_path=C:\Users\krm\PycharmProjects\AlternativeData\data_warehouse\raw\macro\USA\JOLTTOTL.parquet
2026-07-24 09:14:42 | INFO | src.jobs_xlsx.get_macro_data | Macro data_lake has been downloaded | symbol=INJCJC | rows=3,105 | output_path=C:\Users\krm\PycharmProjects\AlternativeData\data_warehouse\raw\macro\USA\INJCJC.parquet
2026-07-29 10:59:16 | INFO | src.jobs_xlsx.get_macro_data | Macro data_lake has been downloaded | symbol=CPIYOY | rows=678 | output_path=C:\Users\krm\PycharmProjects\AlternativeData\data_warehouse\raw\macro\USA\USCPI_YoY.parquet
2026-07-29 10:59:16 | INFO | src.jobs_xlsx.get_macro_data | Macro data_lake has been downloaded | symbol=PAYEMS | rows=679 | output_path=C:\Users\krm\PycharmProjects\AlternativeData\data_warehouse\raw\macro\USA\Nonfarm_Payrolls.parquet
2026-07-29 10:59:16 | INFO | src.jobs_xlsx.get_macro_data | Macro data_lake has been downloaded | symbol=NAPMPMI | rows=679 | output_path=C:\Users\krm\PycharmProjects\AlternativeData\data_warehouse\raw\macro\USA\NAPMPMI.parquet
2026-07-29 10:59:16 | INFO | src.jobs_xlsx.get_macro_data | Macro data_lake has been downloaded | symbol=NAPMNEWO | rows=679 | output_path=C:\Users\krm\PycharmProjects\AlternativeData\data_warehouse\raw\macro\USA\NAPMNEWO.parquet
2026-07-29 10:59:16 | INFO | src.jobs_xlsx.get_macro_data | Macro data_lake has been downloaded | symbol=NAPMNMI | rows=348 | output_path=C:\Users\krm\PycharmProjects\AlternativeData\data_warehouse\raw\macro\USA\NAPMNMI.parquet
2026-07-29 10:59:16 | INFO | src.jobs_xlsx.get_macro_data | Macro data_lake has been downloaded | symbol=NAPMNNO | rows=348 | output_path=C:\Users\krm\PycharmProjects\AlternativeData\data_warehouse\raw\macro\USA\NAPMNNO.parquet
2026-07-29 10:59:16 | INFO | src.jobs_xlsx.get_macro_data | Macro data_lake has been downloaded | symbol=NAPMNSD | rows=348 | output_path=C:\Users\krm\PycharmProjects\AlternativeData\data_warehouse\raw\macro\USA\NAPMNSD.parquet
2026-07-29 10:59:16 | INFO | src.jobs_xlsx.get_macro_data | Macro data_lake has been downloaded | symbol=ADPCHNG | rows=300 | output_path=C:\Users\krm\PycharmProjects\AlternativeData\data_warehouse\raw\macro\USA\ADPCHNG.parquet
2026-07-29 10:59:16 | INFO | src.jobs_xlsx.get_macro_data | Macro data_lake has been downloaded | symbol=FDTR | rows=299 | output_path=C:\Users\krm\PycharmProjects\AlternativeData\data_warehouse\raw\macro\USA\FDTR.parquet
2026-07-29 10:59:16 | INFO | src.jobs_xlsx.get_macro_data | Macro data_lake has been downloaded | symbol=CONCCONF | rows=679 | output_path=C:\Users\krm\PycharmProjects\AlternativeData\data_warehouse\raw\macro\USA\CONCCONF.parquet
2026-07-29 10:59:16 | INFO | src.jobs_xlsx.get_macro_data | Macro data_lake has been downloaded | symbol=CONSSENT | rows=832 | output_path=C:\Users\krm\PycharmProjects\AlternativeData\data_warehouse\raw\macro\USA\CONSSENT.parquet
2026-07-29 10:59:16 | INFO | src.jobs_xlsx.get_macro_data | Macro data_lake has been downloaded | symbol=PCECYOY | rows=679 | output_path=C:\Users\krm\PycharmProjects\AlternativeData\data_warehouse\raw\macro\USA\PCECYOY.parquet
2026-07-29 10:59:16 | INFO | src.jobs_xlsx.get_macro_data | Macro data_lake has been downloaded | symbol=USURTOT | rows=941 | output_path=C:\Users\krm\PycharmProjects\AlternativeData\data_warehouse\raw\macro\USA\USURTOT.parquet
2026-07-29 10:59:16 | INFO | src.jobs_xlsx.get_macro_data | Macro data_lake has been downloaded | symbol=GDPCQQQ | rows=218 | output_path=C:\Users\krm\PycharmProjects\AlternativeData\data_warehouse\raw\macro\USA\GDPCQQQ.parquet
2026-07-29 10:59:16 | INFO | src.jobs_xlsx.get_macro_data | Macro data_lake has been downloaded | symbol=JOLTTOTL | rows=307 | output_path=C:\Users\krm\PycharmProjects\AlternativeData\data_warehouse\raw\macro\USA\JOLTTOTL.parquet
2026-07-29 10:59:16 | INFO | src.jobs_xlsx.get_macro_data | Macro data_lake has been downloaded | symbol=INJCJC | rows=3,108 | output_path=C:\Users\krm\PycharmProjects\AlternativeData\data_warehouse\raw\macro\USA\INJCJC.parquet
2026-07-29 10:59:16 | INFO | src.jobs_xlsx.get_macro_data | Macro data_lake has been downloaded | symbol=AHEMOM | rows=243 | output_path=C:\Users\krm\PycharmProjects\AlternativeData\data_warehouse\raw\macro\USA\AHEMOM.parquet
2026-07-29 10:59:17 | INFO | src.jobs_xlsx.get_macro_data | Macro data_lake has been downloaded | symbol=AHEYOY | rows=98 | output_path=C:\Users\krm\PycharmProjects\AlternativeData\data_warehouse\raw\macro\USA\AHEYOY.parquet
2026-07-29 10:59:17 | INFO | src.jobs_xlsx.get_macro_data | Macro data_lake has been downloaded | symbol=DGNOCHNG | rows=228 | output_path=C:\Users\krm\PycharmProjects\AlternativeData\data_warehouse\raw\macro\USA\DGNOCHNG.parquet
2026-07-29 10:59:17 | INFO | src.jobs_xlsx.get_macro_data | Macro data_lake has been downloaded | symbol=DGNOXTCH | rows=222 | output_path=C:\Users\krm\PycharmProjects\AlternativeData\data_warehouse\raw\macro\USA\DGNOXTCH.parquet
2026-07-29 10:59:17 | INFO | src.jobs_xlsx.get_macro_data | Macro data_lake has been downloaded | symbol=CPICEMU | rows=641 | output_path=C:\Users\krm\PycharmProjects\AlternativeData\data_warehouse\raw\macro\Europe\CPICEMU.parquet
2026-07-29 10:59:17 | INFO | src.jobs_xlsx.get_macro_data | Macro data_lake has been downloaded | symbol=EURUEMEM | rows=339 | output_path=C:\Users\krm\PycharmProjects\AlternativeData\data_warehouse\raw\macro\Europe\EURUEMEM.parquet
2026-07-29 10:59:17 | INFO | src.jobs_xlsx.get_macro_data | Macro data_lake has been downloaded | symbol=EUAPRRT | rows=286 | output_path=C:\Users\krm\PycharmProjects\AlternativeData\data_warehouse\raw\macro\Europe\EUAPRRT.parquet
2026-07-29 10:59:17 | INFO | src.jobs_xlsx.get_macro_data | Macro data_lake has been downloaded | symbol=KOCPIY | rows=679 | output_path=C:\Users\krm\PycharmProjects\AlternativeData\data_warehouse\raw\macro\South Korea\.parquet
2026-07-29 10:59:17 | INFO | src.jobs_xlsx.get_macro_data | Macro data_lake has been downloaded | symbol=KOEXTOTY | rows=789 | output_path=C:\Users\krm\PycharmProjects\AlternativeData\data_warehouse\raw\macro\South Korea\KOEXTOTY.parquet
2026-07-29 10:59:17 | INFO | src.jobs_xlsx.get_macro_data | Macro data_lake has been downloaded | symbol=KORSLM | rows=192 | output_path=C:\Users\krm\PycharmProjects\AlternativeData\data_warehouse\raw\macro\South Korea\KORSLM.parquet
2026-07-29 10:59:17 | INFO | src.jobs_xlsx.get_macro_data | Macro data_lake has been downloaded | symbol=KORP7DR | rows=292 | output_path=C:\Users\krm\PycharmProjects\AlternativeData\data_warehouse\raw\macro\South Korea\KORP7DR.parquet
2026-07-29 10:59:17 | INFO | src.jobs_xlsx.get_macro_data | Macro data_lake has been downloaded | symbol=KOM2Y | rows=366 | output_path=C:\Users\krm\PycharmProjects\AlternativeData\data_warehouse\raw\macro\South Korea\KOM2Y.parquet
2026-07-29 10:59:17 | INFO | src.jobs_xlsx.get_macro_data | Macro data_lake has been downloaded | symbol=JPCPIYOY | rows=666 | output_path=C:\Users\krm\PycharmProjects\AlternativeData\data_warehouse\raw\macro\Japan\JPCPIYOY.parquet
2026-07-29 10:59:17 | INFO | src.jobs_xlsx.get_macro_data | Macro data_lake has been downloaded | symbol=JCPNEFEY | rows=130 | output_path=C:\Users\krm\PycharmProjects\AlternativeData\data_warehouse\raw\macro\Japan\JCPNEFEY.parquet
2026-07-29 10:59:17 | INFO | src.jobs_xlsx.get_macro_data | Macro data_lake has been downloaded | symbol=BOJDTR | rows=200 | output_path=C:\Users\krm\PycharmProjects\AlternativeData\data_warehouse\raw\macro\Japan\BOJDTR.parquet
2026-07-29 10:59:17 | INFO | src.jobs_xlsx.get_macro_data | Macro data_lake has been downloaded | symbol=PITLJMOM | rows=898 | output_path=C:\Users\krm\PycharmProjects\AlternativeData\data_warehouse\raw\macro\Japan\PITLJMOM.parquet
2026-07-29 10:59:17 | INFO | src.jobs_xlsx.get_macro_data | Macro data_lake has been downloaded | symbol=CNCPIYOY | rows=483 | output_path=C:\Users\krm\PycharmProjects\AlternativeData\data_warehouse\raw\macro\China\CNCPIYOY.parquet
2026-07-29 10:59:17 | INFO | src.jobs_xlsx.get_macro_data | Macro data_lake has been downloaded | symbol=CPMINDX | rows=258 | output_path=C:\Users\krm\PycharmProjects\AlternativeData\data_warehouse\raw\macro\China\CPMINDX.parquet
2026-07-29 10:59:17 | INFO | src.jobs_xlsx.get_macro_data | Macro data_lake has been downloaded | symbol=CPMINMNS | rows=258 | output_path=C:\Users\krm\PycharmProjects\AlternativeData\data_warehouse\raw\macro\China\CPMINMNS.parquet
2026-07-29 10:59:17 | INFO | src.jobs_xlsx.get_macro_data | Macro data_lake has been downloaded | symbol=CAIXINPMI | rows=253 | output_path=C:\Users\krm\PycharmProjects\AlternativeData\data_warehouse\raw\macro\China\CAIXINPMI.parquet
2026-07-29 11:06:03 | INFO | src.jobs_xlsx.get_macro_data | Macro data_lake has been downloaded | symbol=CPIYOY | rows=678 | output_path=C:\Users\krm\PycharmProjects\AlternativeData\data_warehouse\raw\macro\USA\USCPI_YoY.parquet
2026-07-29 11:06:03 | INFO | src.jobs_xlsx.get_macro_data | Macro data_lake has been downloaded | symbol=PAYEMS | rows=679 | output_path=C:\Users\krm\PycharmProjects\AlternativeData\data_warehouse\raw\macro\USA\Nonfarm_Payrolls.parquet
2026-07-29 11:06:03 | INFO | src.jobs_xlsx.get_macro_data | Macro data_lake has been downloaded | symbol=NAPMPMI | rows=679 | output_path=C:\Users\krm\PycharmProjects\AlternativeData\data_warehouse\raw\macro\USA\NAPMPMI.parquet
2026-07-29 11:06:03 | INFO | src.jobs_xlsx.get_macro_data | Macro data_lake has been downloaded | symbol=NAPMNEWO | rows=679 | output_path=C:\Users\krm\PycharmProjects\AlternativeData\data_warehouse\raw\macro\USA\NAPMNEWO.parquet
2026-07-29 11:06:03 | INFO | src.jobs_xlsx.get_macro_data | Macro data_lake has been downloaded | symbol=NAPMNMI | rows=348 | output_path=C:\Users\krm\PycharmProjects\AlternativeData\data_warehouse\raw\macro\USA\NAPMNMI.parquet
2026-07-29 11:06:03 | INFO | src.jobs_xlsx.get_macro_data | Macro data_lake has been downloaded | symbol=NAPMNNO | rows=348 | output_path=C:\Users\krm\PycharmProjects\AlternativeData\data_warehouse\raw\macro\USA\NAPMNNO.parquet
2026-07-29 11:06:03 | INFO | src.jobs_xlsx.get_macro_data | Macro data_lake has been downloaded | symbol=NAPMNSD | rows=348 | output_path=C:\Users\krm\PycharmProjects\AlternativeData\data_warehouse\raw\macro\USA\NAPMNSD.parquet
2026-07-29 11:06:03 | INFO | src.jobs_xlsx.get_macro_data | Macro data_lake has been downloaded | symbol=ADPCHNG | rows=300 | output_path=C:\Users\krm\PycharmProjects\AlternativeData\data_warehouse\raw\macro\USA\ADPCHNG.parquet
2026-07-29 11:06:03 | INFO | src.jobs_xlsx.get_macro_data | Macro data_lake has been downloaded | symbol=FDTR | rows=299 | output_path=C:\Users\krm\PycharmProjects\AlternativeData\data_warehouse\raw\macro\USA\FDTR.parquet
2026-07-29 11:06:03 | INFO | src.jobs_xlsx.get_macro_data | Macro data_lake has been downloaded | symbol=CONCCONF | rows=679 | output_path=C:\Users\krm\PycharmProjects\AlternativeData\data_warehouse\raw\macro\USA\CONCCONF.parquet
2026-07-29 11:06:03 | INFO | src.jobs_xlsx.get_macro_data | Macro data_lake has been downloaded | symbol=CONSSENT | rows=832 | output_path=C:\Users\krm\PycharmProjects\AlternativeData\data_warehouse\raw\macro\USA\CONSSENT.parquet
2026-07-29 11:06:03 | INFO | src.jobs_xlsx.get_macro_data | Macro data_lake has been downloaded | symbol=PCECYOY | rows=679 | output_path=C:\Users\krm\PycharmProjects\AlternativeData\data_warehouse\raw\macro\USA\PCECYOY.parquet
2026-07-29 11:06:03 | INFO | src.jobs_xlsx.get_macro_data | Macro data_lake has been downloaded | symbol=USURTOT | rows=941 | output_path=C:\Users\krm\PycharmProjects\AlternativeData\data_warehouse\raw\macro\USA\USURTOT.parquet
2026-07-29 11:06:03 | INFO | src.jobs_xlsx.get_macro_data | Macro data_lake has been downloaded | symbol=GDPCQQQ | rows=218 | output_path=C:\Users\krm\PycharmProjects\AlternativeData\data_warehouse\raw\macro\USA\GDPCQQQ.parquet
2026-07-29 11:06:03 | INFO | src.jobs_xlsx.get_macro_data | Macro data_lake has been downloaded | symbol=JOLTTOTL | rows=307 | output_path=C:\Users\krm\PycharmProjects\AlternativeData\data_warehouse\raw\macro\USA\JOLTTOTL.parquet
2026-07-29 11:06:04 | INFO | src.jobs_xlsx.get_macro_data | Macro data_lake has been downloaded | symbol=INJCJC | rows=3,108 | output_path=C:\Users\krm\PycharmProjects\AlternativeData\data_warehouse\raw\macro\USA\INJCJC.parquet
2026-07-29 11:06:04 | INFO | src.jobs_xlsx.get_macro_data | Macro data_lake has been downloaded | symbol=AHEMOM | rows=243 | output_path=C:\Users\krm\PycharmProjects\AlternativeData\data_warehouse\raw\macro\USA\AHEMOM.parquet
2026-07-29 11:06:04 | INFO | src.jobs_xlsx.get_macro_data | Macro data_lake has been downloaded | symbol=AHEYOY | rows=98 | output_path=C:\Users\krm\PycharmProjects\AlternativeData\data_warehouse\raw\macro\USA\AHEYOY.parquet
2026-07-29 11:06:04 | INFO | src.jobs_xlsx.get_macro_data | Macro data_lake has been downloaded | symbol=DGNOCHNG | rows=228 | output_path=C:\Users\krm\PycharmProjects\AlternativeData\data_warehouse\raw\macro\USA\DGNOCHNG.parquet
2026-07-29 11:06:04 | INFO | src.jobs_xlsx.get_macro_data | Macro data_lake has been downloaded | symbol=DGNOXTCH | rows=222 | output_path=C:\Users\krm\PycharmProjects\AlternativeData\data_warehouse\raw\macro\USA\DGNOXTCH.parquet
2026-07-29 11:06:04 | INFO | src.jobs_xlsx.get_macro_data | Macro data_lake has been downloaded | symbol=CPICEMU | rows=641 | output_path=C:\Users\krm\PycharmProjects\AlternativeData\data_warehouse\raw\macro\Europe\CPICEMU.parquet
2026-07-29 11:06:04 | INFO | src.jobs_xlsx.get_macro_data | Macro data_lake has been downloaded | symbol=EURUEMEM | rows=339 | output_path=C:\Users\krm\PycharmProjects\AlternativeData\data_warehouse\raw\macro\Europe\EURUEMEM.parquet
2026-07-29 11:06:04 | INFO | src.jobs_xlsx.get_macro_data | Macro data_lake has been downloaded | symbol=EUAPRRT | rows=286 | output_path=C:\Users\krm\PycharmProjects\AlternativeData\data_warehouse\raw\macro\Europe\EUAPRRT.parquet
2026-07-29 11:06:04 | INFO | src.jobs_xlsx.get_macro_data | Macro data_lake has been downloaded | symbol=KOCPIY | rows=679 | output_path=C:\Users\krm\PycharmProjects\AlternativeData\data_warehouse\raw\macro\South Korea\.parquet
2026-07-29 11:06:04 | INFO | src.jobs_xlsx.get_macro_data | Macro data_lake has been downloaded | symbol=KOEXTOTY | rows=789 | output_path=C:\Users\krm\PycharmProjects\AlternativeData\data_warehouse\raw\macro\South Korea\KOEXTOTY.parquet
2026-07-29 11:06:04 | INFO | src.jobs_xlsx.get_macro_data | Macro data_lake has been downloaded | symbol=KORSLM | rows=192 | output_path=C:\Users\krm\PycharmProjects\AlternativeData\data_warehouse\raw\macro\South Korea\KORSLM.parquet
2026-07-29 11:06:04 | INFO | src.jobs_xlsx.get_macro_data | Macro data_lake has been downloaded | symbol=KORP7DR | rows=292 | output_path=C:\Users\krm\PycharmProjects\AlternativeData\data_warehouse\raw\macro\South Korea\KORP7DR.parquet
2026-07-29 11:06:04 | INFO | src.jobs_xlsx.get_macro_data | Macro data_lake has been downloaded | symbol=KOM2Y | rows=366 | output_path=C:\Users\krm\PycharmProjects\AlternativeData\data_warehouse\raw\macro\South Korea\KOM2Y.parquet
2026-07-29 11:06:04 | INFO | src.jobs_xlsx.get_macro_data | Macro data_lake has been downloaded | symbol=JPCPIYOY | rows=666 | output_path=C:\Users\krm\PycharmProjects\AlternativeData\data_warehouse\raw\macro\Japan\JPCPIYOY.parquet
2026-07-29 11:06:04 | INFO | src.jobs_xlsx.get_macro_data | Macro data_lake has been downloaded | symbol=JCPNEFEY | rows=130 | output_path=C:\Users\krm\PycharmProjects\AlternativeData\data_warehouse\raw\macro\Japan\JCPNEFEY.parquet
2026-07-29 11:06:04 | INFO | src.jobs_xlsx.get_macro_data | Macro data_lake has been downloaded | symbol=BOJDTR | rows=200 | output_path=C:\Users\krm\PycharmProjects\AlternativeData\data_warehouse\raw\macro\Japan\BOJDTR.parquet
2026-07-29 11:06:04 | INFO | src.jobs_xlsx.get_macro_data | Macro data_lake has been downloaded | symbol=PITLJMOM | rows=898 | output_path=C:\Users\krm\PycharmProjects\AlternativeData\data_warehouse\raw\macro\Japan\PITLJMOM.parquet
2026-07-29 11:06:04 | INFO | src.jobs_xlsx.get_macro_data | Macro data_lake has been downloaded | symbol=CNCPIYOY | rows=483 | output_path=C:\Users\krm\PycharmProjects\AlternativeData\data_warehouse\raw\macro\China\CNCPIYOY.parquet
2026-07-29 11:06:04 | INFO | src.jobs_xlsx.get_macro_data | Macro data_lake has been downloaded | symbol=CPMINDX | rows=258 | output_path=C:\Users\krm\PycharmProjects\AlternativeData\data_warehouse\raw\macro\China\CPMINDX.parquet
2026-07-29 11:06:04 | INFO | src.jobs_xlsx.get_macro_data | Macro data_lake has been downloaded | symbol=CPMINMNS | rows=258 | output_path=C:\Users\krm\PycharmProjects\AlternativeData\data_warehouse\raw\macro\China\CPMINMNS.parquet
2026-07-29 11:06:04 | INFO | src.jobs_xlsx.get_macro_data | Macro data_lake has been downloaded | symbol=CAIXINPMI | rows=253 | output_path=C:\Users\krm\PycharmProjects\AlternativeData\data_warehouse\raw\macro\China\CAIXINPMI.parquet
2026-07-31 17:20:33 | INFO | src.jobs_xlsx.get_macro_data | Macro data_lake has been downloaded | symbol=CPIYOY | rows=678 | output_path=C:\Users\krm\PycharmProjects\AlternativeData\data_warehouse\raw\macro\USA\USCPI_YoY.parquet
2026-07-31 17:20:33 | INFO | src.jobs_xlsx.get_macro_data | Macro data_lake has been downloaded | symbol=PAYEMS | rows=679 | output_path=C:\Users\krm\PycharmProjects\AlternativeData\data_warehouse\raw\macro\USA\Nonfarm_Payrolls.parquet
2026-07-31 17:20:33 | INFO | src.jobs_xlsx.get_macro_data | Macro data_lake has been downloaded | symbol=NAPMPMI | rows=679 | output_path=C:\Users\krm\PycharmProjects\AlternativeData\data_warehouse\raw\macro\USA\NAPMPMI.parquet
2026-07-31 17:20:33 | INFO | src.jobs_xlsx.get_macro_data | Macro data_lake has been downloaded | symbol=NAPMNEWO | rows=679 | output_path=C:\Users\krm\PycharmProjects\AlternativeData\data_warehouse\raw\macro\USA\NAPMNEWO.parquet
2026-07-31 17:20:33 | INFO | src.jobs_xlsx.get_macro_data | Macro data_lake has been downloaded | symbol=NAPMNMI | rows=348 | output_path=C:\Users\krm\PycharmProjects\AlternativeData\data_warehouse\raw\macro\USA\NAPMNMI.parquet
2026-07-31 17:20:33 | INFO | src.jobs_xlsx.get_macro_data | Macro data_lake has been downloaded | symbol=NAPMNNO | rows=348 | output_path=C:\Users\krm\PycharmProjects\AlternativeData\data_warehouse\raw\macro\USA\NAPMNNO.parquet
2026-07-31 17:20:33 | INFO | src.jobs_xlsx.get_macro_data | Macro data_lake has been downloaded | symbol=NAPMNSD | rows=348 | output_path=C:\Users\krm\PycharmProjects\AlternativeData\data_warehouse\raw\macro\USA\NAPMNSD.parquet
2026-07-31 17:20:33 | INFO | src.jobs_xlsx.get_macro_data | Macro data_lake has been downloaded | symbol=ADPCHNG | rows=300 | output_path=C:\Users\krm\PycharmProjects\AlternativeData\data_warehouse\raw\macro\USA\ADPCHNG.parquet
2026-07-31 17:20:33 | INFO | src.jobs_xlsx.get_macro_data | Macro data_lake has been downloaded | symbol=FDTR | rows=299 | output_path=C:\Users\krm\PycharmProjects\AlternativeData\data_warehouse\raw\macro\USA\FDTR.parquet
2026-07-31 17:20:33 | INFO | src.jobs_xlsx.get_macro_data | Macro data_lake has been downloaded | symbol=CONCCONF | rows=679 | output_path=C:\Users\krm\PycharmProjects\AlternativeData\data_warehouse\raw\macro\USA\CONCCONF.parquet
2026-07-31 17:20:33 | INFO | src.jobs_xlsx.get_macro_data | Macro data_lake has been downloaded | symbol=CONSSENT | rows=832 | output_path=C:\Users\krm\PycharmProjects\AlternativeData\data_warehouse\raw\macro\USA\CONSSENT.parquet
2026-07-31 17:20:33 | INFO | src.jobs_xlsx.get_macro_data | Macro data_lake has been downloaded | symbol=PCECYOY | rows=679 | output_path=C:\Users\krm\PycharmProjects\AlternativeData\data_warehouse\raw\macro\USA\PCECYOY.parquet
2026-07-31 17:20:33 | INFO | src.jobs_xlsx.get_macro_data | Macro data_lake has been downloaded | symbol=USURTOT | rows=941 | output_path=C:\Users\krm\PycharmProjects\AlternativeData\data_warehouse\raw\macro\USA\USURTOT.parquet
2026-07-31 17:20:34 | INFO | src.jobs_xlsx.get_macro_data | Macro data_lake has been downloaded | symbol=GDPCQQQ | rows=218 | output_path=C:\Users\krm\PycharmProjects\AlternativeData\data_warehouse\raw\macro\USA\GDPCQQQ.parquet
2026-07-31 17:20:34 | INFO | src.jobs_xlsx.get_macro_data | Macro data_lake has been downloaded | symbol=JOLTTOTL | rows=307 | output_path=C:\Users\krm\PycharmProjects\AlternativeData\data_warehouse\raw\macro\USA\JOLTTOTL.parquet
2026-07-31 17:20:34 | INFO | src.jobs_xlsx.get_macro_data | Macro data_lake has been downloaded | symbol=INJCJC | rows=3,108 | output_path=C:\Users\krm\PycharmProjects\AlternativeData\data_warehouse\raw\macro\USA\INJCJC.parquet
2026-07-31 17:20:34 | INFO | src.jobs_xlsx.get_macro_data | Macro data_lake has been downloaded | symbol=AHEMOM | rows=243 | output_path=C:\Users\krm\PycharmProjects\AlternativeData\data_warehouse\raw\macro\USA\AHEMOM.parquet
2026-07-31 17:20:34 | INFO | src.jobs_xlsx.get_macro_data | Macro data_lake has been downloaded | symbol=AHEYOY | rows=98 | output_path=C:\Users\krm\PycharmProjects\AlternativeData\data_warehouse\raw\macro\USA\AHEYOY.parquet
2026-07-31 17:20:34 | INFO | src.jobs_xlsx.get_macro_data | Macro data_lake has been downloaded | symbol=DGNOCHNG | rows=228 | output_path=C:\Users\krm\PycharmProjects\AlternativeData\data_warehouse\raw\macro\USA\DGNOCHNG.parquet
2026-07-31 17:20:34 | INFO | src.jobs_xlsx.get_macro_data | Macro data_lake has been downloaded | symbol=DGNOXTCH | rows=222 | output_path=C:\Users\krm\PycharmProjects\AlternativeData\data_warehouse\raw\macro\USA\DGNOXTCH.parquet
2026-07-31 17:20:34 | INFO | src.jobs_xlsx.get_macro_data | Macro data_lake has been downloaded | symbol=CPICEMU | rows=647 | output_path=C:\Users\krm\PycharmProjects\AlternativeData\data_warehouse\raw\macro\Europe\CPICEMU.parquet
2026-07-31 17:20:34 | INFO | src.jobs_xlsx.get_macro_data | Macro data_lake has been downloaded | symbol=EURUEMEM | rows=339 | output_path=C:\Users\krm\PycharmProjects\AlternativeData\data_warehouse\raw\macro\Europe\EURUEMEM.parquet
2026-07-31 17:20:34 | INFO | src.jobs_xlsx.get_macro_data | Macro data_lake has been downloaded | symbol=EUAPRRT | rows=286 | output_path=C:\Users\krm\PycharmProjects\AlternativeData\data_warehouse\raw\macro\Europe\EUAPRRT.parquet
2026-07-31 17:20:34 | INFO | src.jobs_xlsx.get_macro_data | Macro data_lake has been downloaded | symbol=EUGDEMU | rows=216 | output_path=C:\Users\krm\PycharmProjects\AlternativeData\data_warehouse\raw\macro\Europe\EUGDEMU.parquet
2026-07-31 17:21:40 | INFO | src.jobs_xlsx.get_macro_data | Macro data_lake has been downloaded | symbol=CPIYOY | rows=678 | output_path=C:\Users\krm\PycharmProjects\AlternativeData\data_warehouse\raw\macro\USA\USCPI_YoY.parquet
2026-07-31 17:21:40 | INFO | src.jobs_xlsx.get_macro_data | Macro data_lake has been downloaded | symbol=PAYEMS | rows=679 | output_path=C:\Users\krm\PycharmProjects\AlternativeData\data_warehouse\raw\macro\USA\Nonfarm_Payrolls.parquet
2026-07-31 17:21:40 | INFO | src.jobs_xlsx.get_macro_data | Macro data_lake has been downloaded | symbol=NAPMPMI | rows=679 | output_path=C:\Users\krm\PycharmProjects\AlternativeData\data_warehouse\raw\macro\USA\NAPMPMI.parquet
2026-07-31 17:21:41 | INFO | src.jobs_xlsx.get_macro_data | Macro data_lake has been downloaded | symbol=NAPMNEWO | rows=679 | output_path=C:\Users\krm\PycharmProjects\AlternativeData\data_warehouse\raw\macro\USA\NAPMNEWO.parquet
2026-07-31 17:21:41 | INFO | src.jobs_xlsx.get_macro_data | Macro data_lake has been downloaded | symbol=NAPMNMI | rows=348 | output_path=C:\Users\krm\PycharmProjects\AlternativeData\data_warehouse\raw\macro\USA\NAPMNMI.parquet
2026-07-31 17:21:41 | INFO | src.jobs_xlsx.get_macro_data | Macro data_lake has been downloaded | symbol=NAPMNNO | rows=348 | output_path=C:\Users\krm\PycharmProjects\AlternativeData\data_warehouse\raw\macro\USA\NAPMNNO.parquet
2026-07-31 17:21:41 | INFO | src.jobs_xlsx.get_macro_data | Macro data_lake has been downloaded | symbol=NAPMNSD | rows=348 | output_path=C:\Users\krm\PycharmProjects\AlternativeData\data_warehouse\raw\macro\USA\NAPMNSD.parquet
2026-07-31 17:21:41 | INFO | src.jobs_xlsx.get_macro_data | Macro data_lake has been downloaded | symbol=ADPCHNG | rows=300 | output_path=C:\Users\krm\PycharmProjects\AlternativeData\data_warehouse\raw\macro\USA\ADPCHNG.parquet
2026-07-31 17:21:41 | INFO | src.jobs_xlsx.get_macro_data | Macro data_lake has been downloaded | symbol=FDTR | rows=299 | output_path=C:\Users\krm\PycharmProjects\AlternativeData\data_warehouse\raw\macro\USA\FDTR.parquet
2026-07-31 17:21:41 | INFO | src.jobs_xlsx.get_macro_data | Macro data_lake has been downloaded | symbol=CONCCONF | rows=679 | output_path=C:\Users\krm\PycharmProjects\AlternativeData\data_warehouse\raw\macro\USA\CONCCONF.parquet
2026-07-31 17:21:41 | INFO | src.jobs_xlsx.get_macro_data | Macro data_lake has been downloaded | symbol=CONSSENT | rows=832 | output_path=C:\Users\krm\PycharmProjects\AlternativeData\data_warehouse\raw\macro\USA\CONSSENT.parquet
2026-07-31 17:21:41 | INFO | src.jobs_xlsx.get_macro_data | Macro data_lake has been downloaded | symbol=PCECYOY | rows=679 | output_path=C:\Users\krm\PycharmProjects\AlternativeData\data_warehouse\raw\macro\USA\PCECYOY.parquet
2026-07-31 17:21:41 | INFO | src.jobs_xlsx.get_macro_data | Macro data_lake has been downloaded | symbol=USURTOT | rows=941 | output_path=C:\Users\krm\PycharmProjects\AlternativeData\data_warehouse\raw\macro\USA\USURTOT.parquet
2026-07-31 17:21:41 | INFO | src.jobs_xlsx.get_macro_data | Macro data_lake has been downloaded | symbol=GDPCQQQ | rows=218 | output_path=C:\Users\krm\PycharmProjects\AlternativeData\data_warehouse\raw\macro\USA\GDPCQQQ.parquet
2026-07-31 17:21:41 | INFO | src.jobs_xlsx.get_macro_data | Macro data_lake has been downloaded | symbol=JOLTTOTL | rows=307 | output_path=C:\Users\krm\PycharmProjects\AlternativeData\data_warehouse\raw\macro\USA\JOLTTOTL.parquet
2026-07-31 17:21:41 | INFO | src.jobs_xlsx.get_macro_data | Macro data_lake has been downloaded | symbol=INJCJC | rows=3,108 | output_path=C:\Users\krm\PycharmProjects\AlternativeData\data_warehouse\raw\macro\USA\INJCJC.parquet
2026-07-31 17:21:41 | INFO | src.jobs_xlsx.get_macro_data | Macro data_lake has been downloaded | symbol=AHEMOM | rows=243 | output_path=C:\Users\krm\PycharmProjects\AlternativeData\data_warehouse\raw\macro\USA\AHEMOM.parquet
2026-07-31 17:21:41 | INFO | src.jobs_xlsx.get_macro_data | Macro data_lake has been downloaded | symbol=AHEYOY | rows=98 | output_path=C:\Users\krm\PycharmProjects\AlternativeData\data_warehouse\raw\macro\USA\AHEYOY.parquet
2026-07-31 17:21:41 | INFO | src.jobs_xlsx.get_macro_data | Macro data_lake has been downloaded | symbol=DGNOCHNG | rows=228 | output_path=C:\Users\krm\PycharmProjects\AlternativeData\data_warehouse\raw\macro\USA\DGNOCHNG.parquet
2026-07-31 17:21:41 | INFO | src.jobs_xlsx.get_macro_data | Macro data_lake has been downloaded | symbol=DGNOXTCH | rows=222 | output_path=C:\Users\krm\PycharmProjects\AlternativeData\data_warehouse\raw\macro\USA\DGNOXTCH.parquet
2026-07-31 17:21:42 | INFO | src.jobs_xlsx.get_macro_data | Macro data_lake has been downloaded | symbol=CPICEMU | rows=647 | output_path=C:\Users\krm\PycharmProjects\AlternativeData\data_warehouse\raw\macro\Europe\CPICEMU.parquet
2026-07-31 17:21:42 | INFO | src.jobs_xlsx.get_macro_data | Macro data_lake has been downloaded | symbol=EURUEMEM | rows=339 | output_path=C:\Users\krm\PycharmProjects\AlternativeData\data_warehouse\raw\macro\Europe\EURUEMEM.parquet
2026-07-31 17:21:42 | INFO | src.jobs_xlsx.get_macro_data | Macro data_lake has been downloaded | symbol=EUAPRRT | rows=286 | output_path=C:\Users\krm\PycharmProjects\AlternativeData\data_warehouse\raw\macro\Europe\EUAPRRT.parquet
2026-07-31 17:21:42 | INFO | src.jobs_xlsx.get_macro_data | Macro data_lake has been downloaded | symbol=EUGDEMU | rows=216 | output_path=C:\Users\krm\PycharmProjects\AlternativeData\data_warehouse\raw\macro\Europe\EUGDEMU.parquet
2026-07-31 17:21:42 | INFO | src.jobs_xlsx.get_macro_data | Macro data_lake has been downloaded | symbol=EUGNEMUY | rows=148 | output_path=C:\Users\krm\PycharmProjects\AlternativeData\data_warehouse\raw\macro\Europe\EUGNEMUY.parquet
2026-07-31 17:21:42 | INFO | src.jobs_xlsx.get_macro_data | Macro data_lake has been downloaded | symbol=KOCPIY | rows=679 | output_path=C:\Users\krm\PycharmProjects\AlternativeData\data_warehouse\raw\macro\South Korea\.parquet
2026-07-31 17:21:42 | INFO | src.jobs_xlsx.get_macro_data | Macro data_lake has been downloaded | symbol=KOEXTOTY | rows=789 | output_path=C:\Users\krm\PycharmProjects\AlternativeData\data_warehouse\raw\macro\South Korea\KOEXTOTY.parquet
2026-07-31 17:23:06 | INFO | src.jobs_xlsx.get_macro_data | Macro data_lake has been downloaded | symbol=CPIYOY | rows=678 | output_path=C:\Users\krm\PycharmProjects\AlternativeData\data_warehouse\raw\macro\USA\USCPI_YoY.parquet
2026-07-31 17:23:07 | INFO | src.jobs_xlsx.get_macro_data | Macro data_lake has been downloaded | symbol=PAYEMS | rows=679 | output_path=C:\Users\krm\PycharmProjects\AlternativeData\data_warehouse\raw\macro\USA\Nonfarm_Payrolls.parquet
2026-07-31 17:23:07 | INFO | src.jobs_xlsx.get_macro_data | Macro data_lake has been downloaded | symbol=NAPMPMI | rows=679 | output_path=C:\Users\krm\PycharmProjects\AlternativeData\data_warehouse\raw\macro\USA\NAPMPMI.parquet
2026-07-31 17:23:07 | INFO | src.jobs_xlsx.get_macro_data | Macro data_lake has been downloaded | symbol=NAPMNEWO | rows=679 | output_path=C:\Users\krm\PycharmProjects\AlternativeData\data_warehouse\raw\macro\USA\NAPMNEWO.parquet
2026-07-31 17:23:07 | INFO | src.jobs_xlsx.get_macro_data | Macro data_lake has been downloaded | symbol=NAPMNMI | rows=348 | output_path=C:\Users\krm\PycharmProjects\AlternativeData\data_warehouse\raw\macro\USA\NAPMNMI.parquet
2026-07-31 17:23:07 | INFO | src.jobs_xlsx.get_macro_data | Macro data_lake has been downloaded | symbol=NAPMNNO | rows=348 | output_path=C:\Users\krm\PycharmProjects\AlternativeData\data_warehouse\raw\macro\USA\NAPMNNO.parquet
2026-07-31 17:23:07 | INFO | src.jobs_xlsx.get_macro_data | Macro data_lake has been downloaded | symbol=NAPMNSD | rows=348 | output_path=C:\Users\krm\PycharmProjects\AlternativeData\data_warehouse\raw\macro\USA\NAPMNSD.parquet
2026-07-31 17:23:07 | INFO | src.jobs_xlsx.get_macro_data | Macro data_lake has been downloaded | symbol=ADPCHNG | rows=300 | output_path=C:\Users\krm\PycharmProjects\AlternativeData\data_warehouse\raw\macro\USA\ADPCHNG.parquet
2026-07-31 17:23:07 | INFO | src.jobs_xlsx.get_macro_data | Macro data_lake has been downloaded | symbol=FDTR | rows=299 | output_path=C:\Users\krm\PycharmProjects\AlternativeData\data_warehouse\raw\macro\USA\FDTR.parquet
2026-07-31 17:23:07 | INFO | src.jobs_xlsx.get_macro_data | Macro data_lake has been downloaded | symbol=CONCCONF | rows=679 | output_path=C:\Users\krm\PycharmProjects\AlternativeData\data_warehouse\raw\macro\USA\CONCCONF.parquet
2026-07-31 17:23:07 | INFO | src.jobs_xlsx.get_macro_data | Macro data_lake has been downloaded | symbol=CONSSENT | rows=832 | output_path=C:\Users\krm\PycharmProjects\AlternativeData\data_warehouse\raw\macro\USA\CONSSENT.parquet
2026-07-31 17:23:07 | INFO | src.jobs_xlsx.get_macro_data | Macro data_lake has been downloaded | symbol=PCECYOY | rows=679 | output_path=C:\Users\krm\PycharmProjects\AlternativeData\data_warehouse\raw\macro\USA\PCECYOY.parquet
2026-07-31 17:23:07 | INFO | src.jobs_xlsx.get_macro_data | Macro data_lake has been downloaded | symbol=USURTOT | rows=941 | output_path=C:\Users\krm\PycharmProjects\AlternativeData\data_warehouse\raw\macro\USA\USURTOT.parquet
2026-07-31 17:23:07 | INFO | src.jobs_xlsx.get_macro_data | Macro data_lake has been downloaded | symbol=GDPCQQQ | rows=218 | output_path=C:\Users\krm\PycharmProjects\AlternativeData\data_warehouse\raw\macro\USA\GDPCQQQ.parquet
2026-07-31 17:23:07 | INFO | src.jobs_xlsx.get_macro_data | Macro data_lake has been downloaded | symbol=JOLTTOTL | rows=307 | output_path=C:\Users\krm\PycharmProjects\AlternativeData\data_warehouse\raw\macro\USA\JOLTTOTL.parquet
2026-07-31 17:23:07 | INFO | src.jobs_xlsx.get_macro_data | Macro data_lake has been downloaded | symbol=INJCJC | rows=3,108 | output_path=C:\Users\krm\PycharmProjects\AlternativeData\data_warehouse\raw\macro\USA\INJCJC.parquet
2026-07-31 17:23:07 | INFO | src.jobs_xlsx.get_macro_data | Macro data_lake has been downloaded | symbol=AHEMOM | rows=243 | output_path=C:\Users\krm\PycharmProjects\AlternativeData\data_warehouse\raw\macro\USA\AHEMOM.parquet
2026-07-31 17:23:07 | INFO | src.jobs_xlsx.get_macro_data | Macro data_lake has been downloaded | symbol=AHEYOY | rows=98 | output_path=C:\Users\krm\PycharmProjects\AlternativeData\data_warehouse\raw\macro\USA\AHEYOY.parquet
2026-07-31 17:23:08 | INFO | src.jobs_xlsx.get_macro_data | Macro data_lake has been downloaded | symbol=DGNOCHNG | rows=228 | output_path=C:\Users\krm\PycharmProjects\AlternativeData\data_warehouse\raw\macro\USA\DGNOCHNG.parquet
2026-07-31 17:23:08 | INFO | src.jobs_xlsx.get_macro_data | Macro data_lake has been downloaded | symbol=DGNOXTCH | rows=222 | output_path=C:\Users\krm\PycharmProjects\AlternativeData\data_warehouse\raw\macro\USA\DGNOXTCH.parquet
2026-07-31 17:23:08 | INFO | src.jobs_xlsx.get_macro_data | Macro data_lake has been downloaded | symbol=CPICEMU | rows=647 | output_path=C:\Users\krm\PycharmProjects\AlternativeData\data_warehouse\raw\macro\Europe\CPICEMU.parquet
2026-07-31 17:23:08 | INFO | src.jobs_xlsx.get_macro_data | Macro data_lake has been downloaded | symbol=EURUEMEM | rows=339 | output_path=C:\Users\krm\PycharmProjects\AlternativeData\data_warehouse\raw\macro\Europe\EURUEMEM.parquet
2026-07-31 17:23:08 | INFO | src.jobs_xlsx.get_macro_data | Macro data_lake has been downloaded | symbol=EUAPRRT | rows=286 | output_path=C:\Users\krm\PycharmProjects\AlternativeData\data_warehouse\raw\macro\Europe\EUAPRRT.parquet
2026-07-31 17:23:08 | INFO | src.jobs_xlsx.get_macro_data | Macro data_lake has been downloaded | symbol=EUGDEMU | rows=216 | output_path=C:\Users\krm\PycharmProjects\AlternativeData\data_warehouse\raw\macro\Europe\EUGDEMU.parquet
2026-07-31 17:23:08 | INFO | src.jobs_xlsx.get_macro_data | Macro data_lake has been downloaded | symbol=EUGNEMUY | rows=148 | output_path=C:\Users\krm\PycharmProjects\AlternativeData\data_warehouse\raw\macro\Europe\EUGNEMUY.parquet
2026-07-31 17:23:08 | INFO | src.jobs_xlsx.get_macro_data | Macro data_lake has been downloaded | symbol=KOCPIY | rows=679 | output_path=C:\Users\krm\PycharmProjects\AlternativeData\data_warehouse\raw\macro\South Korea\.parquet
2026-07-31 17:23:08 | INFO | src.jobs_xlsx.get_macro_data | Macro data_lake has been downloaded | symbol=KOEXTOTY | rows=789 | output_path=C:\Users\krm\PycharmProjects\AlternativeData\data_warehouse\raw\macro\South Korea\KOEXTOTY.parquet
2026-07-31 17:23:35 | INFO | src.jobs_xlsx.get_macro_data | Macro data_lake has been downloaded | symbol=CPIYOY | rows=678 | output_path=C:\Users\krm\PycharmProjects\AlternativeData\data_warehouse\raw\macro\USA\USCPI_YoY.parquet
2026-07-31 17:23:35 | INFO | src.jobs_xlsx.get_macro_data | Macro data_lake has been downloaded | symbol=PAYEMS | rows=679 | output_path=C:\Users\krm\PycharmProjects\AlternativeData\data_warehouse\raw\macro\USA\Nonfarm_Payrolls.parquet
2026-07-31 17:23:35 | INFO | src.jobs_xlsx.get_macro_data | Macro data_lake has been downloaded | symbol=NAPMPMI | rows=679 | output_path=C:\Users\krm\PycharmProjects\AlternativeData\data_warehouse\raw\macro\USA\NAPMPMI.parquet
2026-07-31 17:23:36 | INFO | src.jobs_xlsx.get_macro_data | Macro data_lake has been downloaded | symbol=NAPMNEWO | rows=679 | output_path=C:\Users\krm\PycharmProjects\AlternativeData\data_warehouse\raw\macro\USA\NAPMNEWO.parquet
2026-07-31 17:23:36 | INFO | src.jobs_xlsx.get_macro_data | Macro data_lake has been downloaded | symbol=NAPMNMI | rows=348 | output_path=C:\Users\krm\PycharmProjects\AlternativeData\data_warehouse\raw\macro\USA\NAPMNMI.parquet
2026-07-31 17:23:36 | INFO | src.jobs_xlsx.get_macro_data | Macro data_lake has been downloaded | symbol=NAPMNNO | rows=348 | output_path=C:\Users\krm\PycharmProjects\AlternativeData\data_warehouse\raw\macro\USA\NAPMNNO.parquet
2026-07-31 17:23:36 | INFO | src.jobs_xlsx.get_macro_data | Macro data_lake has been downloaded | symbol=NAPMNSD | rows=348 | output_path=C:\Users\krm\PycharmProjects\AlternativeData\data_warehouse\raw\macro\USA\NAPMNSD.parquet
2026-07-31 17:23:36 | INFO | src.jobs_xlsx.get_macro_data | Macro data_lake has been downloaded | symbol=ADPCHNG | rows=300 | output_path=C:\Users\krm\PycharmProjects\AlternativeData\data_warehouse\raw\macro\USA\ADPCHNG.parquet
2026-07-31 17:23:36 | INFO | src.jobs_xlsx.get_macro_data | Macro data_lake has been downloaded | symbol=FDTR | rows=299 | output_path=C:\Users\krm\PycharmProjects\AlternativeData\data_warehouse\raw\macro\USA\FDTR.parquet
2026-07-31 17:23:36 | INFO | src.jobs_xlsx.get_macro_data | Macro data_lake has been downloaded | symbol=CONCCONF | rows=679 | output_path=C:\Users\krm\PycharmProjects\AlternativeData\data_warehouse\raw\macro\USA\CONCCONF.parquet
2026-07-31 17:23:36 | INFO | src.jobs_xlsx.get_macro_data | Macro data_lake has been downloaded | symbol=CONSSENT | rows=832 | output_path=C:\Users\krm\PycharmProjects\AlternativeData\data_warehouse\raw\macro\USA\CONSSENT.parquet
2026-07-31 17:23:36 | INFO | src.jobs_xlsx.get_macro_data | Macro data_lake has been downloaded | symbol=PCECYOY | rows=679 | output_path=C:\Users\krm\PycharmProjects\AlternativeData\data_warehouse\raw\macro\USA\PCECYOY.parquet
2026-07-31 17:23:36 | INFO | src.jobs_xlsx.get_macro_data | Macro data_lake has been downloaded | symbol=USURTOT | rows=941 | output_path=C:\Users\krm\PycharmProjects\AlternativeData\data_warehouse\raw\macro\USA\USURTOT.parquet
2026-07-31 17:23:36 | INFO | src.jobs_xlsx.get_macro_data | Macro data_lake has been downloaded | symbol=GDPCQQQ | rows=218 | output_path=C:\Users\krm\PycharmProjects\AlternativeData\data_warehouse\raw\macro\USA\GDPCQQQ.parquet
2026-07-31 17:23:36 | INFO | src.jobs_xlsx.get_macro_data | Macro data_lake has been downloaded | symbol=JOLTTOTL | rows=307 | output_path=C:\Users\krm\PycharmProjects\AlternativeData\data_warehouse\raw\macro\USA\JOLTTOTL.parquet
2026-07-31 17:23:36 | INFO | src.jobs_xlsx.get_macro_data | Macro data_lake has been downloaded | symbol=INJCJC | rows=3,108 | output_path=C:\Users\krm\PycharmProjects\AlternativeData\data_warehouse\raw\macro\USA\INJCJC.parquet
2026-07-31 17:23:36 | INFO | src.jobs_xlsx.get_macro_data | Macro data_lake has been downloaded | symbol=AHEMOM | rows=243 | output_path=C:\Users\krm\PycharmProjects\AlternativeData\data_warehouse\raw\macro\USA\AHEMOM.parquet
2026-07-31 17:23:36 | INFO | src.jobs_xlsx.get_macro_data | Macro data_lake has been downloaded | symbol=AHEYOY | rows=98 | output_path=C:\Users\krm\PycharmProjects\AlternativeData\data_warehouse\raw\macro\USA\AHEYOY.parquet
2026-07-31 17:23:37 | INFO | src.jobs_xlsx.get_macro_data | Macro data_lake has been downloaded | symbol=DGNOCHNG | rows=228 | output_path=C:\Users\krm\PycharmProjects\AlternativeData\data_warehouse\raw\macro\USA\DGNOCHNG.parquet
2026-07-31 17:23:37 | INFO | src.jobs_xlsx.get_macro_data | Macro data_lake has been downloaded | symbol=DGNOXTCH | rows=222 | output_path=C:\Users\krm\PycharmProjects\AlternativeData\data_warehouse\raw\macro\USA\DGNOXTCH.parquet
2026-07-31 17:23:37 | INFO | src.jobs_xlsx.get_macro_data | Macro data_lake has been downloaded | symbol=CPICEMU | rows=647 | output_path=C:\Users\krm\PycharmProjects\AlternativeData\data_warehouse\raw\macro\Europe\CPICEMU.parquet
2026-07-31 17:23:37 | INFO | src.jobs_xlsx.get_macro_data | Macro data_lake has been downloaded | symbol=EURUEMEM | rows=339 | output_path=C:\Users\krm\PycharmProjects\AlternativeData\data_warehouse\raw\macro\Europe\EURUEMEM.parquet
2026-07-31 17:23:37 | INFO | src.jobs_xlsx.get_macro_data | Macro data_lake has been downloaded | symbol=EUAPRRT | rows=286 | output_path=C:\Users\krm\PycharmProjects\AlternativeData\data_warehouse\raw\macro\Europe\EUAPRRT.parquet
2026-07-31 17:23:37 | INFO | src.jobs_xlsx.get_macro_data | Macro data_lake has been downloaded | symbol=EUGDEMU | rows=216 | output_path=C:\Users\krm\PycharmProjects\AlternativeData\data_warehouse\raw\macro\Europe\EUGDEMU.parquet
2026-07-31 17:23:37 | INFO | src.jobs_xlsx.get_macro_data | Macro data_lake has been downloaded | symbol=EUGNEMUY | rows=148 | output_path=C:\Users\krm\PycharmProjects\AlternativeData\data_warehouse\raw\macro\Europe\EUGNEMUY.parquet
2026-07-31 17:23:37 | INFO | src.jobs_xlsx.get_macro_data | Macro data_lake has been downloaded | symbol=KOCPIY | rows=679 | output_path=C:\Users\krm\PycharmProjects\AlternativeData\data_warehouse\raw\macro\South Korea\.parquet
2026-07-31 17:23:37 | INFO | src.jobs_xlsx.get_macro_data | Macro data_lake has been downloaded | symbol=KOEXTOTY | rows=789 | output_path=C:\Users\krm\PycharmProjects\AlternativeData\data_warehouse\raw\macro\South Korea\KOEXTOTY.parquet
2026-07-31 17:23:37 | INFO | src.jobs_xlsx.get_macro_data | Macro data_lake has been downloaded | symbol=KORSLM | rows=193 | output_path=C:\Users\krm\PycharmProjects\AlternativeData\data_warehouse\raw\macro\South Korea\KORSLM.parquet
2026-07-31 17:23:37 | INFO | src.jobs_xlsx.get_macro_data | Macro data_lake has been downloaded | symbol=KORP7DR | rows=292 | output_path=C:\Users\krm\PycharmProjects\AlternativeData\data_warehouse\raw\macro\South Korea\KORP7DR.parquet
2026-07-31 17:23:37 | INFO | src.jobs_xlsx.get_macro_data | Macro data_lake has been downloaded | symbol=KOM2Y | rows=366 | output_path=C:\Users\krm\PycharmProjects\AlternativeData\data_warehouse\raw\macro\South Korea\KOM2Y.parquet
2026-07-31 17:23:37 | INFO | src.jobs_xlsx.get_macro_data | Macro data_lake has been downloaded | symbol=KORPOMOM | rows=558 | output_path=C:\Users\krm\PycharmProjects\AlternativeData\data_warehouse\raw\macro\South Korea\KORPOMOM.parquet
2026-07-31 17:23:37 | INFO | src.jobs_xlsx.get_macro_data | Macro data_lake has been downloaded | symbol=KORPIYOY | rows=608 | output_path=C:\Users\krm\PycharmProjects\AlternativeData\data_warehouse\raw\macro\South Korea\KORPIYOY.parquet
2026-07-31 17:23:37 | INFO | src.jobs_xlsx.get_macro_data | Macro data_lake has been downloaded | symbol=SKCCSI | rows=216 | output_path=C:\Users\krm\PycharmProjects\AlternativeData\data_warehouse\raw\macro\South Korea\SKCCSI.parquet
2026-07-31 17:23:37 | INFO | src.jobs_xlsx.get_macro_data | Macro data_lake has been downloaded | symbol=JPCPIYOY | rows=666 | output_path=C:\Users\krm\PycharmProjects\AlternativeData\data_warehouse\raw\macro\Japan\JPCPIYOY.parquet
2026-07-31 17:23:37 | INFO | src.jobs_xlsx.get_macro_data | Macro data_lake has been downloaded | symbol=JCPNEFEY | rows=130 | output_path=C:\Users\krm\PycharmProjects\AlternativeData\data_warehouse\raw\macro\Japan\JCPNEFEY.parquet
2026-07-31 17:23:37 | INFO | src.jobs_xlsx.get_macro_data | Macro data_lake has been downloaded | symbol=BOJDTR | rows=200 | output_path=C:\Users\krm\PycharmProjects\AlternativeData\data_warehouse\raw\macro\Japan\BOJDTR.parquet
2026-07-31 17:23:37 | INFO | src.jobs_xlsx.get_macro_data | Macro data_lake has been downloaded | symbol=PITLJMOM | rows=898 | output_path=C:\Users\krm\PycharmProjects\AlternativeData\data_warehouse\raw\macro\Japan\PITLJMOM.parquet
2026-07-31 17:23:37 | INFO | src.jobs_xlsx.get_macro_data | Macro data_lake has been downloaded | symbol=CNCPIYOY | rows=483 | output_path=C:\Users\krm\PycharmProjects\AlternativeData\data_warehouse\raw\macro\China\CNCPIYOY.parquet
2026-07-31 17:23:37 | INFO | src.jobs_xlsx.get_macro_data | Macro data_lake has been downloaded | symbol=CPMINDX | rows=258 | output_path=C:\Users\krm\PycharmProjects\AlternativeData\data_warehouse\raw\macro\China\CPMINDX.parquet
2026-07-31 17:23:37 | INFO | src.jobs_xlsx.get_macro_data | Macro data_lake has been downloaded | symbol=CPMINMNS | rows=258 | output_path=C:\Users\krm\PycharmProjects\AlternativeData\data_warehouse\raw\macro\China\CPMINMNS.parquet
2026-07-31 17:23:38 | INFO | src.jobs_xlsx.get_macro_data | Macro data_lake has been downloaded | symbol=CAIXINPMI | rows=253 | output_path=C:\Users\krm\PycharmProjects\AlternativeData\data_warehouse\raw\macro\China\CAIXINPMI.parquet
