2026-06-14 16:49:17 | INFO | src.jobs_xlsx.trendforce.get_dx_comp_index | TrendForce industry data job started | input_dir=/Users/tommy/Desktop/Pycharm/FinancialData/data/industry/TrendForce | metadata_path=/Users/tommy/Desktop/Pycharm/FinancialData/data/metadata.xlsx
2026-06-14 16:56:30 | INFO | src.jobs_xlsx.trendforce.get_dx_comp_index | TrendForce industry data job started | input_dir=/Users/tommy/Desktop/Pycharm/FinancialData/data/industry/TrendForce | metadata_path=/Users/tommy/Desktop/Pycharm/FinancialData/data/metadata.xlsx
2026-06-14 16:56:30 | INFO | src.jobs_xlsx.trendforce.get_dx_comp_index | TrendForce metadata loaded | symbols=117
2026-06-14 16:56:30 | INFO | src.jobs_xlsx.trendforce.get_dx_comp_index | TrendForce sheet loaded | file=DRAM.xlsx | sheet=DRAM | mode=multi_field | rows=283 | columns=25
2026-06-14 16:56:30 | INFO | src.jobs_xlsx.trendforce.get_dx_comp_index | TrendForce sheet transformed | file=DRAM.xlsx | sheet=DRAM | category=DRAM | sub_category=DDR | rows=1981
2026-06-14 16:56:30 | INFO | src.jobs_xlsx.trendforce.get_dx_comp_index | TrendForce sheet loaded | file=DRAM.xlsx | sheet=DRAM Contract | mode=multi_field | rows=6 | columns=25
2026-06-14 16:56:30 | INFO | src.jobs_xlsx.trendforce.get_dx_comp_index | TrendForce sheet transformed | file=DRAM.xlsx | sheet=DRAM Contract | category=DRAM | sub_category=DDR | rows=37
2026-06-14 16:56:30 | INFO | src.jobs_xlsx.trendforce.get_dx_comp_index | TrendForce sheet loaded | file=DRAM.xlsx | sheet=Module | mode=multi_field | rows=21 | columns=13
2026-06-14 16:56:30 | INFO | src.jobs_xlsx.trendforce.get_dx_comp_index | TrendForce sheet transformed | file=DRAM.xlsx | sheet=Module | category=DRAM | sub_category=Module | rows=63
2026-06-14 16:56:30 | INFO | src.jobs_xlsx.trendforce.get_dx_comp_index | TrendForce sheet loaded | file=DRAM.xlsx | sheet=GDDR | mode=multi_field | rows=21 | columns=10
2026-06-14 16:56:30 | INFO | src.jobs_xlsx.trendforce.get_dx_comp_index | TrendForce sheet transformed | file=DRAM.xlsx | sheet=GDDR | category=DRAM | sub_category=GDDR | rows=42
2026-06-14 16:56:30 | INFO | src.jobs_xlsx.trendforce.get_dx_comp_index | TrendForce workbook transformed | file=DRAM.xlsx | rows=2123
2026-06-14 16:56:30 | INFO | src.jobs_xlsx.trendforce.get_dx_comp_index | TrendForce sheet loaded | file=NAND Flash.xlsx | sheet=Flash | mode=multi_field | rows=19 | columns=16
2026-06-14 16:56:30 | INFO | src.jobs_xlsx.trendforce.get_dx_comp_index | TrendForce sheet transformed | file=NAND Flash.xlsx | sheet=Flash | category=Flash Memory | sub_category=NAND | rows=76
2026-06-14 16:56:30 | INFO | src.jobs_xlsx.trendforce.get_dx_comp_index | TrendForce sheet loaded | file=NAND Flash.xlsx | sheet=Flash Contract | mode=multi_field | rows=5 | columns=13
2026-06-14 16:56:30 | INFO | src.jobs_xlsx.trendforce.get_dx_comp_index | TrendForce sheet transformed | file=NAND Flash.xlsx | sheet=Flash Contract | category=Flash Memory | sub_category=NAND | rows=15
2026-06-14 16:56:30 | INFO | src.jobs_xlsx.trendforce.get_dx_comp_index | TrendForce sheet loaded | file=NAND Flash.xlsx | sheet=Wafer | mode=multi_field | rows=19 | columns=13
2026-06-14 16:56:30 | INFO | src.jobs_xlsx.trendforce.get_dx_comp_index | TrendForce sheet transformed | file=NAND Flash.xlsx | sheet=Wafer | category=Flash Memory | sub_category=Wafer | rows=57
2026-06-14 16:56:30 | INFO | src.jobs_xlsx.trendforce.get_dx_comp_index | TrendForce sheet loaded | file=NAND Flash.xlsx | sheet=Memory Card | mode=multi_field | rows=19 | columns=16
2026-06-14 16:56:30 | INFO | src.jobs_xlsx.trendforce.get_dx_comp_index | TrendForce sheet transformed | file=NAND Flash.xlsx | sheet=Memory Card | category=Flash Memory | sub_category=Micro SD | rows=76
2026-06-14 16:56:30 | INFO | src.jobs_xlsx.trendforce.get_dx_comp_index | TrendForce sheet loaded | file=NAND Flash.xlsx | sheet=PC-Client OEM SSD | mode=multi_field | rows=3 | columns=13
2026-06-14 16:56:30 | INFO | src.jobs_xlsx.trendforce.get_dx_comp_index | TrendForce sheet transformed | file=NAND Flash.xlsx | sheet=PC-Client OEM SSD | category=Flash Memory | sub_category=SSD | rows=9
2026-06-14 16:56:30 | INFO | src.jobs_xlsx.trendforce.get_dx_comp_index | TrendForce sheet loaded | file=NAND Flash.xlsx | sheet=SSD Street | mode=multi_field | rows=10 | columns=22
2026-06-14 16:58:23 | INFO | src.jobs_xlsx.trendforce.get_dx_comp_index | TrendForce industry data job started | input_dir=/Users/tommy/Desktop/Pycharm/FinancialData/data/industry/TrendForce | metadata_path=/Users/tommy/Desktop/Pycharm/FinancialData/data/metadata.xlsx
2026-06-14 16:58:23 | INFO | src.jobs_xlsx.trendforce.get_dx_comp_index | TrendForce metadata loaded | symbols=117
2026-06-14 16:58:23 | INFO | src.jobs_xlsx.trendforce.get_dx_comp_index | TrendForce sheet loaded | file=DRAM.xlsx | sheet=DRAM | mode=multi_field | rows=283 | columns=25
2026-06-14 16:58:23 | INFO | src.jobs_xlsx.trendforce.get_dx_comp_index | TrendForce sheet transformed | file=DRAM.xlsx | sheet=DRAM | category=DRAM | sub_category=DDR | rows=1981
2026-06-14 16:58:23 | INFO | src.jobs_xlsx.trendforce.get_dx_comp_index | TrendForce sheet loaded | file=DRAM.xlsx | sheet=DRAM Contract | mode=multi_field | rows=6 | columns=25
2026-06-14 16:58:23 | INFO | src.jobs_xlsx.trendforce.get_dx_comp_index | TrendForce sheet transformed | file=DRAM.xlsx | sheet=DRAM Contract | category=DRAM | sub_category=DDR | rows=37
2026-06-14 16:58:23 | INFO | src.jobs_xlsx.trendforce.get_dx_comp_index | TrendForce sheet loaded | file=DRAM.xlsx | sheet=Module | mode=multi_field | rows=21 | columns=13
2026-06-14 16:58:23 | INFO | src.jobs_xlsx.trendforce.get_dx_comp_index | TrendForce sheet transformed | file=DRAM.xlsx | sheet=Module | category=DRAM | sub_category=Module | rows=63
2026-06-14 16:58:23 | INFO | src.jobs_xlsx.trendforce.get_dx_comp_index | TrendForce sheet loaded | file=DRAM.xlsx | sheet=GDDR | mode=multi_field | rows=21 | columns=10
2026-06-14 16:58:23 | INFO | src.jobs_xlsx.trendforce.get_dx_comp_index | TrendForce sheet transformed | file=DRAM.xlsx | sheet=GDDR | category=DRAM | sub_category=GDDR | rows=42
2026-06-14 16:58:23 | INFO | src.jobs_xlsx.trendforce.get_dx_comp_index | TrendForce workbook transformed | file=DRAM.xlsx | rows=2123
2026-06-14 16:58:23 | INFO | src.jobs_xlsx.trendforce.get_dx_comp_index | TrendForce sheet loaded | file=NAND Flash.xlsx | sheet=Flash | mode=multi_field | rows=19 | columns=16
2026-06-14 16:58:23 | INFO | src.jobs_xlsx.trendforce.get_dx_comp_index | TrendForce sheet transformed | file=NAND Flash.xlsx | sheet=Flash | category=Flash Memory | sub_category=NAND | rows=76
2026-06-14 16:58:23 | INFO | src.jobs_xlsx.trendforce.get_dx_comp_index | TrendForce sheet loaded | file=NAND Flash.xlsx | sheet=Flash Contract | mode=multi_field | rows=5 | columns=13
2026-06-14 16:58:23 | INFO | src.jobs_xlsx.trendforce.get_dx_comp_index | TrendForce sheet transformed | file=NAND Flash.xlsx | sheet=Flash Contract | category=Flash Memory | sub_category=NAND | rows=15
2026-06-14 16:58:23 | INFO | src.jobs_xlsx.trendforce.get_dx_comp_index | TrendForce sheet loaded | file=NAND Flash.xlsx | sheet=Wafer | mode=multi_field | rows=19 | columns=13
2026-06-14 16:58:23 | INFO | src.jobs_xlsx.trendforce.get_dx_comp_index | TrendForce sheet transformed | file=NAND Flash.xlsx | sheet=Wafer | category=Flash Memory | sub_category=Wafer | rows=57
2026-06-14 16:58:23 | INFO | src.jobs_xlsx.trendforce.get_dx_comp_index | TrendForce sheet loaded | file=NAND Flash.xlsx | sheet=Memory Card | mode=multi_field | rows=19 | columns=16
2026-06-14 16:58:23 | INFO | src.jobs_xlsx.trendforce.get_dx_comp_index | TrendForce sheet transformed | file=NAND Flash.xlsx | sheet=Memory Card | category=Flash Memory | sub_category=Micro SD | rows=76
2026-06-14 16:58:23 | INFO | src.jobs_xlsx.trendforce.get_dx_comp_index | TrendForce sheet loaded | file=NAND Flash.xlsx | sheet=PC-Client OEM SSD | mode=multi_field | rows=3 | columns=13
2026-06-14 16:58:23 | INFO | src.jobs_xlsx.trendforce.get_dx_comp_index | TrendForce sheet transformed | file=NAND Flash.xlsx | sheet=PC-Client OEM SSD | category=Flash Memory | sub_category=SSD | rows=9
2026-06-14 16:58:23 | INFO | src.jobs_xlsx.trendforce.get_dx_comp_index | TrendForce sheet loaded | file=NAND Flash.xlsx | sheet=SSD Street | mode=multi_field | rows=10 | columns=22
2026-06-14 16:58:50 | INFO | src.jobs_xlsx.trendforce.get_dx_comp_index | TrendForce industry data job started | input_dir=/Users/tommy/Desktop/Pycharm/FinancialData/data/industry/TrendForce | metadata_path=/Users/tommy/Desktop/Pycharm/FinancialData/data/metadata.xlsx
2026-06-14 16:58:50 | INFO | src.jobs_xlsx.trendforce.get_dx_comp_index | TrendForce metadata loaded | symbols=117
2026-06-14 16:58:50 | INFO | src.jobs_xlsx.trendforce.get_dx_comp_index | TrendForce sheet loaded | file=DRAM.xlsx | sheet=DRAM | mode=multi_field | rows=283 | columns=25
2026-06-14 16:58:50 | INFO | src.jobs_xlsx.trendforce.get_dx_comp_index | TrendForce sheet transformed | file=DRAM.xlsx | sheet=DRAM | category=DRAM | sub_category=DDR | rows=1981
2026-06-14 16:58:50 | INFO | src.jobs_xlsx.trendforce.get_dx_comp_index | TrendForce sheet loaded | file=DRAM.xlsx | sheet=DRAM Contract | mode=multi_field | rows=6 | columns=25
2026-06-14 16:58:50 | INFO | src.jobs_xlsx.trendforce.get_dx_comp_index | TrendForce sheet transformed | file=DRAM.xlsx | sheet=DRAM Contract | category=DRAM | sub_category=DDR | rows=37
2026-06-14 16:58:50 | INFO | src.jobs_xlsx.trendforce.get_dx_comp_index | TrendForce sheet loaded | file=DRAM.xlsx | sheet=Module | mode=multi_field | rows=21 | columns=13
2026-06-14 16:58:50 | INFO | src.jobs_xlsx.trendforce.get_dx_comp_index | TrendForce sheet transformed | file=DRAM.xlsx | sheet=Module | category=DRAM | sub_category=Module | rows=63
2026-06-14 16:58:50 | INFO | src.jobs_xlsx.trendforce.get_dx_comp_index | TrendForce sheet loaded | file=DRAM.xlsx | sheet=GDDR | mode=multi_field | rows=21 | columns=10
2026-06-14 16:58:50 | INFO | src.jobs_xlsx.trendforce.get_dx_comp_index | TrendForce sheet transformed | file=DRAM.xlsx | sheet=GDDR | category=DRAM | sub_category=GDDR | rows=42
2026-06-14 16:58:50 | INFO | src.jobs_xlsx.trendforce.get_dx_comp_index | TrendForce workbook transformed | file=DRAM.xlsx | rows=2123
2026-06-14 16:58:50 | INFO | src.jobs_xlsx.trendforce.get_dx_comp_index | TrendForce sheet loaded | file=NAND Flash.xlsx | sheet=Flash | mode=multi_field | rows=19 | columns=16
2026-06-14 16:58:51 | INFO | src.jobs_xlsx.trendforce.get_dx_comp_index | TrendForce sheet transformed | file=NAND Flash.xlsx | sheet=Flash | category=Flash Memory | sub_category=NAND | rows=76
2026-06-14 16:58:51 | INFO | src.jobs_xlsx.trendforce.get_dx_comp_index | TrendForce sheet loaded | file=NAND Flash.xlsx | sheet=Flash Contract | mode=multi_field | rows=5 | columns=13
2026-06-14 16:58:51 | INFO | src.jobs_xlsx.trendforce.get_dx_comp_index | TrendForce sheet transformed | file=NAND Flash.xlsx | sheet=Flash Contract | category=Flash Memory | sub_category=NAND | rows=15
2026-06-14 16:58:51 | INFO | src.jobs_xlsx.trendforce.get_dx_comp_index | TrendForce sheet loaded | file=NAND Flash.xlsx | sheet=Wafer | mode=multi_field | rows=19 | columns=13
2026-06-14 16:58:51 | INFO | src.jobs_xlsx.trendforce.get_dx_comp_index | TrendForce sheet transformed | file=NAND Flash.xlsx | sheet=Wafer | category=Flash Memory | sub_category=Wafer | rows=57
2026-06-14 16:58:51 | INFO | src.jobs_xlsx.trendforce.get_dx_comp_index | TrendForce sheet loaded | file=NAND Flash.xlsx | sheet=Memory Card | mode=multi_field | rows=19 | columns=16
2026-06-14 16:58:51 | INFO | src.jobs_xlsx.trendforce.get_dx_comp_index | TrendForce sheet transformed | file=NAND Flash.xlsx | sheet=Memory Card | category=Flash Memory | sub_category=Micro SD | rows=76
2026-06-14 16:58:51 | INFO | src.jobs_xlsx.trendforce.get_dx_comp_index | TrendForce sheet loaded | file=NAND Flash.xlsx | sheet=PC-Client OEM SSD | mode=multi_field | rows=3 | columns=13
2026-06-14 16:58:51 | INFO | src.jobs_xlsx.trendforce.get_dx_comp_index | TrendForce sheet transformed | file=NAND Flash.xlsx | sheet=PC-Client OEM SSD | category=Flash Memory | sub_category=SSD | rows=9
2026-06-14 16:58:51 | INFO | src.jobs_xlsx.trendforce.get_dx_comp_index | TrendForce sheet loaded | file=NAND Flash.xlsx | sheet=SSD Street | mode=multi_field | rows=10 | columns=22
2026-06-14 16:58:51 | INFO | src.jobs_xlsx.trendforce.get_dx_comp_index | TrendForce sheet transformed | file=NAND Flash.xlsx | sheet=SSD Street | category=Flash Memory | sub_category=SSD | rows=50
2026-06-14 16:58:51 | INFO | src.jobs_xlsx.trendforce.get_dx_comp_index | TrendForce workbook transformed | file=NAND Flash.xlsx | rows=283
2026-06-14 16:58:51 | INFO | src.jobs_xlsx.trendforce.get_dx_comp_index | TrendForce sheet loaded | file=PV.xlsx | sheet=Polysilicon | mode=multi_field | rows=19 | columns=16
2026-06-14 16:58:51 | INFO | src.jobs_xlsx.trendforce.get_dx_comp_index | TrendForce sheet transformed | file=PV.xlsx | sheet=Polysilicon | category=PV | sub_category=Polysilicon | rows=76
2026-06-14 16:58:51 | INFO | src.jobs_xlsx.trendforce.get_dx_comp_index | TrendForce sheet loaded | file=PV.xlsx | sheet=Wafer | mode=multi_field | rows=19 | columns=13
2026-06-14 16:58:51 | INFO | src.jobs_xlsx.trendforce.get_dx_comp_index | TrendForce sheet transformed | file=PV.xlsx | sheet=Wafer | category=PV | sub_category=Wafer | rows=57
2026-06-14 16:58:51 | INFO | src.jobs_xlsx.trendforce.get_dx_comp_index | TrendForce sheet loaded | file=PV.xlsx | sheet=Cell | mode=multi_field | rows=19 | columns=13
2026-06-14 16:58:51 | INFO | src.jobs_xlsx.trendforce.get_dx_comp_index | TrendForce sheet transformed | file=PV.xlsx | sheet=Cell | category=PV | sub_category=Cell | rows=57
2026-06-14 16:58:51 | INFO | src.jobs_xlsx.trendforce.get_dx_comp_index | TrendForce sheet loaded | file=PV.xlsx | sheet=Module | mode=multi_field | rows=19 | columns=10
2026-06-14 16:58:51 | INFO | src.jobs_xlsx.trendforce.get_dx_comp_index | TrendForce sheet transformed | file=PV.xlsx | sheet=Module | category=PV | sub_category=Module | rows=38
2026-06-14 16:58:51 | INFO | src.jobs_xlsx.trendforce.get_dx_comp_index | TrendForce sheet loaded | file=PV.xlsx | sheet=PV Glass | mode=multi_field | rows=19 | columns=13
2026-06-14 16:58:51 | INFO | src.jobs_xlsx.trendforce.get_dx_comp_index | TrendForce sheet transformed | file=PV.xlsx | sheet=PV Glass | category=PV | sub_category=PV Glass | rows=57
2026-06-14 16:58:51 | INFO | src.jobs_xlsx.trendforce.get_dx_comp_index | TrendForce workbook transformed | file=PV.xlsx | rows=285
2026-06-14 16:58:51 | INFO | src.jobs_xlsx.trendforce.get_dx_comp_index | TrendForce sheet loaded | file=TFT LCD.xlsx | sheet=Large Size Panel | mode=multi_field | rows=5 | columns=16
2026-06-14 16:58:51 | INFO | src.jobs_xlsx.trendforce.get_dx_comp_index | TrendForce sheet transformed | file=TFT LCD.xlsx | sheet=Large Size Panel | category=TFTLCD | sub_category=Large Panel | rows=15
2026-06-14 16:58:51 | INFO | src.jobs_xlsx.trendforce.get_dx_comp_index | TrendForce sheet loaded | file=TFT LCD.xlsx | sheet=LCD Smartphone Panel | mode=multi_field | rows=6 | columns=12
2026-06-14 16:58:51 | INFO | src.jobs_xlsx.trendforce.get_dx_comp_index | TrendForce sheet transformed | file=TFT LCD.xlsx | sheet=LCD Smartphone Panel | category=TFTLCD | sub_category=Smartphone Panel | rows=12
2026-06-14 16:58:51 | INFO | src.jobs_xlsx.trendforce.get_dx_comp_index | TrendForce sheet loaded | file=TFT LCD.xlsx | sheet=Street | mode=multi_field | rows=7 | columns=24
2026-06-14 16:58:51 | INFO | src.jobs_xlsx.trendforce.get_dx_comp_index | TrendForce sheet transformed | file=TFT LCD.xlsx | sheet=Street | category=TFTLCD | sub_category=LCD | rows=35
2026-06-14 16:58:51 | INFO | src.jobs_xlsx.trendforce.get_dx_comp_index | TrendForce sheet loaded | file=TFT LCD.xlsx | sheet=Large Size Panel Shipment | mode=multi_field | rows=6 | columns=14
2026-06-14 16:58:51 | INFO | src.jobs_xlsx.trendforce.get_dx_comp_index | TrendForce sheet transformed | file=TFT LCD.xlsx | sheet=Large Size Panel Shipment | category=TFTLCD | sub_category=Shipment | rows=60
2026-06-14 16:58:51 | INFO | src.jobs_xlsx.trendforce.get_dx_comp_index | TrendForce workbook transformed | file=TFT LCD.xlsx | rows=122
2026-06-14 16:58:51 | INFO | src.jobs_xlsx.trendforce.get_dx_comp_index | TrendForce sheet loaded | file=Li-Ion Battery.xlsx | sheet=Battery Cell & Pack | mode=single_value | rows=6 | columns=11
2026-06-14 16:58:51 | INFO | src.jobs_xlsx.trendforce.get_dx_comp_index | TrendForce sheet transformed | file=Li-Ion Battery.xlsx | sheet=Battery Cell & Pack | category=Battery | sub_category=None | rows=42
2026-06-14 16:58:51 | INFO | src.jobs_xlsx.trendforce.get_dx_comp_index | TrendForce sheet loaded | file=Li-Ion Battery.xlsx | sheet=Precursor and Cathode Material | mode=single_value | rows=6 | columns=14
2026-06-14 16:58:51 | INFO | src.jobs_xlsx.trendforce.get_dx_comp_index | TrendForce sheet transformed | file=Li-Ion Battery.xlsx | sheet=Precursor and Cathode Material | category=Battery | sub_category=None | rows=60
2026-06-14 16:58:51 | INFO | src.jobs_xlsx.trendforce.get_dx_comp_index | TrendForce sheet loaded | file=Li-Ion Battery.xlsx | sheet=Anode Material | mode=single_value | rows=6 | columns=12
2026-06-14 16:58:51 | INFO | src.jobs_xlsx.trendforce.get_dx_comp_index | TrendForce sheet transformed | file=Li-Ion Battery.xlsx | sheet=Anode Material | category=Battery | sub_category=Anode Material | rows=48
2026-06-14 16:58:51 | INFO | src.jobs_xlsx.trendforce.get_dx_comp_index | TrendForce sheet loaded | file=Li-Ion Battery.xlsx | sheet=Separator | mode=single_value | rows=6 | columns=9
2026-06-14 16:58:51 | INFO | src.jobs_xlsx.trendforce.get_dx_comp_index | TrendForce sheet transformed | file=Li-Ion Battery.xlsx | sheet=Separator | category=Battery | sub_category=Separator | rows=30
2026-06-14 16:58:51 | INFO | src.jobs_xlsx.trendforce.get_dx_comp_index | TrendForce sheet loaded | file=Li-Ion Battery.xlsx | sheet=Electrolyte | mode=single_value | rows=6 | columns=8
2026-06-14 16:58:51 | INFO | src.jobs_xlsx.trendforce.get_dx_comp_index | TrendForce sheet transformed | file=Li-Ion Battery.xlsx | sheet=Electrolyte | category=Battery | sub_category=Electrolyte | rows=24
2026-06-14 16:58:51 | INFO | src.jobs_xlsx.trendforce.get_dx_comp_index | TrendForce sheet loaded | file=Li-Ion Battery.xlsx | sheet=Li & Co & Ni | mode=single_value | rows=6 | columns=12
2026-06-14 16:58:51 | INFO | src.jobs_xlsx.trendforce.get_dx_comp_index | TrendForce sheet transformed | file=Li-Ion Battery.xlsx | sheet=Li & Co & Ni | category=Battery | sub_category=LiCoNi | rows=48
2026-06-14 16:58:51 | INFO | src.jobs_xlsx.trendforce.get_dx_comp_index | TrendForce sheet loaded | file=Li-Ion Battery.xlsx | sheet=Other | mode=single_value | rows=6 | columns=6
2026-06-14 16:58:51 | INFO | src.jobs_xlsx.trendforce.get_dx_comp_index | TrendForce sheet transformed | file=Li-Ion Battery.xlsx | sheet=Other | category=Battery | sub_category=Other | rows=12
2026-06-14 16:58:51 | INFO | src.jobs_xlsx.trendforce.get_dx_comp_index | TrendForce workbook transformed | file=Li-Ion Battery.xlsx | rows=264
2026-06-14 16:58:51 | INFO | src.jobs_xlsx.trendforce.get_dx_comp_index | TrendForce industry Parquet saved | output_path=/Users/tommy/Desktop/Pycharm/FinancialData/data_lake/raw/industry/trendforce/trendforce_industry.parquet | rows=3077
2026-06-14 17:00:16 | INFO | src.jobs_xlsx.trendforce.get_dx_comp_index | TrendForce industry data job started | input_dir=/Users/tommy/Desktop/Pycharm/FinancialData/data/industry/TrendForce | metadata_path=/Users/tommy/Desktop/Pycharm/FinancialData/data/metadata.xlsx
2026-06-14 17:00:16 | INFO | src.jobs_xlsx.trendforce.get_dx_comp_index | TrendForce metadata loaded | symbols=117
2026-06-14 17:00:16 | INFO | src.jobs_xlsx.trendforce.get_dx_comp_index | TrendForce sheet loaded | file=DRAM.xlsx | sheet=DRAM | mode=multi_field | rows=283 | columns=25
2026-06-14 17:00:16 | INFO | src.jobs_xlsx.trendforce.get_dx_comp_index | TrendForce sheet transformed | file=DRAM.xlsx | sheet=DRAM | category=DRAM | sub_category=DDR | rows=1981
2026-06-14 17:00:16 | INFO | src.jobs_xlsx.trendforce.get_dx_comp_index | TrendForce sheet loaded | file=DRAM.xlsx | sheet=DRAM Contract | mode=multi_field | rows=6 | columns=25
2026-06-14 17:00:16 | INFO | src.jobs_xlsx.trendforce.get_dx_comp_index | TrendForce sheet transformed | file=DRAM.xlsx | sheet=DRAM Contract | category=DRAM | sub_category=DDR | rows=37
2026-06-14 17:00:16 | INFO | src.jobs_xlsx.trendforce.get_dx_comp_index | TrendForce sheet loaded | file=DRAM.xlsx | sheet=Module | mode=multi_field | rows=21 | columns=13
2026-06-14 17:00:16 | INFO | src.jobs_xlsx.trendforce.get_dx_comp_index | TrendForce sheet transformed | file=DRAM.xlsx | sheet=Module | category=DRAM | sub_category=Module | rows=63
2026-06-14 17:00:16 | INFO | src.jobs_xlsx.trendforce.get_dx_comp_index | TrendForce sheet loaded | file=DRAM.xlsx | sheet=GDDR | mode=multi_field | rows=21 | columns=10
2026-06-14 17:00:16 | INFO | src.jobs_xlsx.trendforce.get_dx_comp_index | TrendForce sheet transformed | file=DRAM.xlsx | sheet=GDDR | category=DRAM | sub_category=GDDR | rows=42
2026-06-14 17:00:16 | INFO | src.jobs_xlsx.trendforce.get_dx_comp_index | TrendForce workbook transformed | file=DRAM.xlsx | rows=2123
2026-06-14 17:00:16 | INFO | src.jobs_xlsx.trendforce.get_dx_comp_index | TrendForce sheet loaded | file=NAND Flash.xlsx | sheet=Flash | mode=multi_field | rows=19 | columns=16
2026-06-14 17:00:16 | INFO | src.jobs_xlsx.trendforce.get_dx_comp_index | TrendForce sheet transformed | file=NAND Flash.xlsx | sheet=Flash | category=Flash Memory | sub_category=NAND | rows=76
2026-06-14 17:00:16 | INFO | src.jobs_xlsx.trendforce.get_dx_comp_index | TrendForce sheet loaded | file=NAND Flash.xlsx | sheet=Flash Contract | mode=multi_field | rows=5 | columns=13
2026-06-14 17:00:16 | INFO | src.jobs_xlsx.trendforce.get_dx_comp_index | TrendForce sheet transformed | file=NAND Flash.xlsx | sheet=Flash Contract | category=Flash Memory | sub_category=NAND | rows=15
2026-06-14 17:00:16 | INFO | src.jobs_xlsx.trendforce.get_dx_comp_index | TrendForce sheet loaded | file=NAND Flash.xlsx | sheet=Wafer | mode=multi_field | rows=19 | columns=13
2026-06-14 17:00:16 | INFO | src.jobs_xlsx.trendforce.get_dx_comp_index | TrendForce sheet transformed | file=NAND Flash.xlsx | sheet=Wafer | category=Flash Memory | sub_category=Wafer | rows=57
2026-06-14 17:00:16 | INFO | src.jobs_xlsx.trendforce.get_dx_comp_index | TrendForce sheet loaded | file=NAND Flash.xlsx | sheet=Memory Card | mode=multi_field | rows=19 | columns=16
2026-06-14 17:00:16 | INFO | src.jobs_xlsx.trendforce.get_dx_comp_index | TrendForce sheet transformed | file=NAND Flash.xlsx | sheet=Memory Card | category=Flash Memory | sub_category=Micro SD | rows=76
2026-06-14 17:00:16 | INFO | src.jobs_xlsx.trendforce.get_dx_comp_index | TrendForce sheet loaded | file=NAND Flash.xlsx | sheet=PC-Client OEM SSD | mode=multi_field | rows=3 | columns=13
2026-06-14 17:00:16 | INFO | src.jobs_xlsx.trendforce.get_dx_comp_index | TrendForce sheet transformed | file=NAND Flash.xlsx | sheet=PC-Client OEM SSD | category=Flash Memory | sub_category=SSD | rows=9
2026-06-14 17:00:16 | INFO | src.jobs_xlsx.trendforce.get_dx_comp_index | TrendForce sheet loaded | file=NAND Flash.xlsx | sheet=SSD Street | mode=multi_field | rows=10 | columns=22
2026-06-14 17:00:16 | INFO | src.jobs_xlsx.trendforce.get_dx_comp_index | TrendForce sheet transformed | file=NAND Flash.xlsx | sheet=SSD Street | category=Flash Memory | sub_category=SSD | rows=50
2026-06-14 17:00:16 | INFO | src.jobs_xlsx.trendforce.get_dx_comp_index | TrendForce workbook transformed | file=NAND Flash.xlsx | rows=283
2026-06-14 17:00:16 | INFO | src.jobs_xlsx.trendforce.get_dx_comp_index | TrendForce sheet loaded | file=PV.xlsx | sheet=Polysilicon | mode=multi_field | rows=19 | columns=16
2026-06-14 17:00:16 | INFO | src.jobs_xlsx.trendforce.get_dx_comp_index | TrendForce sheet transformed | file=PV.xlsx | sheet=Polysilicon | category=PV | sub_category=Polysilicon | rows=76
2026-06-14 17:00:16 | INFO | src.jobs_xlsx.trendforce.get_dx_comp_index | TrendForce sheet loaded | file=PV.xlsx | sheet=Wafer | mode=multi_field | rows=19 | columns=13
2026-06-14 17:00:16 | INFO | src.jobs_xlsx.trendforce.get_dx_comp_index | TrendForce sheet transformed | file=PV.xlsx | sheet=Wafer | category=PV | sub_category=Wafer | rows=57
2026-06-14 17:00:16 | INFO | src.jobs_xlsx.trendforce.get_dx_comp_index | TrendForce sheet loaded | file=PV.xlsx | sheet=Cell | mode=multi_field | rows=19 | columns=13
2026-06-14 17:00:16 | INFO | src.jobs_xlsx.trendforce.get_dx_comp_index | TrendForce sheet transformed | file=PV.xlsx | sheet=Cell | category=PV | sub_category=Cell | rows=57
2026-06-14 17:00:16 | INFO | src.jobs_xlsx.trendforce.get_dx_comp_index | TrendForce sheet loaded | file=PV.xlsx | sheet=Module | mode=multi_field | rows=19 | columns=10
2026-06-14 17:00:16 | INFO | src.jobs_xlsx.trendforce.get_dx_comp_index | TrendForce sheet transformed | file=PV.xlsx | sheet=Module | category=PV | sub_category=Module | rows=38
2026-06-14 17:00:16 | INFO | src.jobs_xlsx.trendforce.get_dx_comp_index | TrendForce sheet loaded | file=PV.xlsx | sheet=PV Glass | mode=multi_field | rows=19 | columns=13
2026-06-14 17:00:16 | INFO | src.jobs_xlsx.trendforce.get_dx_comp_index | TrendForce sheet transformed | file=PV.xlsx | sheet=PV Glass | category=PV | sub_category=PV Glass | rows=57
2026-06-14 17:00:16 | INFO | src.jobs_xlsx.trendforce.get_dx_comp_index | TrendForce workbook transformed | file=PV.xlsx | rows=285
2026-06-14 17:00:16 | INFO | src.jobs_xlsx.trendforce.get_dx_comp_index | TrendForce sheet loaded | file=TFT LCD.xlsx | sheet=Large Size Panel | mode=multi_field | rows=5 | columns=16
2026-06-14 17:00:16 | INFO | src.jobs_xlsx.trendforce.get_dx_comp_index | TrendForce sheet transformed | file=TFT LCD.xlsx | sheet=Large Size Panel | category=TFTLCD | sub_category=Large Panel | rows=15
2026-06-14 17:00:16 | INFO | src.jobs_xlsx.trendforce.get_dx_comp_index | TrendForce sheet loaded | file=TFT LCD.xlsx | sheet=LCD Smartphone Panel | mode=multi_field | rows=6 | columns=12
2026-06-14 17:00:16 | INFO | src.jobs_xlsx.trendforce.get_dx_comp_index | TrendForce sheet transformed | file=TFT LCD.xlsx | sheet=LCD Smartphone Panel | category=TFTLCD | sub_category=Smartphone Panel | rows=12
2026-06-14 17:00:16 | INFO | src.jobs_xlsx.trendforce.get_dx_comp_index | TrendForce sheet loaded | file=TFT LCD.xlsx | sheet=Street | mode=multi_field | rows=7 | columns=24
2026-06-14 17:00:16 | INFO | src.jobs_xlsx.trendforce.get_dx_comp_index | TrendForce sheet transformed | file=TFT LCD.xlsx | sheet=Street | category=TFTLCD | sub_category=LCD | rows=35
2026-06-14 17:00:16 | INFO | src.jobs_xlsx.trendforce.get_dx_comp_index | TrendForce sheet loaded | file=TFT LCD.xlsx | sheet=Large Size Panel Shipment | mode=multi_field | rows=6 | columns=14
2026-06-14 17:00:16 | INFO | src.jobs_xlsx.trendforce.get_dx_comp_index | TrendForce sheet transformed | file=TFT LCD.xlsx | sheet=Large Size Panel Shipment | category=TFTLCD | sub_category=Shipment | rows=60
2026-06-14 17:00:16 | INFO | src.jobs_xlsx.trendforce.get_dx_comp_index | TrendForce workbook transformed | file=TFT LCD.xlsx | rows=122
2026-06-14 17:00:16 | INFO | src.jobs_xlsx.trendforce.get_dx_comp_index | TrendForce sheet loaded | file=Li-Ion Battery.xlsx | sheet=Battery Cell & Pack | mode=single_value | rows=6 | columns=11
2026-06-14 17:00:16 | INFO | src.jobs_xlsx.trendforce.get_dx_comp_index | TrendForce sheet transformed | file=Li-Ion Battery.xlsx | sheet=Battery Cell & Pack | category=Battery | sub_category=None | rows=42
2026-06-14 17:00:16 | INFO | src.jobs_xlsx.trendforce.get_dx_comp_index | TrendForce sheet loaded | file=Li-Ion Battery.xlsx | sheet=Precursor and Cathode Material | mode=single_value | rows=6 | columns=14
2026-06-14 17:00:16 | INFO | src.jobs_xlsx.trendforce.get_dx_comp_index | TrendForce sheet transformed | file=Li-Ion Battery.xlsx | sheet=Precursor and Cathode Material | category=Battery | sub_category=None | rows=60
2026-06-14 17:00:16 | INFO | src.jobs_xlsx.trendforce.get_dx_comp_index | TrendForce sheet loaded | file=Li-Ion Battery.xlsx | sheet=Anode Material | mode=single_value | rows=6 | columns=12
2026-06-14 17:00:16 | INFO | src.jobs_xlsx.trendforce.get_dx_comp_index | TrendForce sheet transformed | file=Li-Ion Battery.xlsx | sheet=Anode Material | category=Battery | sub_category=Anode Material | rows=48
2026-06-14 17:00:16 | INFO | src.jobs_xlsx.trendforce.get_dx_comp_index | TrendForce sheet loaded | file=Li-Ion Battery.xlsx | sheet=Separator | mode=single_value | rows=6 | columns=9
2026-06-14 17:00:16 | INFO | src.jobs_xlsx.trendforce.get_dx_comp_index | TrendForce sheet transformed | file=Li-Ion Battery.xlsx | sheet=Separator | category=Battery | sub_category=Separator | rows=30
2026-06-14 17:00:16 | INFO | src.jobs_xlsx.trendforce.get_dx_comp_index | TrendForce sheet loaded | file=Li-Ion Battery.xlsx | sheet=Electrolyte | mode=single_value | rows=6 | columns=8
2026-06-14 17:00:16 | INFO | src.jobs_xlsx.trendforce.get_dx_comp_index | TrendForce sheet transformed | file=Li-Ion Battery.xlsx | sheet=Electrolyte | category=Battery | sub_category=Electrolyte | rows=24
2026-06-14 17:00:16 | INFO | src.jobs_xlsx.trendforce.get_dx_comp_index | TrendForce sheet loaded | file=Li-Ion Battery.xlsx | sheet=Li & Co & Ni | mode=single_value | rows=6 | columns=12
2026-06-14 17:00:16 | INFO | src.jobs_xlsx.trendforce.get_dx_comp_index | TrendForce sheet transformed | file=Li-Ion Battery.xlsx | sheet=Li & Co & Ni | category=Battery | sub_category=LiCoNi | rows=48
2026-06-14 17:00:16 | INFO | src.jobs_xlsx.trendforce.get_dx_comp_index | TrendForce sheet loaded | file=Li-Ion Battery.xlsx | sheet=Other | mode=single_value | rows=6 | columns=6
2026-06-14 17:00:16 | INFO | src.jobs_xlsx.trendforce.get_dx_comp_index | TrendForce sheet transformed | file=Li-Ion Battery.xlsx | sheet=Other | category=Battery | sub_category=Other | rows=12
2026-06-14 17:00:16 | INFO | src.jobs_xlsx.trendforce.get_dx_comp_index | TrendForce workbook transformed | file=Li-Ion Battery.xlsx | rows=264
2026-06-14 17:00:16 | INFO | src.jobs_xlsx.trendforce.get_dx_comp_index | TrendForce industry Parquet saved | output_path=/Users/tommy/Desktop/Pycharm/FinancialData/data_lake/raw/industry/trendforce/components.parquet | rows=3077
2026-06-14 17:03:19 | INFO | src.jobs_xlsx.trendforce.get_dx_comp_index | TrendForce industry data job started | input_dir=/Users/tommy/Desktop/Pycharm/FinancialData/data/industry/TrendForce | metadata_path=/Users/tommy/Desktop/Pycharm/FinancialData/data/metadata.xlsx
2026-06-14 17:03:19 | INFO | src.jobs_xlsx.trendforce.get_dx_comp_index | TrendForce metadata loaded | symbols=117
2026-06-14 17:03:19 | INFO | src.jobs_xlsx.trendforce.get_dx_comp_index | TrendForce sheet loaded | file=DRAM.xlsx | sheet=DRAM | mode=multi_field | rows=283 | columns=25
2026-06-14 17:03:19 | INFO | src.jobs_xlsx.trendforce.get_dx_comp_index | TrendForce sheet transformed | file=DRAM.xlsx | sheet=DRAM | category=DRAM | sub_category=DDR | rows=1981
2026-06-14 17:03:19 | INFO | src.jobs_xlsx.trendforce.get_dx_comp_index | TrendForce sheet loaded | file=DRAM.xlsx | sheet=DRAM Contract | mode=multi_field | rows=6 | columns=25
2026-06-14 17:03:19 | INFO | src.jobs_xlsx.trendforce.get_dx_comp_index | TrendForce sheet transformed | file=DRAM.xlsx | sheet=DRAM Contract | category=DRAM | sub_category=DDR | rows=37
2026-06-14 17:03:19 | INFO | src.jobs_xlsx.trendforce.get_dx_comp_index | TrendForce sheet loaded | file=DRAM.xlsx | sheet=Module | mode=multi_field | rows=21 | columns=13
2026-06-14 17:03:19 | INFO | src.jobs_xlsx.trendforce.get_dx_comp_index | TrendForce sheet transformed | file=DRAM.xlsx | sheet=Module | category=DRAM | sub_category=Module | rows=63
2026-06-14 17:03:19 | INFO | src.jobs_xlsx.trendforce.get_dx_comp_index | TrendForce sheet loaded | file=DRAM.xlsx | sheet=GDDR | mode=multi_field | rows=21 | columns=10
2026-06-14 17:03:19 | INFO | src.jobs_xlsx.trendforce.get_dx_comp_index | TrendForce sheet transformed | file=DRAM.xlsx | sheet=GDDR | category=DRAM | sub_category=GDDR | rows=42
2026-06-14 17:03:19 | INFO | src.jobs_xlsx.trendforce.get_dx_comp_index | TrendForce workbook transformed | file=DRAM.xlsx | rows=2123
2026-06-14 17:03:19 | INFO | src.jobs_xlsx.trendforce.get_dx_comp_index | TrendForce sheet loaded | file=NAND Flash.xlsx | sheet=Flash | mode=multi_field | rows=19 | columns=16
2026-06-14 17:03:19 | INFO | src.jobs_xlsx.trendforce.get_dx_comp_index | TrendForce sheet transformed | file=NAND Flash.xlsx | sheet=Flash | category=Flash Memory | sub_category=NAND | rows=76
2026-06-14 17:03:19 | INFO | src.jobs_xlsx.trendforce.get_dx_comp_index | TrendForce sheet loaded | file=NAND Flash.xlsx | sheet=Flash Contract | mode=multi_field | rows=5 | columns=13
2026-06-14 17:03:19 | INFO | src.jobs_xlsx.trendforce.get_dx_comp_index | TrendForce sheet transformed | file=NAND Flash.xlsx | sheet=Flash Contract | category=Flash Memory | sub_category=NAND | rows=15
2026-06-14 17:03:19 | INFO | src.jobs_xlsx.trendforce.get_dx_comp_index | TrendForce sheet loaded | file=NAND Flash.xlsx | sheet=Wafer | mode=multi_field | rows=19 | columns=13
2026-06-14 17:03:19 | INFO | src.jobs_xlsx.trendforce.get_dx_comp_index | TrendForce sheet transformed | file=NAND Flash.xlsx | sheet=Wafer | category=Flash Memory | sub_category=Wafer | rows=57
2026-06-14 17:03:19 | INFO | src.jobs_xlsx.trendforce.get_dx_comp_index | TrendForce sheet loaded | file=NAND Flash.xlsx | sheet=Memory Card | mode=multi_field | rows=19 | columns=16
2026-06-14 17:03:19 | INFO | src.jobs_xlsx.trendforce.get_dx_comp_index | TrendForce sheet transformed | file=NAND Flash.xlsx | sheet=Memory Card | category=Flash Memory | sub_category=Micro SD | rows=76
2026-06-14 17:03:19 | INFO | src.jobs_xlsx.trendforce.get_dx_comp_index | TrendForce sheet loaded | file=NAND Flash.xlsx | sheet=PC-Client OEM SSD | mode=multi_field | rows=3 | columns=13
2026-06-14 17:03:19 | INFO | src.jobs_xlsx.trendforce.get_dx_comp_index | TrendForce sheet transformed | file=NAND Flash.xlsx | sheet=PC-Client OEM SSD | category=Flash Memory | sub_category=SSD | rows=9
2026-06-14 17:03:19 | INFO | src.jobs_xlsx.trendforce.get_dx_comp_index | TrendForce sheet loaded | file=NAND Flash.xlsx | sheet=SSD Street | mode=multi_field | rows=10 | columns=22
2026-06-14 17:03:19 | INFO | src.jobs_xlsx.trendforce.get_dx_comp_index | TrendForce sheet transformed | file=NAND Flash.xlsx | sheet=SSD Street | category=Flash Memory | sub_category=SSD | rows=50
2026-06-14 17:03:19 | INFO | src.jobs_xlsx.trendforce.get_dx_comp_index | TrendForce workbook transformed | file=NAND Flash.xlsx | rows=283
2026-06-14 17:03:19 | INFO | src.jobs_xlsx.trendforce.get_dx_comp_index | TrendForce sheet loaded | file=PV.xlsx | sheet=Polysilicon | mode=multi_field | rows=19 | columns=16
2026-06-14 17:03:19 | INFO | src.jobs_xlsx.trendforce.get_dx_comp_index | TrendForce sheet transformed | file=PV.xlsx | sheet=Polysilicon | category=PV | sub_category=Polysilicon | rows=76
2026-06-14 17:03:19 | INFO | src.jobs_xlsx.trendforce.get_dx_comp_index | TrendForce sheet loaded | file=PV.xlsx | sheet=Wafer | mode=multi_field | rows=19 | columns=13
2026-06-14 17:03:19 | INFO | src.jobs_xlsx.trendforce.get_dx_comp_index | TrendForce sheet transformed | file=PV.xlsx | sheet=Wafer | category=PV | sub_category=Wafer | rows=57
2026-06-14 17:03:19 | INFO | src.jobs_xlsx.trendforce.get_dx_comp_index | TrendForce sheet loaded | file=PV.xlsx | sheet=Cell | mode=multi_field | rows=19 | columns=13
2026-06-14 17:03:19 | INFO | src.jobs_xlsx.trendforce.get_dx_comp_index | TrendForce sheet transformed | file=PV.xlsx | sheet=Cell | category=PV | sub_category=Cell | rows=57
2026-06-14 17:03:19 | INFO | src.jobs_xlsx.trendforce.get_dx_comp_index | TrendForce sheet loaded | file=PV.xlsx | sheet=Module | mode=multi_field | rows=19 | columns=10
2026-06-14 17:03:19 | INFO | src.jobs_xlsx.trendforce.get_dx_comp_index | TrendForce sheet transformed | file=PV.xlsx | sheet=Module | category=PV | sub_category=Module | rows=38
2026-06-14 17:03:19 | INFO | src.jobs_xlsx.trendforce.get_dx_comp_index | TrendForce sheet loaded | file=PV.xlsx | sheet=PV Glass | mode=multi_field | rows=19 | columns=13
2026-06-14 17:03:19 | INFO | src.jobs_xlsx.trendforce.get_dx_comp_index | TrendForce sheet transformed | file=PV.xlsx | sheet=PV Glass | category=PV | sub_category=PV Glass | rows=57
2026-06-14 17:03:19 | INFO | src.jobs_xlsx.trendforce.get_dx_comp_index | TrendForce workbook transformed | file=PV.xlsx | rows=285
2026-06-14 17:03:19 | INFO | src.jobs_xlsx.trendforce.get_dx_comp_index | TrendForce sheet loaded | file=TFT LCD.xlsx | sheet=Large Size Panel | mode=multi_field | rows=5 | columns=16
2026-06-14 17:03:19 | INFO | src.jobs_xlsx.trendforce.get_dx_comp_index | TrendForce sheet transformed | file=TFT LCD.xlsx | sheet=Large Size Panel | category=TFTLCD | sub_category=Large Panel | rows=15
2026-06-14 17:03:19 | INFO | src.jobs_xlsx.trendforce.get_dx_comp_index | TrendForce sheet loaded | file=TFT LCD.xlsx | sheet=LCD Smartphone Panel | mode=multi_field | rows=6 | columns=12
2026-06-14 17:03:19 | INFO | src.jobs_xlsx.trendforce.get_dx_comp_index | TrendForce sheet transformed | file=TFT LCD.xlsx | sheet=LCD Smartphone Panel | category=TFTLCD | sub_category=Smartphone Panel | rows=12
2026-06-14 17:03:19 | INFO | src.jobs_xlsx.trendforce.get_dx_comp_index | TrendForce sheet loaded | file=TFT LCD.xlsx | sheet=Street | mode=multi_field | rows=7 | columns=24
2026-06-14 17:03:19 | INFO | src.jobs_xlsx.trendforce.get_dx_comp_index | TrendForce sheet transformed | file=TFT LCD.xlsx | sheet=Street | category=TFTLCD | sub_category=LCD | rows=35
2026-06-14 17:03:19 | INFO | src.jobs_xlsx.trendforce.get_dx_comp_index | TrendForce sheet loaded | file=TFT LCD.xlsx | sheet=Large Size Panel Shipment | mode=multi_field | rows=6 | columns=14
2026-06-14 17:03:19 | INFO | src.jobs_xlsx.trendforce.get_dx_comp_index | TrendForce sheet transformed | file=TFT LCD.xlsx | sheet=Large Size Panel Shipment | category=TFTLCD | sub_category=Shipment | rows=60
2026-06-14 17:03:19 | INFO | src.jobs_xlsx.trendforce.get_dx_comp_index | TrendForce workbook transformed | file=TFT LCD.xlsx | rows=122
2026-06-14 17:03:19 | INFO | src.jobs_xlsx.trendforce.get_dx_comp_index | TrendForce sheet loaded | file=Li-Ion Battery.xlsx | sheet=Battery Cell & Pack | mode=single_value | rows=6 | columns=11
2026-06-14 17:03:19 | INFO | src.jobs_xlsx.trendforce.get_dx_comp_index | TrendForce sheet transformed | file=Li-Ion Battery.xlsx | sheet=Battery Cell & Pack | category=Battery | sub_category=None | rows=42
2026-06-14 17:03:19 | INFO | src.jobs_xlsx.trendforce.get_dx_comp_index | TrendForce sheet loaded | file=Li-Ion Battery.xlsx | sheet=Precursor and Cathode Material | mode=single_value | rows=6 | columns=14
2026-06-14 17:03:19 | INFO | src.jobs_xlsx.trendforce.get_dx_comp_index | TrendForce sheet transformed | file=Li-Ion Battery.xlsx | sheet=Precursor and Cathode Material | category=Battery | sub_category=None | rows=60
2026-06-14 17:03:19 | INFO | src.jobs_xlsx.trendforce.get_dx_comp_index | TrendForce sheet loaded | file=Li-Ion Battery.xlsx | sheet=Anode Material | mode=single_value | rows=6 | columns=12
2026-06-14 17:03:19 | INFO | src.jobs_xlsx.trendforce.get_dx_comp_index | TrendForce sheet transformed | file=Li-Ion Battery.xlsx | sheet=Anode Material | category=Battery | sub_category=Anode Material | rows=48
2026-06-14 17:03:19 | INFO | src.jobs_xlsx.trendforce.get_dx_comp_index | TrendForce sheet loaded | file=Li-Ion Battery.xlsx | sheet=Separator | mode=single_value | rows=6 | columns=9
2026-06-14 17:03:19 | INFO | src.jobs_xlsx.trendforce.get_dx_comp_index | TrendForce sheet transformed | file=Li-Ion Battery.xlsx | sheet=Separator | category=Battery | sub_category=Separator | rows=30
2026-06-14 17:03:19 | INFO | src.jobs_xlsx.trendforce.get_dx_comp_index | TrendForce sheet loaded | file=Li-Ion Battery.xlsx | sheet=Electrolyte | mode=single_value | rows=6 | columns=8
2026-06-14 17:03:19 | INFO | src.jobs_xlsx.trendforce.get_dx_comp_index | TrendForce sheet transformed | file=Li-Ion Battery.xlsx | sheet=Electrolyte | category=Battery | sub_category=Electrolyte | rows=24
2026-06-14 17:03:19 | INFO | src.jobs_xlsx.trendforce.get_dx_comp_index | TrendForce sheet loaded | file=Li-Ion Battery.xlsx | sheet=Li & Co & Ni | mode=single_value | rows=6 | columns=12
2026-06-14 17:03:19 | INFO | src.jobs_xlsx.trendforce.get_dx_comp_index | TrendForce sheet transformed | file=Li-Ion Battery.xlsx | sheet=Li & Co & Ni | category=Battery | sub_category=LiCoNi | rows=48
2026-06-14 17:03:19 | INFO | src.jobs_xlsx.trendforce.get_dx_comp_index | TrendForce sheet loaded | file=Li-Ion Battery.xlsx | sheet=Other | mode=single_value | rows=6 | columns=6
2026-06-14 17:03:19 | INFO | src.jobs_xlsx.trendforce.get_dx_comp_index | TrendForce sheet transformed | file=Li-Ion Battery.xlsx | sheet=Other | category=Battery | sub_category=Other | rows=12
2026-06-14 17:03:19 | INFO | src.jobs_xlsx.trendforce.get_dx_comp_index | TrendForce workbook transformed | file=Li-Ion Battery.xlsx | rows=264
2026-06-14 17:03:19 | INFO | src.jobs_xlsx.trendforce.get_dx_comp_index | TrendForce industry Parquet saved | output_path=/Users/tommy/Desktop/Pycharm/FinancialData/data_lake/raw/industry/trendforce/components.parquet | rows=3077
2026-06-14 19:40:48 | INFO | src.jobs_xlsx.trendforce.get_dx_comp_index | TrendForce industry data job started | input_dir=/Users/tommy/Desktop/Pycharm/FinancialData/data/industry/TrendForce | metadata_path=/Users/tommy/Desktop/Pycharm/FinancialData/data/metadata.xlsx
2026-06-14 19:40:48 | INFO | src.jobs_xlsx.trendforce.get_dx_comp_index | TrendForce metadata loaded | symbols=117
2026-06-14 19:40:48 | INFO | src.jobs_xlsx.trendforce.get_dx_comp_index | TrendForce sheet loaded | file=DRAM.xlsx | sheet=DRAM | mode=multi_field | rows=283 | columns=25
2026-06-14 19:40:48 | INFO | src.jobs_xlsx.trendforce.get_dx_comp_index | TrendForce sheet transformed | file=DRAM.xlsx | sheet=DRAM | category=DRAM | sub_category=DDR | rows=1981
2026-06-14 19:40:48 | INFO | src.jobs_xlsx.trendforce.get_dx_comp_index | TrendForce sheet loaded | file=DRAM.xlsx | sheet=DRAM Contract | mode=multi_field | rows=6 | columns=25
2026-06-14 19:40:48 | INFO | src.jobs_xlsx.trendforce.get_dx_comp_index | TrendForce sheet transformed | file=DRAM.xlsx | sheet=DRAM Contract | category=DRAM | sub_category=DDR | rows=37
2026-06-14 19:40:48 | INFO | src.jobs_xlsx.trendforce.get_dx_comp_index | TrendForce sheet loaded | file=DRAM.xlsx | sheet=Module | mode=multi_field | rows=21 | columns=13
2026-06-14 19:40:48 | INFO | src.jobs_xlsx.trendforce.get_dx_comp_index | TrendForce sheet transformed | file=DRAM.xlsx | sheet=Module | category=DRAM | sub_category=Module | rows=63
2026-06-14 19:40:48 | INFO | src.jobs_xlsx.trendforce.get_dx_comp_index | TrendForce sheet loaded | file=DRAM.xlsx | sheet=GDDR | mode=multi_field | rows=21 | columns=10
2026-06-14 19:40:48 | INFO | src.jobs_xlsx.trendforce.get_dx_comp_index | TrendForce sheet transformed | file=DRAM.xlsx | sheet=GDDR | category=DRAM | sub_category=GDDR | rows=42
2026-06-14 19:40:48 | INFO | src.jobs_xlsx.trendforce.get_dx_comp_index | TrendForce workbook transformed | file=DRAM.xlsx | rows=2123
2026-06-14 19:40:48 | INFO | src.jobs_xlsx.trendforce.get_dx_comp_index | TrendForce sheet loaded | file=NAND Flash.xlsx | sheet=Flash | mode=multi_field | rows=19 | columns=16
2026-06-14 19:40:48 | INFO | src.jobs_xlsx.trendforce.get_dx_comp_index | TrendForce sheet transformed | file=NAND Flash.xlsx | sheet=Flash | category=Flash Memory | sub_category=NAND | rows=76
2026-06-14 19:40:48 | INFO | src.jobs_xlsx.trendforce.get_dx_comp_index | TrendForce sheet loaded | file=NAND Flash.xlsx | sheet=Flash Contract | mode=multi_field | rows=5 | columns=13
2026-06-14 19:40:48 | INFO | src.jobs_xlsx.trendforce.get_dx_comp_index | TrendForce sheet transformed | file=NAND Flash.xlsx | sheet=Flash Contract | category=Flash Memory | sub_category=NAND | rows=15
2026-06-14 19:40:48 | INFO | src.jobs_xlsx.trendforce.get_dx_comp_index | TrendForce sheet loaded | file=NAND Flash.xlsx | sheet=Wafer | mode=multi_field | rows=19 | columns=13
2026-06-14 19:40:48 | INFO | src.jobs_xlsx.trendforce.get_dx_comp_index | TrendForce sheet transformed | file=NAND Flash.xlsx | sheet=Wafer | category=Flash Memory | sub_category=Wafer | rows=57
2026-06-14 19:40:48 | INFO | src.jobs_xlsx.trendforce.get_dx_comp_index | TrendForce sheet loaded | file=NAND Flash.xlsx | sheet=Memory Card | mode=multi_field | rows=19 | columns=16
2026-06-14 19:40:48 | INFO | src.jobs_xlsx.trendforce.get_dx_comp_index | TrendForce sheet transformed | file=NAND Flash.xlsx | sheet=Memory Card | category=Flash Memory | sub_category=Micro SD | rows=76
2026-06-14 19:40:48 | INFO | src.jobs_xlsx.trendforce.get_dx_comp_index | TrendForce sheet loaded | file=NAND Flash.xlsx | sheet=PC-Client OEM SSD | mode=multi_field | rows=3 | columns=13
2026-06-14 19:40:48 | INFO | src.jobs_xlsx.trendforce.get_dx_comp_index | TrendForce sheet transformed | file=NAND Flash.xlsx | sheet=PC-Client OEM SSD | category=Flash Memory | sub_category=SSD | rows=9
2026-06-14 19:40:48 | INFO | src.jobs_xlsx.trendforce.get_dx_comp_index | TrendForce sheet loaded | file=NAND Flash.xlsx | sheet=SSD Street | mode=multi_field | rows=10 | columns=22
2026-06-14 19:40:48 | INFO | src.jobs_xlsx.trendforce.get_dx_comp_index | TrendForce sheet transformed | file=NAND Flash.xlsx | sheet=SSD Street | category=Flash Memory | sub_category=SSD | rows=50
2026-06-14 19:40:48 | INFO | src.jobs_xlsx.trendforce.get_dx_comp_index | TrendForce workbook transformed | file=NAND Flash.xlsx | rows=283
2026-06-14 19:40:48 | INFO | src.jobs_xlsx.trendforce.get_dx_comp_index | TrendForce sheet loaded | file=PV.xlsx | sheet=Polysilicon | mode=multi_field | rows=19 | columns=16
2026-06-14 19:40:48 | INFO | src.jobs_xlsx.trendforce.get_dx_comp_index | TrendForce sheet transformed | file=PV.xlsx | sheet=Polysilicon | category=PV | sub_category=Polysilicon | rows=76
2026-06-14 19:40:48 | INFO | src.jobs_xlsx.trendforce.get_dx_comp_index | TrendForce sheet loaded | file=PV.xlsx | sheet=Wafer | mode=multi_field | rows=19 | columns=13
2026-06-14 19:40:48 | INFO | src.jobs_xlsx.trendforce.get_dx_comp_index | TrendForce sheet transformed | file=PV.xlsx | sheet=Wafer | category=PV | sub_category=Wafer | rows=57
2026-06-14 19:40:48 | INFO | src.jobs_xlsx.trendforce.get_dx_comp_index | TrendForce sheet loaded | file=PV.xlsx | sheet=Cell | mode=multi_field | rows=19 | columns=13
2026-06-14 19:40:48 | INFO | src.jobs_xlsx.trendforce.get_dx_comp_index | TrendForce sheet transformed | file=PV.xlsx | sheet=Cell | category=PV | sub_category=Cell | rows=57
2026-06-14 19:40:48 | INFO | src.jobs_xlsx.trendforce.get_dx_comp_index | TrendForce sheet loaded | file=PV.xlsx | sheet=Module | mode=multi_field | rows=19 | columns=10
2026-06-14 19:40:48 | INFO | src.jobs_xlsx.trendforce.get_dx_comp_index | TrendForce sheet transformed | file=PV.xlsx | sheet=Module | category=PV | sub_category=Module | rows=38
2026-06-14 19:40:48 | INFO | src.jobs_xlsx.trendforce.get_dx_comp_index | TrendForce sheet loaded | file=PV.xlsx | sheet=PV Glass | mode=multi_field | rows=19 | columns=13
2026-06-14 19:40:48 | INFO | src.jobs_xlsx.trendforce.get_dx_comp_index | TrendForce sheet transformed | file=PV.xlsx | sheet=PV Glass | category=PV | sub_category=PV Glass | rows=57
2026-06-14 19:40:48 | INFO | src.jobs_xlsx.trendforce.get_dx_comp_index | TrendForce workbook transformed | file=PV.xlsx | rows=285
2026-06-14 19:40:48 | INFO | src.jobs_xlsx.trendforce.get_dx_comp_index | TrendForce sheet loaded | file=TFT LCD.xlsx | sheet=Large Size Panel | mode=multi_field | rows=5 | columns=16
2026-06-14 19:40:48 | INFO | src.jobs_xlsx.trendforce.get_dx_comp_index | TrendForce sheet transformed | file=TFT LCD.xlsx | sheet=Large Size Panel | category=TFTLCD | sub_category=Large Panel | rows=15
2026-06-14 19:40:48 | INFO | src.jobs_xlsx.trendforce.get_dx_comp_index | TrendForce sheet loaded | file=TFT LCD.xlsx | sheet=LCD Smartphone Panel | mode=multi_field | rows=6 | columns=12
2026-06-14 19:40:48 | INFO | src.jobs_xlsx.trendforce.get_dx_comp_index | TrendForce sheet transformed | file=TFT LCD.xlsx | sheet=LCD Smartphone Panel | category=TFTLCD | sub_category=Smartphone Panel | rows=12
2026-06-14 19:40:48 | INFO | src.jobs_xlsx.trendforce.get_dx_comp_index | TrendForce sheet loaded | file=TFT LCD.xlsx | sheet=Street | mode=multi_field | rows=7 | columns=24
2026-06-14 19:40:48 | INFO | src.jobs_xlsx.trendforce.get_dx_comp_index | TrendForce sheet transformed | file=TFT LCD.xlsx | sheet=Street | category=TFTLCD | sub_category=LCD | rows=35
2026-06-14 19:40:48 | INFO | src.jobs_xlsx.trendforce.get_dx_comp_index | TrendForce sheet loaded | file=TFT LCD.xlsx | sheet=Large Size Panel Shipment | mode=multi_field | rows=6 | columns=14
2026-06-14 19:40:48 | INFO | src.jobs_xlsx.trendforce.get_dx_comp_index | TrendForce sheet transformed | file=TFT LCD.xlsx | sheet=Large Size Panel Shipment | category=TFTLCD | sub_category=Shipment | rows=60
2026-06-14 19:40:48 | INFO | src.jobs_xlsx.trendforce.get_dx_comp_index | TrendForce workbook transformed | file=TFT LCD.xlsx | rows=122
2026-06-14 19:40:48 | INFO | src.jobs_xlsx.trendforce.get_dx_comp_index | TrendForce sheet loaded | file=Li-Ion Battery.xlsx | sheet=Battery Cell & Pack | mode=single_value | rows=6 | columns=11
2026-06-14 19:40:48 | INFO | src.jobs_xlsx.trendforce.get_dx_comp_index | TrendForce sheet transformed | file=Li-Ion Battery.xlsx | sheet=Battery Cell & Pack | category=Battery | sub_category=None | rows=42
2026-06-14 19:40:48 | INFO | src.jobs_xlsx.trendforce.get_dx_comp_index | TrendForce sheet loaded | file=Li-Ion Battery.xlsx | sheet=Precursor and Cathode Material | mode=single_value | rows=6 | columns=14
2026-06-14 19:40:48 | INFO | src.jobs_xlsx.trendforce.get_dx_comp_index | TrendForce sheet transformed | file=Li-Ion Battery.xlsx | sheet=Precursor and Cathode Material | category=Battery | sub_category=None | rows=60
2026-06-14 19:40:48 | INFO | src.jobs_xlsx.trendforce.get_dx_comp_index | TrendForce sheet loaded | file=Li-Ion Battery.xlsx | sheet=Anode Material | mode=single_value | rows=6 | columns=12
2026-06-14 19:40:48 | INFO | src.jobs_xlsx.trendforce.get_dx_comp_index | TrendForce sheet transformed | file=Li-Ion Battery.xlsx | sheet=Anode Material | category=Battery | sub_category=Anode Material | rows=48
2026-06-14 19:40:48 | INFO | src.jobs_xlsx.trendforce.get_dx_comp_index | TrendForce sheet loaded | file=Li-Ion Battery.xlsx | sheet=Separator | mode=single_value | rows=6 | columns=9
2026-06-14 19:40:48 | INFO | src.jobs_xlsx.trendforce.get_dx_comp_index | TrendForce sheet transformed | file=Li-Ion Battery.xlsx | sheet=Separator | category=Battery | sub_category=Separator | rows=30
2026-06-14 19:40:48 | INFO | src.jobs_xlsx.trendforce.get_dx_comp_index | TrendForce sheet loaded | file=Li-Ion Battery.xlsx | sheet=Electrolyte | mode=single_value | rows=6 | columns=8
2026-06-14 19:40:48 | INFO | src.jobs_xlsx.trendforce.get_dx_comp_index | TrendForce sheet transformed | file=Li-Ion Battery.xlsx | sheet=Electrolyte | category=Battery | sub_category=Electrolyte | rows=24
2026-06-14 19:40:48 | INFO | src.jobs_xlsx.trendforce.get_dx_comp_index | TrendForce sheet loaded | file=Li-Ion Battery.xlsx | sheet=Li & Co & Ni | mode=single_value | rows=6 | columns=12
2026-06-14 19:40:48 | INFO | src.jobs_xlsx.trendforce.get_dx_comp_index | TrendForce sheet transformed | file=Li-Ion Battery.xlsx | sheet=Li & Co & Ni | category=Battery | sub_category=LiCoNi | rows=48
2026-06-14 19:40:48 | INFO | src.jobs_xlsx.trendforce.get_dx_comp_index | TrendForce sheet loaded | file=Li-Ion Battery.xlsx | sheet=Other | mode=single_value | rows=6 | columns=6
2026-06-14 19:40:48 | INFO | src.jobs_xlsx.trendforce.get_dx_comp_index | TrendForce sheet transformed | file=Li-Ion Battery.xlsx | sheet=Other | category=Battery | sub_category=Other | rows=12
2026-06-14 19:40:48 | INFO | src.jobs_xlsx.trendforce.get_dx_comp_index | TrendForce workbook transformed | file=Li-Ion Battery.xlsx | rows=264
2026-06-14 19:40:48 | INFO | src.jobs_xlsx.trendforce.get_dx_comp_index | TrendForce industry Parquet saved | output_path=/Users/tommy/Desktop/Pycharm/FinancialData/data_lake/raw/industry/trendforce/components.parquet | rows=3077
2026-06-14 19:43:19 | INFO | src.jobs_xlsx.trendforce.get_dx_comp_index | TrendForce industry data job started | input_dir=/Users/tommy/Desktop/Pycharm/FinancialData/data/industry/TrendForce | metadata_path=/Users/tommy/Desktop/Pycharm/FinancialData/data/metadata.xlsx
2026-06-14 19:43:19 | INFO | src.jobs_xlsx.trendforce.get_dx_comp_index | TrendForce metadata loaded | symbols=117
2026-06-14 19:43:19 | INFO | src.jobs_xlsx.trendforce.get_dx_comp_index | TrendForce sheet loaded | file=DRAM.xlsx | sheet=DRAM | mode=multi_field | rows=283 | columns=25
2026-06-14 19:43:19 | INFO | src.jobs_xlsx.trendforce.get_dx_comp_index | TrendForce sheet transformed | file=DRAM.xlsx | sheet=DRAM | category=DRAM | sub_category=DDR | rows=1981
2026-06-14 19:43:19 | INFO | src.jobs_xlsx.trendforce.get_dx_comp_index | TrendForce sheet loaded | file=DRAM.xlsx | sheet=DRAM Contract | mode=multi_field | rows=6 | columns=25
2026-06-14 19:43:19 | INFO | src.jobs_xlsx.trendforce.get_dx_comp_index | TrendForce sheet transformed | file=DRAM.xlsx | sheet=DRAM Contract | category=DRAM | sub_category=DDR | rows=37
2026-06-14 19:43:19 | INFO | src.jobs_xlsx.trendforce.get_dx_comp_index | TrendForce sheet loaded | file=DRAM.xlsx | sheet=Module | mode=multi_field | rows=21 | columns=13
2026-06-14 19:43:19 | INFO | src.jobs_xlsx.trendforce.get_dx_comp_index | TrendForce sheet transformed | file=DRAM.xlsx | sheet=Module | category=DRAM | sub_category=Module | rows=63
2026-06-14 19:43:19 | INFO | src.jobs_xlsx.trendforce.get_dx_comp_index | TrendForce sheet loaded | file=DRAM.xlsx | sheet=GDDR | mode=multi_field | rows=21 | columns=10
2026-06-14 19:43:19 | INFO | src.jobs_xlsx.trendforce.get_dx_comp_index | TrendForce sheet transformed | file=DRAM.xlsx | sheet=GDDR | category=DRAM | sub_category=GDDR | rows=42
2026-06-14 19:43:19 | INFO | src.jobs_xlsx.trendforce.get_dx_comp_index | TrendForce workbook transformed | file=DRAM.xlsx | rows=2123
2026-06-14 19:43:19 | INFO | src.jobs_xlsx.trendforce.get_dx_comp_index | TrendForce sheet loaded | file=NAND Flash.xlsx | sheet=Flash | mode=multi_field | rows=19 | columns=16
2026-06-14 19:43:19 | INFO | src.jobs_xlsx.trendforce.get_dx_comp_index | TrendForce sheet transformed | file=NAND Flash.xlsx | sheet=Flash | category=Flash Memory | sub_category=NAND | rows=76
2026-06-14 19:43:19 | INFO | src.jobs_xlsx.trendforce.get_dx_comp_index | TrendForce sheet loaded | file=NAND Flash.xlsx | sheet=Flash Contract | mode=multi_field | rows=5 | columns=13
2026-06-14 19:43:19 | INFO | src.jobs_xlsx.trendforce.get_dx_comp_index | TrendForce sheet transformed | file=NAND Flash.xlsx | sheet=Flash Contract | category=Flash Memory | sub_category=NAND | rows=15
2026-06-14 19:43:19 | INFO | src.jobs_xlsx.trendforce.get_dx_comp_index | TrendForce sheet loaded | file=NAND Flash.xlsx | sheet=Wafer | mode=multi_field | rows=19 | columns=13
2026-06-14 19:43:19 | INFO | src.jobs_xlsx.trendforce.get_dx_comp_index | TrendForce sheet transformed | file=NAND Flash.xlsx | sheet=Wafer | category=Flash Memory | sub_category=Wafer | rows=57
2026-06-14 19:43:19 | INFO | src.jobs_xlsx.trendforce.get_dx_comp_index | TrendForce sheet loaded | file=NAND Flash.xlsx | sheet=Memory Card | mode=multi_field | rows=19 | columns=16
2026-06-14 19:43:19 | INFO | src.jobs_xlsx.trendforce.get_dx_comp_index | TrendForce sheet transformed | file=NAND Flash.xlsx | sheet=Memory Card | category=Flash Memory | sub_category=Micro SD | rows=76
2026-06-14 19:43:19 | INFO | src.jobs_xlsx.trendforce.get_dx_comp_index | TrendForce sheet loaded | file=NAND Flash.xlsx | sheet=PC-Client OEM SSD | mode=multi_field | rows=3 | columns=13
2026-06-14 19:43:19 | INFO | src.jobs_xlsx.trendforce.get_dx_comp_index | TrendForce sheet transformed | file=NAND Flash.xlsx | sheet=PC-Client OEM SSD | category=Flash Memory | sub_category=SSD | rows=9
2026-06-14 19:43:19 | INFO | src.jobs_xlsx.trendforce.get_dx_comp_index | TrendForce sheet loaded | file=NAND Flash.xlsx | sheet=SSD Street | mode=multi_field | rows=10 | columns=22
2026-06-14 19:43:19 | INFO | src.jobs_xlsx.trendforce.get_dx_comp_index | TrendForce sheet transformed | file=NAND Flash.xlsx | sheet=SSD Street | category=Flash Memory | sub_category=SSD | rows=50
2026-06-14 19:43:19 | INFO | src.jobs_xlsx.trendforce.get_dx_comp_index | TrendForce workbook transformed | file=NAND Flash.xlsx | rows=283
2026-06-14 19:43:19 | INFO | src.jobs_xlsx.trendforce.get_dx_comp_index | TrendForce sheet loaded | file=PV.xlsx | sheet=Polysilicon | mode=multi_field | rows=19 | columns=16
2026-06-14 19:43:19 | INFO | src.jobs_xlsx.trendforce.get_dx_comp_index | TrendForce sheet transformed | file=PV.xlsx | sheet=Polysilicon | category=PV | sub_category=Polysilicon | rows=76
2026-06-14 19:43:19 | INFO | src.jobs_xlsx.trendforce.get_dx_comp_index | TrendForce sheet loaded | file=PV.xlsx | sheet=Wafer | mode=multi_field | rows=19 | columns=13
2026-06-14 19:43:19 | INFO | src.jobs_xlsx.trendforce.get_dx_comp_index | TrendForce sheet transformed | file=PV.xlsx | sheet=Wafer | category=PV | sub_category=Wafer | rows=57
2026-06-14 19:43:19 | INFO | src.jobs_xlsx.trendforce.get_dx_comp_index | TrendForce sheet loaded | file=PV.xlsx | sheet=Cell | mode=multi_field | rows=19 | columns=13
2026-06-14 19:43:19 | INFO | src.jobs_xlsx.trendforce.get_dx_comp_index | TrendForce sheet transformed | file=PV.xlsx | sheet=Cell | category=PV | sub_category=Cell | rows=57
2026-06-14 19:43:19 | INFO | src.jobs_xlsx.trendforce.get_dx_comp_index | TrendForce sheet loaded | file=PV.xlsx | sheet=Module | mode=multi_field | rows=19 | columns=10
2026-06-14 19:43:19 | INFO | src.jobs_xlsx.trendforce.get_dx_comp_index | TrendForce sheet transformed | file=PV.xlsx | sheet=Module | category=PV | sub_category=Module | rows=38
2026-06-14 19:43:19 | INFO | src.jobs_xlsx.trendforce.get_dx_comp_index | TrendForce sheet loaded | file=PV.xlsx | sheet=PV Glass | mode=multi_field | rows=19 | columns=13
2026-06-14 19:43:19 | INFO | src.jobs_xlsx.trendforce.get_dx_comp_index | TrendForce sheet transformed | file=PV.xlsx | sheet=PV Glass | category=PV | sub_category=PV Glass | rows=57
2026-06-14 19:43:19 | INFO | src.jobs_xlsx.trendforce.get_dx_comp_index | TrendForce workbook transformed | file=PV.xlsx | rows=285
2026-06-14 19:43:19 | INFO | src.jobs_xlsx.trendforce.get_dx_comp_index | TrendForce sheet loaded | file=TFT LCD.xlsx | sheet=Large Size Panel | mode=multi_field | rows=5 | columns=16
2026-06-14 19:43:19 | INFO | src.jobs_xlsx.trendforce.get_dx_comp_index | TrendForce sheet transformed | file=TFT LCD.xlsx | sheet=Large Size Panel | category=TFTLCD | sub_category=Large Panel | rows=15
2026-06-14 19:43:19 | INFO | src.jobs_xlsx.trendforce.get_dx_comp_index | TrendForce sheet loaded | file=TFT LCD.xlsx | sheet=LCD Smartphone Panel | mode=multi_field | rows=6 | columns=12
2026-06-14 19:43:19 | INFO | src.jobs_xlsx.trendforce.get_dx_comp_index | TrendForce sheet transformed | file=TFT LCD.xlsx | sheet=LCD Smartphone Panel | category=TFTLCD | sub_category=Smartphone Panel | rows=12
2026-06-14 19:43:19 | INFO | src.jobs_xlsx.trendforce.get_dx_comp_index | TrendForce sheet loaded | file=TFT LCD.xlsx | sheet=Street | mode=multi_field | rows=7 | columns=24
2026-06-14 19:43:19 | INFO | src.jobs_xlsx.trendforce.get_dx_comp_index | TrendForce sheet transformed | file=TFT LCD.xlsx | sheet=Street | category=TFTLCD | sub_category=LCD | rows=35
2026-06-14 19:43:19 | INFO | src.jobs_xlsx.trendforce.get_dx_comp_index | TrendForce sheet loaded | file=TFT LCD.xlsx | sheet=Large Size Panel Shipment | mode=multi_field | rows=6 | columns=14
2026-06-14 19:43:19 | INFO | src.jobs_xlsx.trendforce.get_dx_comp_index | TrendForce sheet transformed | file=TFT LCD.xlsx | sheet=Large Size Panel Shipment | category=TFTLCD | sub_category=Shipment | rows=60
2026-06-14 19:43:19 | INFO | src.jobs_xlsx.trendforce.get_dx_comp_index | TrendForce workbook transformed | file=TFT LCD.xlsx | rows=122
2026-06-14 19:43:19 | INFO | src.jobs_xlsx.trendforce.get_dx_comp_index | TrendForce sheet loaded | file=Li-Ion Battery.xlsx | sheet=Battery Cell & Pack | mode=single_value | rows=6 | columns=11
2026-06-14 19:43:19 | INFO | src.jobs_xlsx.trendforce.get_dx_comp_index | TrendForce sheet transformed | file=Li-Ion Battery.xlsx | sheet=Battery Cell & Pack | category=Battery | sub_category=None | rows=42
2026-06-14 19:43:19 | INFO | src.jobs_xlsx.trendforce.get_dx_comp_index | TrendForce sheet loaded | file=Li-Ion Battery.xlsx | sheet=Precursor and Cathode Material | mode=single_value | rows=6 | columns=14
2026-06-14 19:43:19 | INFO | src.jobs_xlsx.trendforce.get_dx_comp_index | TrendForce sheet transformed | file=Li-Ion Battery.xlsx | sheet=Precursor and Cathode Material | category=Battery | sub_category=None | rows=60
2026-06-14 19:43:19 | INFO | src.jobs_xlsx.trendforce.get_dx_comp_index | TrendForce sheet loaded | file=Li-Ion Battery.xlsx | sheet=Anode Material | mode=single_value | rows=6 | columns=12
2026-06-14 19:43:19 | INFO | src.jobs_xlsx.trendforce.get_dx_comp_index | TrendForce sheet transformed | file=Li-Ion Battery.xlsx | sheet=Anode Material | category=Battery | sub_category=Anode Material | rows=48
2026-06-14 19:43:19 | INFO | src.jobs_xlsx.trendforce.get_dx_comp_index | TrendForce sheet loaded | file=Li-Ion Battery.xlsx | sheet=Separator | mode=single_value | rows=6 | columns=9
2026-06-14 19:43:19 | INFO | src.jobs_xlsx.trendforce.get_dx_comp_index | TrendForce sheet transformed | file=Li-Ion Battery.xlsx | sheet=Separator | category=Battery | sub_category=Separator | rows=30
2026-06-14 19:43:19 | INFO | src.jobs_xlsx.trendforce.get_dx_comp_index | TrendForce sheet loaded | file=Li-Ion Battery.xlsx | sheet=Electrolyte | mode=single_value | rows=6 | columns=8
2026-06-14 19:43:19 | INFO | src.jobs_xlsx.trendforce.get_dx_comp_index | TrendForce sheet transformed | file=Li-Ion Battery.xlsx | sheet=Electrolyte | category=Battery | sub_category=Electrolyte | rows=24
2026-06-14 19:43:19 | INFO | src.jobs_xlsx.trendforce.get_dx_comp_index | TrendForce sheet loaded | file=Li-Ion Battery.xlsx | sheet=Li & Co & Ni | mode=single_value | rows=6 | columns=12
2026-06-14 19:43:19 | INFO | src.jobs_xlsx.trendforce.get_dx_comp_index | TrendForce sheet transformed | file=Li-Ion Battery.xlsx | sheet=Li & Co & Ni | category=Battery | sub_category=LiCoNi | rows=48
2026-06-14 19:43:19 | INFO | src.jobs_xlsx.trendforce.get_dx_comp_index | TrendForce sheet loaded | file=Li-Ion Battery.xlsx | sheet=Other | mode=single_value | rows=6 | columns=6
2026-06-14 19:43:19 | INFO | src.jobs_xlsx.trendforce.get_dx_comp_index | TrendForce sheet transformed | file=Li-Ion Battery.xlsx | sheet=Other | category=Battery | sub_category=Other | rows=12
2026-06-14 19:43:19 | INFO | src.jobs_xlsx.trendforce.get_dx_comp_index | TrendForce workbook transformed | file=Li-Ion Battery.xlsx | rows=264
2026-06-14 19:43:19 | INFO | src.jobs_xlsx.trendforce.get_dx_comp_index | TrendForce industry Parquet saved | output_path=/Users/tommy/Desktop/Pycharm/FinancialData/data_lake/raw/industry/trendforce/components.parquet | rows=3077
2026-06-14 19:46:31 | INFO | src.jobs_xlsx.trendforce.get_dx_comp_index | TrendForce industry data job started | input_dir=/Users/tommy/Desktop/Pycharm/FinancialData/data/industry/TrendForce | metadata_path=/Users/tommy/Desktop/Pycharm/FinancialData/data/metadata.xlsx
2026-06-14 19:46:31 | INFO | src.jobs_xlsx.trendforce.get_dx_comp_index | TrendForce metadata loaded | symbols=117
2026-06-14 19:46:31 | INFO | src.jobs_xlsx.trendforce.get_dx_comp_index | TrendForce sheet loaded | file=DRAM.xlsx | sheet=DRAM | mode=multi_field | rows=283 | columns=25
2026-06-14 19:46:31 | INFO | src.jobs_xlsx.trendforce.get_dx_comp_index | TrendForce sheet transformed | file=DRAM.xlsx | sheet=DRAM | category=DRAM | sub_category=DDR | rows=1981
2026-06-14 19:46:31 | INFO | src.jobs_xlsx.trendforce.get_dx_comp_index | TrendForce sheet loaded | file=DRAM.xlsx | sheet=DRAM Contract | mode=multi_field | rows=6 | columns=25
2026-06-14 19:46:31 | INFO | src.jobs_xlsx.trendforce.get_dx_comp_index | TrendForce sheet transformed | file=DRAM.xlsx | sheet=DRAM Contract | category=DRAM | sub_category=DDR | rows=37
2026-06-14 19:46:31 | INFO | src.jobs_xlsx.trendforce.get_dx_comp_index | TrendForce sheet loaded | file=DRAM.xlsx | sheet=Module | mode=multi_field | rows=21 | columns=13
2026-06-14 19:46:31 | INFO | src.jobs_xlsx.trendforce.get_dx_comp_index | TrendForce sheet transformed | file=DRAM.xlsx | sheet=Module | category=DRAM | sub_category=Module | rows=63
2026-06-14 19:46:31 | INFO | src.jobs_xlsx.trendforce.get_dx_comp_index | TrendForce sheet loaded | file=DRAM.xlsx | sheet=GDDR | mode=multi_field | rows=21 | columns=10
2026-06-14 19:46:31 | INFO | src.jobs_xlsx.trendforce.get_dx_comp_index | TrendForce sheet transformed | file=DRAM.xlsx | sheet=GDDR | category=DRAM | sub_category=GDDR | rows=42
2026-06-14 19:46:31 | INFO | src.jobs_xlsx.trendforce.get_dx_comp_index | TrendForce workbook transformed | file=DRAM.xlsx | rows=2123
2026-06-14 19:46:31 | INFO | src.jobs_xlsx.trendforce.get_dx_comp_index | TrendForce sheet loaded | file=NAND Flash.xlsx | sheet=Flash | mode=multi_field | rows=19 | columns=16
2026-06-14 19:46:31 | INFO | src.jobs_xlsx.trendforce.get_dx_comp_index | TrendForce sheet transformed | file=NAND Flash.xlsx | sheet=Flash | category=Flash Memory | sub_category=NAND | rows=76
2026-06-14 19:46:31 | INFO | src.jobs_xlsx.trendforce.get_dx_comp_index | TrendForce sheet loaded | file=NAND Flash.xlsx | sheet=Flash Contract | mode=multi_field | rows=5 | columns=13
2026-06-14 19:46:31 | INFO | src.jobs_xlsx.trendforce.get_dx_comp_index | TrendForce sheet transformed | file=NAND Flash.xlsx | sheet=Flash Contract | category=Flash Memory | sub_category=NAND | rows=15
2026-06-14 19:46:31 | INFO | src.jobs_xlsx.trendforce.get_dx_comp_index | TrendForce sheet loaded | file=NAND Flash.xlsx | sheet=Wafer | mode=multi_field | rows=19 | columns=13
2026-06-14 19:46:31 | INFO | src.jobs_xlsx.trendforce.get_dx_comp_index | TrendForce sheet transformed | file=NAND Flash.xlsx | sheet=Wafer | category=Flash Memory | sub_category=Wafer | rows=57
2026-06-14 19:46:31 | INFO | src.jobs_xlsx.trendforce.get_dx_comp_index | TrendForce sheet loaded | file=NAND Flash.xlsx | sheet=Memory Card | mode=multi_field | rows=19 | columns=16
2026-06-14 19:46:31 | INFO | src.jobs_xlsx.trendforce.get_dx_comp_index | TrendForce sheet transformed | file=NAND Flash.xlsx | sheet=Memory Card | category=Flash Memory | sub_category=Micro SD | rows=76
2026-06-14 19:46:31 | INFO | src.jobs_xlsx.trendforce.get_dx_comp_index | TrendForce sheet loaded | file=NAND Flash.xlsx | sheet=PC-Client OEM SSD | mode=multi_field | rows=3 | columns=13
2026-06-14 19:46:31 | INFO | src.jobs_xlsx.trendforce.get_dx_comp_index | TrendForce sheet transformed | file=NAND Flash.xlsx | sheet=PC-Client OEM SSD | category=Flash Memory | sub_category=SSD | rows=9
2026-06-14 19:46:31 | INFO | src.jobs_xlsx.trendforce.get_dx_comp_index | TrendForce sheet loaded | file=NAND Flash.xlsx | sheet=SSD Street | mode=multi_field | rows=10 | columns=22
2026-06-14 19:46:31 | INFO | src.jobs_xlsx.trendforce.get_dx_comp_index | TrendForce sheet transformed | file=NAND Flash.xlsx | sheet=SSD Street | category=Flash Memory | sub_category=SSD | rows=50
2026-06-14 19:46:31 | INFO | src.jobs_xlsx.trendforce.get_dx_comp_index | TrendForce workbook transformed | file=NAND Flash.xlsx | rows=283
2026-06-14 19:46:32 | INFO | src.jobs_xlsx.trendforce.get_dx_comp_index | TrendForce sheet loaded | file=PV.xlsx | sheet=Polysilicon | mode=multi_field | rows=19 | columns=16
2026-06-14 19:46:32 | INFO | src.jobs_xlsx.trendforce.get_dx_comp_index | TrendForce sheet transformed | file=PV.xlsx | sheet=Polysilicon | category=PV | sub_category=Polysilicon | rows=76
2026-06-14 19:46:32 | INFO | src.jobs_xlsx.trendforce.get_dx_comp_index | TrendForce sheet loaded | file=PV.xlsx | sheet=Wafer | mode=multi_field | rows=19 | columns=13
2026-06-14 19:46:32 | INFO | src.jobs_xlsx.trendforce.get_dx_comp_index | TrendForce sheet transformed | file=PV.xlsx | sheet=Wafer | category=PV | sub_category=Wafer | rows=57
2026-06-14 19:46:32 | INFO | src.jobs_xlsx.trendforce.get_dx_comp_index | TrendForce sheet loaded | file=PV.xlsx | sheet=Cell | mode=multi_field | rows=19 | columns=13
2026-06-14 19:46:32 | INFO | src.jobs_xlsx.trendforce.get_dx_comp_index | TrendForce sheet transformed | file=PV.xlsx | sheet=Cell | category=PV | sub_category=Cell | rows=57
2026-06-14 19:46:32 | INFO | src.jobs_xlsx.trendforce.get_dx_comp_index | TrendForce sheet loaded | file=PV.xlsx | sheet=Module | mode=multi_field | rows=19 | columns=10
2026-06-14 19:46:32 | INFO | src.jobs_xlsx.trendforce.get_dx_comp_index | TrendForce sheet transformed | file=PV.xlsx | sheet=Module | category=PV | sub_category=Module | rows=38
2026-06-14 19:46:32 | INFO | src.jobs_xlsx.trendforce.get_dx_comp_index | TrendForce sheet loaded | file=PV.xlsx | sheet=PV Glass | mode=multi_field | rows=19 | columns=13
2026-06-14 19:46:32 | INFO | src.jobs_xlsx.trendforce.get_dx_comp_index | TrendForce sheet transformed | file=PV.xlsx | sheet=PV Glass | category=PV | sub_category=PV Glass | rows=57
2026-06-14 19:46:32 | INFO | src.jobs_xlsx.trendforce.get_dx_comp_index | TrendForce workbook transformed | file=PV.xlsx | rows=285
2026-06-14 19:46:32 | INFO | src.jobs_xlsx.trendforce.get_dx_comp_index | TrendForce sheet loaded | file=TFT LCD.xlsx | sheet=Large Size Panel | mode=multi_field | rows=5 | columns=16
2026-06-14 19:46:32 | INFO | src.jobs_xlsx.trendforce.get_dx_comp_index | TrendForce sheet transformed | file=TFT LCD.xlsx | sheet=Large Size Panel | category=TFTLCD | sub_category=Large Panel | rows=15
2026-06-14 19:46:32 | INFO | src.jobs_xlsx.trendforce.get_dx_comp_index | TrendForce sheet loaded | file=TFT LCD.xlsx | sheet=LCD Smartphone Panel | mode=multi_field | rows=6 | columns=12
2026-06-14 19:46:32 | INFO | src.jobs_xlsx.trendforce.get_dx_comp_index | TrendForce sheet transformed | file=TFT LCD.xlsx | sheet=LCD Smartphone Panel | category=TFTLCD | sub_category=Smartphone Panel | rows=12
2026-06-14 19:46:32 | INFO | src.jobs_xlsx.trendforce.get_dx_comp_index | TrendForce sheet loaded | file=TFT LCD.xlsx | sheet=Street | mode=multi_field | rows=7 | columns=24
2026-06-14 19:46:32 | INFO | src.jobs_xlsx.trendforce.get_dx_comp_index | TrendForce sheet transformed | file=TFT LCD.xlsx | sheet=Street | category=TFTLCD | sub_category=LCD | rows=35
2026-06-14 19:46:32 | INFO | src.jobs_xlsx.trendforce.get_dx_comp_index | TrendForce sheet loaded | file=TFT LCD.xlsx | sheet=Large Size Panel Shipment | mode=multi_field | rows=6 | columns=14
2026-06-14 19:46:32 | INFO | src.jobs_xlsx.trendforce.get_dx_comp_index | TrendForce sheet transformed | file=TFT LCD.xlsx | sheet=Large Size Panel Shipment | category=TFTLCD | sub_category=Shipment | rows=60
2026-06-14 19:46:32 | INFO | src.jobs_xlsx.trendforce.get_dx_comp_index | TrendForce workbook transformed | file=TFT LCD.xlsx | rows=122
2026-06-14 19:46:32 | INFO | src.jobs_xlsx.trendforce.get_dx_comp_index | TrendForce sheet loaded | file=Li-Ion Battery.xlsx | sheet=Battery Cell & Pack | mode=single_value | rows=6 | columns=11
2026-06-14 19:46:32 | INFO | src.jobs_xlsx.trendforce.get_dx_comp_index | TrendForce sheet transformed | file=Li-Ion Battery.xlsx | sheet=Battery Cell & Pack | category=Battery | sub_category=None | rows=42
2026-06-14 19:46:32 | INFO | src.jobs_xlsx.trendforce.get_dx_comp_index | TrendForce sheet loaded | file=Li-Ion Battery.xlsx | sheet=Precursor and Cathode Material | mode=single_value | rows=6 | columns=14
2026-06-14 19:46:32 | INFO | src.jobs_xlsx.trendforce.get_dx_comp_index | TrendForce sheet transformed | file=Li-Ion Battery.xlsx | sheet=Precursor and Cathode Material | category=Battery | sub_category=None | rows=60
2026-06-14 19:46:32 | INFO | src.jobs_xlsx.trendforce.get_dx_comp_index | TrendForce sheet loaded | file=Li-Ion Battery.xlsx | sheet=Anode Material | mode=single_value | rows=6 | columns=12
2026-06-14 19:46:32 | INFO | src.jobs_xlsx.trendforce.get_dx_comp_index | TrendForce sheet transformed | file=Li-Ion Battery.xlsx | sheet=Anode Material | category=Battery | sub_category=Anode Material | rows=48
2026-06-14 19:46:32 | INFO | src.jobs_xlsx.trendforce.get_dx_comp_index | TrendForce sheet loaded | file=Li-Ion Battery.xlsx | sheet=Separator | mode=single_value | rows=6 | columns=9
2026-06-14 19:46:32 | INFO | src.jobs_xlsx.trendforce.get_dx_comp_index | TrendForce sheet transformed | file=Li-Ion Battery.xlsx | sheet=Separator | category=Battery | sub_category=Separator | rows=30
2026-06-14 19:46:32 | INFO | src.jobs_xlsx.trendforce.get_dx_comp_index | TrendForce sheet loaded | file=Li-Ion Battery.xlsx | sheet=Electrolyte | mode=single_value | rows=6 | columns=8
2026-06-14 19:46:32 | INFO | src.jobs_xlsx.trendforce.get_dx_comp_index | TrendForce sheet transformed | file=Li-Ion Battery.xlsx | sheet=Electrolyte | category=Battery | sub_category=Electrolyte | rows=24
2026-06-14 19:46:32 | INFO | src.jobs_xlsx.trendforce.get_dx_comp_index | TrendForce sheet loaded | file=Li-Ion Battery.xlsx | sheet=Li & Co & Ni | mode=single_value | rows=6 | columns=12
2026-06-14 19:46:32 | INFO | src.jobs_xlsx.trendforce.get_dx_comp_index | TrendForce sheet transformed | file=Li-Ion Battery.xlsx | sheet=Li & Co & Ni | category=Battery | sub_category=LiCoNi | rows=48
2026-06-14 19:46:32 | INFO | src.jobs_xlsx.trendforce.get_dx_comp_index | TrendForce sheet loaded | file=Li-Ion Battery.xlsx | sheet=Other | mode=single_value | rows=6 | columns=6
2026-06-14 19:46:32 | INFO | src.jobs_xlsx.trendforce.get_dx_comp_index | TrendForce sheet transformed | file=Li-Ion Battery.xlsx | sheet=Other | category=Battery | sub_category=Other | rows=12
2026-06-14 19:46:32 | INFO | src.jobs_xlsx.trendforce.get_dx_comp_index | TrendForce workbook transformed | file=Li-Ion Battery.xlsx | rows=264
2026-06-14 19:46:32 | INFO | src.jobs_xlsx.trendforce.get_dx_comp_index | TrendForce industry Parquet saved | output_path=/Users/tommy/Desktop/Pycharm/FinancialData/data_lake/raw/industry/trendforce/components.parquet | rows=3077
2026-06-15 09:10:15 | INFO | src.jobs_xlsx.trendforce.get_dx_comp_index | TrendForce industry data job started | input_dir=C:\Users\krm\PycharmProjects\AlternativeData\data\industry\TrendForce | metadata_path=C:\Users\krm\PycharmProjects\AlternativeData\data\metadata.xlsx
2026-06-15 09:10:15 | INFO | src.jobs_xlsx.trendforce.get_dx_comp_index | TrendForce metadata loaded | symbols=117
2026-06-15 09:10:15 | INFO | src.jobs_xlsx.trendforce.get_dx_comp_index | TrendForce sheet loaded | file=DRAM.xlsx | sheet=DRAM | mode=multi_field | rows=283 | columns=25
2026-06-15 09:10:15 | INFO | src.jobs_xlsx.trendforce.get_dx_comp_index | TrendForce sheet transformed | file=DRAM.xlsx | sheet=DRAM | category=DRAM | sub_category=DDR | rows=1981
2026-06-15 09:10:15 | INFO | src.jobs_xlsx.trendforce.get_dx_comp_index | TrendForce sheet loaded | file=DRAM.xlsx | sheet=DRAM Contract | mode=multi_field | rows=6 | columns=25
2026-06-15 09:10:16 | INFO | src.jobs_xlsx.trendforce.get_dx_comp_index | TrendForce sheet transformed | file=DRAM.xlsx | sheet=DRAM Contract | category=DRAM | sub_category=DDR | rows=37
2026-06-15 09:10:16 | INFO | src.jobs_xlsx.trendforce.get_dx_comp_index | TrendForce sheet loaded | file=DRAM.xlsx | sheet=Module | mode=multi_field | rows=21 | columns=13
2026-06-15 09:10:16 | INFO | src.jobs_xlsx.trendforce.get_dx_comp_index | TrendForce sheet transformed | file=DRAM.xlsx | sheet=Module | category=DRAM | sub_category=Module | rows=63
2026-06-15 09:10:16 | INFO | src.jobs_xlsx.trendforce.get_dx_comp_index | TrendForce sheet loaded | file=DRAM.xlsx | sheet=GDDR | mode=multi_field | rows=21 | columns=10
2026-06-15 09:10:16 | INFO | src.jobs_xlsx.trendforce.get_dx_comp_index | TrendForce sheet transformed | file=DRAM.xlsx | sheet=GDDR | category=DRAM | sub_category=GDDR | rows=42
2026-06-15 09:10:16 | INFO | src.jobs_xlsx.trendforce.get_dx_comp_index | TrendForce workbook transformed | file=DRAM.xlsx | rows=2123
2026-06-15 09:10:16 | INFO | src.jobs_xlsx.trendforce.get_dx_comp_index | TrendForce sheet loaded | file=NAND Flash.xlsx | sheet=Flash | mode=multi_field | rows=19 | columns=16
2026-06-15 09:10:16 | INFO | src.jobs_xlsx.trendforce.get_dx_comp_index | TrendForce sheet transformed | file=NAND Flash.xlsx | sheet=Flash | category=Flash Memory | sub_category=NAND | rows=76
2026-06-15 09:10:16 | INFO | src.jobs_xlsx.trendforce.get_dx_comp_index | TrendForce sheet loaded | file=NAND Flash.xlsx | sheet=Flash Contract | mode=multi_field | rows=5 | columns=13
2026-06-15 09:10:16 | INFO | src.jobs_xlsx.trendforce.get_dx_comp_index | TrendForce sheet transformed | file=NAND Flash.xlsx | sheet=Flash Contract | category=Flash Memory | sub_category=NAND | rows=15
2026-06-15 09:10:16 | INFO | src.jobs_xlsx.trendforce.get_dx_comp_index | TrendForce sheet loaded | file=NAND Flash.xlsx | sheet=Wafer | mode=multi_field | rows=19 | columns=13
2026-06-15 09:10:16 | INFO | src.jobs_xlsx.trendforce.get_dx_comp_index | TrendForce sheet transformed | file=NAND Flash.xlsx | sheet=Wafer | category=Flash Memory | sub_category=Wafer | rows=57
2026-06-15 09:10:16 | INFO | src.jobs_xlsx.trendforce.get_dx_comp_index | TrendForce sheet loaded | file=NAND Flash.xlsx | sheet=Memory Card | mode=multi_field | rows=19 | columns=16
2026-06-15 09:10:16 | INFO | src.jobs_xlsx.trendforce.get_dx_comp_index | TrendForce sheet transformed | file=NAND Flash.xlsx | sheet=Memory Card | category=Flash Memory | sub_category=Micro SD | rows=76
2026-06-15 09:10:16 | INFO | src.jobs_xlsx.trendforce.get_dx_comp_index | TrendForce sheet loaded | file=NAND Flash.xlsx | sheet=PC-Client OEM SSD | mode=multi_field | rows=3 | columns=13
2026-06-15 09:10:16 | INFO | src.jobs_xlsx.trendforce.get_dx_comp_index | TrendForce sheet transformed | file=NAND Flash.xlsx | sheet=PC-Client OEM SSD | category=Flash Memory | sub_category=SSD | rows=9
2026-06-15 09:10:16 | INFO | src.jobs_xlsx.trendforce.get_dx_comp_index | TrendForce sheet loaded | file=NAND Flash.xlsx | sheet=SSD Street | mode=multi_field | rows=10 | columns=22
2026-06-15 09:10:16 | INFO | src.jobs_xlsx.trendforce.get_dx_comp_index | TrendForce sheet transformed | file=NAND Flash.xlsx | sheet=SSD Street | category=Flash Memory | sub_category=SSD | rows=50
2026-06-15 09:10:16 | INFO | src.jobs_xlsx.trendforce.get_dx_comp_index | TrendForce workbook transformed | file=NAND Flash.xlsx | rows=283
2026-06-15 09:10:16 | INFO | src.jobs_xlsx.trendforce.get_dx_comp_index | TrendForce sheet loaded | file=PV.xlsx | sheet=Polysilicon | mode=multi_field | rows=19 | columns=16
2026-06-15 09:10:16 | INFO | src.jobs_xlsx.trendforce.get_dx_comp_index | TrendForce sheet transformed | file=PV.xlsx | sheet=Polysilicon | category=PV | sub_category=Polysilicon | rows=76
2026-06-15 09:10:16 | INFO | src.jobs_xlsx.trendforce.get_dx_comp_index | TrendForce sheet loaded | file=PV.xlsx | sheet=Wafer | mode=multi_field | rows=19 | columns=13
2026-06-15 09:10:16 | INFO | src.jobs_xlsx.trendforce.get_dx_comp_index | TrendForce sheet transformed | file=PV.xlsx | sheet=Wafer | category=PV | sub_category=Wafer | rows=57
2026-06-15 09:10:16 | INFO | src.jobs_xlsx.trendforce.get_dx_comp_index | TrendForce sheet loaded | file=PV.xlsx | sheet=Cell | mode=multi_field | rows=19 | columns=13
2026-06-15 09:10:16 | INFO | src.jobs_xlsx.trendforce.get_dx_comp_index | TrendForce sheet transformed | file=PV.xlsx | sheet=Cell | category=PV | sub_category=Cell | rows=57
2026-06-15 09:10:16 | INFO | src.jobs_xlsx.trendforce.get_dx_comp_index | TrendForce sheet loaded | file=PV.xlsx | sheet=Module | mode=multi_field | rows=19 | columns=10
2026-06-15 09:10:16 | INFO | src.jobs_xlsx.trendforce.get_dx_comp_index | TrendForce sheet transformed | file=PV.xlsx | sheet=Module | category=PV | sub_category=Module | rows=38
2026-06-15 09:10:16 | INFO | src.jobs_xlsx.trendforce.get_dx_comp_index | TrendForce sheet loaded | file=PV.xlsx | sheet=PV Glass | mode=multi_field | rows=19 | columns=13
2026-06-15 09:10:16 | INFO | src.jobs_xlsx.trendforce.get_dx_comp_index | TrendForce sheet transformed | file=PV.xlsx | sheet=PV Glass | category=PV | sub_category=PV Glass | rows=57
2026-06-15 09:10:16 | INFO | src.jobs_xlsx.trendforce.get_dx_comp_index | TrendForce workbook transformed | file=PV.xlsx | rows=285
2026-06-15 09:10:16 | INFO | src.jobs_xlsx.trendforce.get_dx_comp_index | TrendForce sheet loaded | file=TFT LCD.xlsx | sheet=Large Size Panel | mode=multi_field | rows=5 | columns=16
2026-06-15 09:10:16 | INFO | src.jobs_xlsx.trendforce.get_dx_comp_index | TrendForce sheet transformed | file=TFT LCD.xlsx | sheet=Large Size Panel | category=TFTLCD | sub_category=Large Panel | rows=15
2026-06-15 09:10:16 | INFO | src.jobs_xlsx.trendforce.get_dx_comp_index | TrendForce sheet loaded | file=TFT LCD.xlsx | sheet=LCD Smartphone Panel | mode=multi_field | rows=6 | columns=12
2026-06-15 09:10:16 | INFO | src.jobs_xlsx.trendforce.get_dx_comp_index | TrendForce sheet transformed | file=TFT LCD.xlsx | sheet=LCD Smartphone Panel | category=TFTLCD | sub_category=Smartphone Panel | rows=12
2026-06-15 09:10:16 | INFO | src.jobs_xlsx.trendforce.get_dx_comp_index | TrendForce sheet loaded | file=TFT LCD.xlsx | sheet=Street | mode=multi_field | rows=7 | columns=24
2026-06-15 09:10:16 | INFO | src.jobs_xlsx.trendforce.get_dx_comp_index | TrendForce sheet transformed | file=TFT LCD.xlsx | sheet=Street | category=TFTLCD | sub_category=LCD | rows=35
2026-06-15 09:10:16 | INFO | src.jobs_xlsx.trendforce.get_dx_comp_index | TrendForce sheet loaded | file=TFT LCD.xlsx | sheet=Large Size Panel Shipment | mode=multi_field | rows=6 | columns=14
2026-06-15 09:10:16 | INFO | src.jobs_xlsx.trendforce.get_dx_comp_index | TrendForce sheet transformed | file=TFT LCD.xlsx | sheet=Large Size Panel Shipment | category=TFTLCD | sub_category=Shipment | rows=60
2026-06-15 09:10:16 | INFO | src.jobs_xlsx.trendforce.get_dx_comp_index | TrendForce workbook transformed | file=TFT LCD.xlsx | rows=122
2026-06-15 09:10:16 | INFO | src.jobs_xlsx.trendforce.get_dx_comp_index | TrendForce sheet loaded | file=Li-Ion Battery.xlsx | sheet=Battery Cell & Pack | mode=single_value | rows=6 | columns=11
2026-06-15 09:10:16 | INFO | src.jobs_xlsx.trendforce.get_dx_comp_index | TrendForce sheet transformed | file=Li-Ion Battery.xlsx | sheet=Battery Cell & Pack | category=Battery | sub_category=None | rows=42
2026-06-15 09:10:16 | INFO | src.jobs_xlsx.trendforce.get_dx_comp_index | TrendForce sheet loaded | file=Li-Ion Battery.xlsx | sheet=Precursor and Cathode Material | mode=single_value | rows=6 | columns=14
2026-06-15 09:10:16 | INFO | src.jobs_xlsx.trendforce.get_dx_comp_index | TrendForce sheet transformed | file=Li-Ion Battery.xlsx | sheet=Precursor and Cathode Material | category=Battery | sub_category=None | rows=60
2026-06-15 09:10:16 | INFO | src.jobs_xlsx.trendforce.get_dx_comp_index | TrendForce sheet loaded | file=Li-Ion Battery.xlsx | sheet=Anode Material | mode=single_value | rows=6 | columns=12
2026-06-15 09:10:16 | INFO | src.jobs_xlsx.trendforce.get_dx_comp_index | TrendForce sheet transformed | file=Li-Ion Battery.xlsx | sheet=Anode Material | category=Battery | sub_category=Anode Material | rows=48
2026-06-15 09:10:16 | INFO | src.jobs_xlsx.trendforce.get_dx_comp_index | TrendForce sheet loaded | file=Li-Ion Battery.xlsx | sheet=Separator | mode=single_value | rows=6 | columns=9
2026-06-15 09:10:16 | INFO | src.jobs_xlsx.trendforce.get_dx_comp_index | TrendForce sheet transformed | file=Li-Ion Battery.xlsx | sheet=Separator | category=Battery | sub_category=Separator | rows=30
2026-06-15 09:10:16 | INFO | src.jobs_xlsx.trendforce.get_dx_comp_index | TrendForce sheet loaded | file=Li-Ion Battery.xlsx | sheet=Electrolyte | mode=single_value | rows=6 | columns=8
2026-06-15 09:10:16 | INFO | src.jobs_xlsx.trendforce.get_dx_comp_index | TrendForce sheet transformed | file=Li-Ion Battery.xlsx | sheet=Electrolyte | category=Battery | sub_category=Electrolyte | rows=24
2026-06-15 09:10:16 | INFO | src.jobs_xlsx.trendforce.get_dx_comp_index | TrendForce sheet loaded | file=Li-Ion Battery.xlsx | sheet=Li & Co & Ni | mode=single_value | rows=6 | columns=12
2026-06-15 09:10:16 | INFO | src.jobs_xlsx.trendforce.get_dx_comp_index | TrendForce sheet transformed | file=Li-Ion Battery.xlsx | sheet=Li & Co & Ni | category=Battery | sub_category=LiCoNi | rows=48
2026-06-15 09:10:16 | INFO | src.jobs_xlsx.trendforce.get_dx_comp_index | TrendForce sheet loaded | file=Li-Ion Battery.xlsx | sheet=Other | mode=single_value | rows=6 | columns=6
2026-06-15 09:10:16 | INFO | src.jobs_xlsx.trendforce.get_dx_comp_index | TrendForce sheet transformed | file=Li-Ion Battery.xlsx | sheet=Other | category=Battery | sub_category=Other | rows=12
2026-06-15 09:10:16 | INFO | src.jobs_xlsx.trendforce.get_dx_comp_index | TrendForce workbook transformed | file=Li-Ion Battery.xlsx | rows=264
2026-06-15 09:10:16 | INFO | src.jobs_xlsx.trendforce.get_dx_comp_index | TrendForce industry Parquet saved | output_path=C:\Users\krm\PycharmProjects\AlternativeData\data_lake\raw\industry\trendforce\components.parquet | rows=3077
2026-06-15 09:12:39 | INFO | src.jobs_xlsx.trendforce.get_dx_comp_index | TrendForce industry data job started | input_dir=C:\Users\krm\PycharmProjects\AlternativeData\data\industry\TrendForce | metadata_path=C:\Users\krm\PycharmProjects\AlternativeData\data\metadata.xlsx
2026-06-15 09:12:39 | INFO | src.jobs_xlsx.trendforce.get_dx_comp_index | TrendForce metadata loaded | symbols=117
2026-06-15 09:12:39 | INFO | src.jobs_xlsx.trendforce.get_dx_comp_index | TrendForce sheet loaded | file=DRAM.xlsx | sheet=DRAM | mode=multi_field | rows=283 | columns=25
2026-06-15 09:12:39 | INFO | src.jobs_xlsx.trendforce.get_dx_comp_index | TrendForce sheet transformed | file=DRAM.xlsx | sheet=DRAM | category=DRAM | sub_category=DDR | rows=1981
2026-06-15 09:12:39 | INFO | src.jobs_xlsx.trendforce.get_dx_comp_index | TrendForce sheet loaded | file=DRAM.xlsx | sheet=DRAM Contract | mode=multi_field | rows=6 | columns=25
2026-06-15 09:12:39 | INFO | src.jobs_xlsx.trendforce.get_dx_comp_index | TrendForce sheet transformed | file=DRAM.xlsx | sheet=DRAM Contract | category=DRAM | sub_category=DDR | rows=37
2026-06-15 09:12:39 | INFO | src.jobs_xlsx.trendforce.get_dx_comp_index | TrendForce sheet loaded | file=DRAM.xlsx | sheet=Module | mode=multi_field | rows=21 | columns=13
2026-06-15 09:12:39 | INFO | src.jobs_xlsx.trendforce.get_dx_comp_index | TrendForce sheet transformed | file=DRAM.xlsx | sheet=Module | category=DRAM | sub_category=Module | rows=63
2026-06-15 09:12:39 | INFO | src.jobs_xlsx.trendforce.get_dx_comp_index | TrendForce sheet loaded | file=DRAM.xlsx | sheet=GDDR | mode=multi_field | rows=21 | columns=10
2026-06-15 09:12:39 | INFO | src.jobs_xlsx.trendforce.get_dx_comp_index | TrendForce sheet transformed | file=DRAM.xlsx | sheet=GDDR | category=DRAM | sub_category=GDDR | rows=42
2026-06-15 09:12:39 | INFO | src.jobs_xlsx.trendforce.get_dx_comp_index | TrendForce workbook transformed | file=DRAM.xlsx | rows=2123
2026-06-15 09:12:39 | INFO | src.jobs_xlsx.trendforce.get_dx_comp_index | TrendForce sheet loaded | file=NAND Flash.xlsx | sheet=Flash | mode=multi_field | rows=19 | columns=16
2026-06-15 09:12:39 | INFO | src.jobs_xlsx.trendforce.get_dx_comp_index | TrendForce sheet transformed | file=NAND Flash.xlsx | sheet=Flash | category=Flash Memory | sub_category=NAND | rows=76
2026-06-15 09:12:39 | INFO | src.jobs_xlsx.trendforce.get_dx_comp_index | TrendForce sheet loaded | file=NAND Flash.xlsx | sheet=Flash Contract | mode=multi_field | rows=5 | columns=13
2026-06-15 09:12:39 | INFO | src.jobs_xlsx.trendforce.get_dx_comp_index | TrendForce sheet transformed | file=NAND Flash.xlsx | sheet=Flash Contract | category=Flash Memory | sub_category=NAND | rows=15
2026-06-15 09:12:39 | INFO | src.jobs_xlsx.trendforce.get_dx_comp_index | TrendForce sheet loaded | file=NAND Flash.xlsx | sheet=Wafer | mode=multi_field | rows=19 | columns=13
2026-06-15 09:12:39 | INFO | src.jobs_xlsx.trendforce.get_dx_comp_index | TrendForce sheet transformed | file=NAND Flash.xlsx | sheet=Wafer | category=Flash Memory | sub_category=Wafer | rows=57
2026-06-15 09:12:39 | INFO | src.jobs_xlsx.trendforce.get_dx_comp_index | TrendForce sheet loaded | file=NAND Flash.xlsx | sheet=Memory Card | mode=multi_field | rows=19 | columns=16
2026-06-15 09:12:39 | INFO | src.jobs_xlsx.trendforce.get_dx_comp_index | TrendForce sheet transformed | file=NAND Flash.xlsx | sheet=Memory Card | category=Flash Memory | sub_category=Micro SD | rows=76
2026-06-15 09:12:39 | INFO | src.jobs_xlsx.trendforce.get_dx_comp_index | TrendForce sheet loaded | file=NAND Flash.xlsx | sheet=PC-Client OEM SSD | mode=multi_field | rows=3 | columns=13
2026-06-15 09:12:39 | INFO | src.jobs_xlsx.trendforce.get_dx_comp_index | TrendForce sheet transformed | file=NAND Flash.xlsx | sheet=PC-Client OEM SSD | category=Flash Memory | sub_category=SSD | rows=9
2026-06-15 09:12:39 | INFO | src.jobs_xlsx.trendforce.get_dx_comp_index | TrendForce sheet loaded | file=NAND Flash.xlsx | sheet=SSD Street | mode=multi_field | rows=10 | columns=22
2026-06-15 09:12:39 | INFO | src.jobs_xlsx.trendforce.get_dx_comp_index | TrendForce sheet transformed | file=NAND Flash.xlsx | sheet=SSD Street | category=Flash Memory | sub_category=SSD | rows=50
2026-06-15 09:12:39 | INFO | src.jobs_xlsx.trendforce.get_dx_comp_index | TrendForce workbook transformed | file=NAND Flash.xlsx | rows=283
2026-06-15 09:12:39 | INFO | src.jobs_xlsx.trendforce.get_dx_comp_index | TrendForce sheet loaded | file=PV.xlsx | sheet=Polysilicon | mode=multi_field | rows=19 | columns=16
2026-06-15 09:12:39 | INFO | src.jobs_xlsx.trendforce.get_dx_comp_index | TrendForce sheet transformed | file=PV.xlsx | sheet=Polysilicon | category=PV | sub_category=Polysilicon | rows=76
2026-06-15 09:12:39 | INFO | src.jobs_xlsx.trendforce.get_dx_comp_index | TrendForce sheet loaded | file=PV.xlsx | sheet=Wafer | mode=multi_field | rows=19 | columns=13
2026-06-15 09:12:39 | INFO | src.jobs_xlsx.trendforce.get_dx_comp_index | TrendForce sheet transformed | file=PV.xlsx | sheet=Wafer | category=PV | sub_category=Wafer | rows=57
2026-06-15 09:12:39 | INFO | src.jobs_xlsx.trendforce.get_dx_comp_index | TrendForce sheet loaded | file=PV.xlsx | sheet=Cell | mode=multi_field | rows=19 | columns=13
2026-06-15 09:12:39 | INFO | src.jobs_xlsx.trendforce.get_dx_comp_index | TrendForce sheet transformed | file=PV.xlsx | sheet=Cell | category=PV | sub_category=Cell | rows=57
2026-06-15 09:12:39 | INFO | src.jobs_xlsx.trendforce.get_dx_comp_index | TrendForce sheet loaded | file=PV.xlsx | sheet=Module | mode=multi_field | rows=19 | columns=10
2026-06-15 09:12:40 | INFO | src.jobs_xlsx.trendforce.get_dx_comp_index | TrendForce sheet transformed | file=PV.xlsx | sheet=Module | category=PV | sub_category=Module | rows=38
2026-06-15 09:12:40 | INFO | src.jobs_xlsx.trendforce.get_dx_comp_index | TrendForce sheet loaded | file=PV.xlsx | sheet=PV Glass | mode=multi_field | rows=19 | columns=13
2026-06-15 09:12:40 | INFO | src.jobs_xlsx.trendforce.get_dx_comp_index | TrendForce sheet transformed | file=PV.xlsx | sheet=PV Glass | category=PV | sub_category=PV Glass | rows=57
2026-06-15 09:12:40 | INFO | src.jobs_xlsx.trendforce.get_dx_comp_index | TrendForce workbook transformed | file=PV.xlsx | rows=285
2026-06-15 09:12:40 | INFO | src.jobs_xlsx.trendforce.get_dx_comp_index | TrendForce sheet loaded | file=TFT LCD.xlsx | sheet=Large Size Panel | mode=multi_field | rows=5 | columns=16
2026-06-15 09:12:40 | INFO | src.jobs_xlsx.trendforce.get_dx_comp_index | TrendForce sheet transformed | file=TFT LCD.xlsx | sheet=Large Size Panel | category=TFTLCD | sub_category=Large Panel | rows=15
2026-06-15 09:12:40 | INFO | src.jobs_xlsx.trendforce.get_dx_comp_index | TrendForce sheet loaded | file=TFT LCD.xlsx | sheet=LCD Smartphone Panel | mode=multi_field | rows=6 | columns=12
2026-06-15 09:12:40 | INFO | src.jobs_xlsx.trendforce.get_dx_comp_index | TrendForce sheet transformed | file=TFT LCD.xlsx | sheet=LCD Smartphone Panel | category=TFTLCD | sub_category=Smartphone Panel | rows=12
2026-06-15 09:12:40 | INFO | src.jobs_xlsx.trendforce.get_dx_comp_index | TrendForce sheet loaded | file=TFT LCD.xlsx | sheet=Street | mode=multi_field | rows=7 | columns=24
2026-06-15 09:12:40 | INFO | src.jobs_xlsx.trendforce.get_dx_comp_index | TrendForce sheet transformed | file=TFT LCD.xlsx | sheet=Street | category=TFTLCD | sub_category=LCD | rows=35
2026-06-15 09:12:40 | INFO | src.jobs_xlsx.trendforce.get_dx_comp_index | TrendForce sheet loaded | file=TFT LCD.xlsx | sheet=Large Size Panel Shipment | mode=multi_field | rows=6 | columns=14
2026-06-15 09:12:40 | INFO | src.jobs_xlsx.trendforce.get_dx_comp_index | TrendForce sheet transformed | file=TFT LCD.xlsx | sheet=Large Size Panel Shipment | category=TFTLCD | sub_category=Shipment | rows=60
2026-06-15 09:12:40 | INFO | src.jobs_xlsx.trendforce.get_dx_comp_index | TrendForce workbook transformed | file=TFT LCD.xlsx | rows=122
2026-06-15 09:12:40 | INFO | src.jobs_xlsx.trendforce.get_dx_comp_index | TrendForce sheet loaded | file=Li-Ion Battery.xlsx | sheet=Battery Cell & Pack | mode=single_value | rows=6 | columns=11
2026-06-15 09:12:40 | INFO | src.jobs_xlsx.trendforce.get_dx_comp_index | TrendForce sheet transformed | file=Li-Ion Battery.xlsx | sheet=Battery Cell & Pack | category=Battery | sub_category=None | rows=42
2026-06-15 09:12:40 | INFO | src.jobs_xlsx.trendforce.get_dx_comp_index | TrendForce sheet loaded | file=Li-Ion Battery.xlsx | sheet=Precursor and Cathode Material | mode=single_value | rows=6 | columns=14
2026-06-15 09:12:40 | INFO | src.jobs_xlsx.trendforce.get_dx_comp_index | TrendForce sheet transformed | file=Li-Ion Battery.xlsx | sheet=Precursor and Cathode Material | category=Battery | sub_category=None | rows=60
2026-06-15 09:12:40 | INFO | src.jobs_xlsx.trendforce.get_dx_comp_index | TrendForce sheet loaded | file=Li-Ion Battery.xlsx | sheet=Anode Material | mode=single_value | rows=6 | columns=12
2026-06-15 09:12:40 | INFO | src.jobs_xlsx.trendforce.get_dx_comp_index | TrendForce sheet transformed | file=Li-Ion Battery.xlsx | sheet=Anode Material | category=Battery | sub_category=Anode Material | rows=48
2026-06-15 09:12:40 | INFO | src.jobs_xlsx.trendforce.get_dx_comp_index | TrendForce sheet loaded | file=Li-Ion Battery.xlsx | sheet=Separator | mode=single_value | rows=6 | columns=9
2026-06-15 09:12:40 | INFO | src.jobs_xlsx.trendforce.get_dx_comp_index | TrendForce sheet transformed | file=Li-Ion Battery.xlsx | sheet=Separator | category=Battery | sub_category=Separator | rows=30
2026-06-15 09:12:40 | INFO | src.jobs_xlsx.trendforce.get_dx_comp_index | TrendForce sheet loaded | file=Li-Ion Battery.xlsx | sheet=Electrolyte | mode=single_value | rows=6 | columns=8
2026-06-15 09:12:40 | INFO | src.jobs_xlsx.trendforce.get_dx_comp_index | TrendForce sheet transformed | file=Li-Ion Battery.xlsx | sheet=Electrolyte | category=Battery | sub_category=Electrolyte | rows=24
2026-06-15 09:12:40 | INFO | src.jobs_xlsx.trendforce.get_dx_comp_index | TrendForce sheet loaded | file=Li-Ion Battery.xlsx | sheet=Li & Co & Ni | mode=single_value | rows=6 | columns=12
2026-06-15 09:12:40 | INFO | src.jobs_xlsx.trendforce.get_dx_comp_index | TrendForce sheet transformed | file=Li-Ion Battery.xlsx | sheet=Li & Co & Ni | category=Battery | sub_category=LiCoNi | rows=48
2026-06-15 09:12:40 | INFO | src.jobs_xlsx.trendforce.get_dx_comp_index | TrendForce sheet loaded | file=Li-Ion Battery.xlsx | sheet=Other | mode=single_value | rows=6 | columns=6
2026-06-15 09:12:40 | INFO | src.jobs_xlsx.trendforce.get_dx_comp_index | TrendForce sheet transformed | file=Li-Ion Battery.xlsx | sheet=Other | category=Battery | sub_category=Other | rows=12
2026-06-15 09:12:40 | INFO | src.jobs_xlsx.trendforce.get_dx_comp_index | TrendForce workbook transformed | file=Li-Ion Battery.xlsx | rows=264
2026-06-15 09:12:40 | INFO | src.jobs_xlsx.trendforce.get_dx_comp_index | TrendForce industry Parquet saved | output_path=C:\Users\krm\PycharmProjects\AlternativeData\data_lake\raw\industry\trendforce\components.parquet | rows=3077
2026-06-15 09:15:15 | INFO | src.jobs_xlsx.trendforce.get_dx_comp_index | TrendForce industry data job started | input_dir=C:\Users\krm\PycharmProjects\AlternativeData\data\industry\TrendForce | metadata_path=C:\Users\krm\PycharmProjects\AlternativeData\data\metadata.xlsx
2026-06-15 09:15:15 | INFO | src.jobs_xlsx.trendforce.get_dx_comp_index | TrendForce metadata loaded | symbols=117
2026-06-15 09:15:15 | INFO | src.jobs_xlsx.trendforce.get_dx_comp_index | TrendForce sheet loaded | file=DRAM.xlsx | sheet=DRAM | mode=multi_field | rows=283 | columns=25
2026-06-15 09:15:15 | INFO | src.jobs_xlsx.trendforce.get_dx_comp_index | TrendForce sheet transformed | file=DRAM.xlsx | sheet=DRAM | category=DRAM | sub_category=DDR | rows=1981
2026-06-15 09:15:15 | INFO | src.jobs_xlsx.trendforce.get_dx_comp_index | TrendForce sheet loaded | file=DRAM.xlsx | sheet=DRAM Contract | mode=multi_field | rows=6 | columns=25
2026-06-15 09:15:15 | INFO | src.jobs_xlsx.trendforce.get_dx_comp_index | TrendForce sheet transformed | file=DRAM.xlsx | sheet=DRAM Contract | category=DRAM | sub_category=DDR | rows=37
2026-06-15 09:15:15 | INFO | src.jobs_xlsx.trendforce.get_dx_comp_index | TrendForce sheet loaded | file=DRAM.xlsx | sheet=Module | mode=multi_field | rows=21 | columns=13
2026-06-15 09:15:15 | INFO | src.jobs_xlsx.trendforce.get_dx_comp_index | TrendForce sheet transformed | file=DRAM.xlsx | sheet=Module | category=DRAM | sub_category=Module | rows=63
2026-06-15 09:15:15 | INFO | src.jobs_xlsx.trendforce.get_dx_comp_index | TrendForce sheet loaded | file=DRAM.xlsx | sheet=GDDR | mode=multi_field | rows=21 | columns=10
2026-06-15 09:15:15 | INFO | src.jobs_xlsx.trendforce.get_dx_comp_index | TrendForce sheet transformed | file=DRAM.xlsx | sheet=GDDR | category=DRAM | sub_category=GDDR | rows=42
2026-06-15 09:15:15 | INFO | src.jobs_xlsx.trendforce.get_dx_comp_index | TrendForce workbook transformed | file=DRAM.xlsx | rows=2123
2026-06-15 09:15:15 | INFO | src.jobs_xlsx.trendforce.get_dx_comp_index | TrendForce sheet loaded | file=NAND Flash.xlsx | sheet=Flash | mode=multi_field | rows=19 | columns=16
2026-06-15 09:15:15 | INFO | src.jobs_xlsx.trendforce.get_dx_comp_index | TrendForce sheet transformed | file=NAND Flash.xlsx | sheet=Flash | category=Flash Memory | sub_category=NAND | rows=76
2026-06-15 09:15:15 | INFO | src.jobs_xlsx.trendforce.get_dx_comp_index | TrendForce sheet loaded | file=NAND Flash.xlsx | sheet=Flash Contract | mode=multi_field | rows=5 | columns=13
2026-06-15 09:15:15 | INFO | src.jobs_xlsx.trendforce.get_dx_comp_index | TrendForce sheet transformed | file=NAND Flash.xlsx | sheet=Flash Contract | category=Flash Memory | sub_category=NAND | rows=15
2026-06-15 09:15:15 | INFO | src.jobs_xlsx.trendforce.get_dx_comp_index | TrendForce sheet loaded | file=NAND Flash.xlsx | sheet=Wafer | mode=multi_field | rows=19 | columns=13
2026-06-15 09:15:15 | INFO | src.jobs_xlsx.trendforce.get_dx_comp_index | TrendForce sheet transformed | file=NAND Flash.xlsx | sheet=Wafer | category=Flash Memory | sub_category=Wafer | rows=57
2026-06-15 09:15:15 | INFO | src.jobs_xlsx.trendforce.get_dx_comp_index | TrendForce sheet loaded | file=NAND Flash.xlsx | sheet=Memory Card | mode=multi_field | rows=19 | columns=16
2026-06-15 09:15:15 | INFO | src.jobs_xlsx.trendforce.get_dx_comp_index | TrendForce sheet transformed | file=NAND Flash.xlsx | sheet=Memory Card | category=Flash Memory | sub_category=Micro SD | rows=76
2026-06-15 09:15:15 | INFO | src.jobs_xlsx.trendforce.get_dx_comp_index | TrendForce sheet loaded | file=NAND Flash.xlsx | sheet=PC-Client OEM SSD | mode=multi_field | rows=3 | columns=13
2026-06-15 09:15:15 | INFO | src.jobs_xlsx.trendforce.get_dx_comp_index | TrendForce sheet transformed | file=NAND Flash.xlsx | sheet=PC-Client OEM SSD | category=Flash Memory | sub_category=SSD | rows=9
2026-06-15 09:15:15 | INFO | src.jobs_xlsx.trendforce.get_dx_comp_index | TrendForce sheet loaded | file=NAND Flash.xlsx | sheet=SSD Street | mode=multi_field | rows=10 | columns=22
2026-06-15 09:15:15 | INFO | src.jobs_xlsx.trendforce.get_dx_comp_index | TrendForce sheet transformed | file=NAND Flash.xlsx | sheet=SSD Street | category=Flash Memory | sub_category=SSD | rows=50
2026-06-15 09:15:15 | INFO | src.jobs_xlsx.trendforce.get_dx_comp_index | TrendForce workbook transformed | file=NAND Flash.xlsx | rows=283
2026-06-15 09:15:15 | INFO | src.jobs_xlsx.trendforce.get_dx_comp_index | TrendForce sheet loaded | file=PV.xlsx | sheet=Polysilicon | mode=multi_field | rows=19 | columns=16
2026-06-15 09:15:15 | INFO | src.jobs_xlsx.trendforce.get_dx_comp_index | TrendForce sheet transformed | file=PV.xlsx | sheet=Polysilicon | category=PV | sub_category=Polysilicon | rows=76
2026-06-15 09:15:15 | INFO | src.jobs_xlsx.trendforce.get_dx_comp_index | TrendForce sheet loaded | file=PV.xlsx | sheet=Wafer | mode=multi_field | rows=19 | columns=13
2026-06-15 09:15:15 | INFO | src.jobs_xlsx.trendforce.get_dx_comp_index | TrendForce sheet transformed | file=PV.xlsx | sheet=Wafer | category=PV | sub_category=Wafer | rows=57
2026-06-15 09:15:15 | INFO | src.jobs_xlsx.trendforce.get_dx_comp_index | TrendForce sheet loaded | file=PV.xlsx | sheet=Cell | mode=multi_field | rows=19 | columns=13
2026-06-15 09:15:15 | INFO | src.jobs_xlsx.trendforce.get_dx_comp_index | TrendForce sheet transformed | file=PV.xlsx | sheet=Cell | category=PV | sub_category=Cell | rows=57
2026-06-15 09:15:15 | INFO | src.jobs_xlsx.trendforce.get_dx_comp_index | TrendForce sheet loaded | file=PV.xlsx | sheet=Module | mode=multi_field | rows=19 | columns=10
2026-06-15 09:15:15 | INFO | src.jobs_xlsx.trendforce.get_dx_comp_index | TrendForce sheet transformed | file=PV.xlsx | sheet=Module | category=PV | sub_category=Module | rows=38
2026-06-15 09:15:15 | INFO | src.jobs_xlsx.trendforce.get_dx_comp_index | TrendForce sheet loaded | file=PV.xlsx | sheet=PV Glass | mode=multi_field | rows=19 | columns=13
2026-06-15 09:15:15 | INFO | src.jobs_xlsx.trendforce.get_dx_comp_index | TrendForce sheet transformed | file=PV.xlsx | sheet=PV Glass | category=PV | sub_category=PV Glass | rows=57
2026-06-15 09:15:15 | INFO | src.jobs_xlsx.trendforce.get_dx_comp_index | TrendForce workbook transformed | file=PV.xlsx | rows=285
2026-06-15 09:15:15 | INFO | src.jobs_xlsx.trendforce.get_dx_comp_index | TrendForce sheet loaded | file=TFT LCD.xlsx | sheet=Large Size Panel | mode=multi_field | rows=5 | columns=16
2026-06-15 09:15:15 | INFO | src.jobs_xlsx.trendforce.get_dx_comp_index | TrendForce sheet transformed | file=TFT LCD.xlsx | sheet=Large Size Panel | category=TFTLCD | sub_category=Large Panel | rows=15
2026-06-15 09:15:15 | INFO | src.jobs_xlsx.trendforce.get_dx_comp_index | TrendForce sheet loaded | file=TFT LCD.xlsx | sheet=LCD Smartphone Panel | mode=multi_field | rows=6 | columns=12
2026-06-15 09:15:15 | INFO | src.jobs_xlsx.trendforce.get_dx_comp_index | TrendForce sheet transformed | file=TFT LCD.xlsx | sheet=LCD Smartphone Panel | category=TFTLCD | sub_category=Smartphone Panel | rows=12
2026-06-15 09:15:15 | INFO | src.jobs_xlsx.trendforce.get_dx_comp_index | TrendForce sheet loaded | file=TFT LCD.xlsx | sheet=Street | mode=multi_field | rows=7 | columns=24
2026-06-15 09:15:15 | INFO | src.jobs_xlsx.trendforce.get_dx_comp_index | TrendForce sheet transformed | file=TFT LCD.xlsx | sheet=Street | category=TFTLCD | sub_category=LCD | rows=35
2026-06-15 09:15:15 | INFO | src.jobs_xlsx.trendforce.get_dx_comp_index | TrendForce sheet loaded | file=TFT LCD.xlsx | sheet=Large Size Panel Shipment | mode=multi_field | rows=6 | columns=14
2026-06-15 09:15:16 | INFO | src.jobs_xlsx.trendforce.get_dx_comp_index | TrendForce sheet transformed | file=TFT LCD.xlsx | sheet=Large Size Panel Shipment | category=TFTLCD | sub_category=Shipment | rows=60
2026-06-15 09:15:16 | INFO | src.jobs_xlsx.trendforce.get_dx_comp_index | TrendForce workbook transformed | file=TFT LCD.xlsx | rows=122
2026-06-15 09:15:16 | INFO | src.jobs_xlsx.trendforce.get_dx_comp_index | TrendForce sheet loaded | file=Li-Ion Battery.xlsx | sheet=Battery Cell & Pack | mode=single_value | rows=6 | columns=11
2026-06-15 09:15:16 | INFO | src.jobs_xlsx.trendforce.get_dx_comp_index | TrendForce sheet transformed | file=Li-Ion Battery.xlsx | sheet=Battery Cell & Pack | category=Battery | sub_category=None | rows=42
2026-06-15 09:15:16 | INFO | src.jobs_xlsx.trendforce.get_dx_comp_index | TrendForce sheet loaded | file=Li-Ion Battery.xlsx | sheet=Precursor and Cathode Material | mode=single_value | rows=6 | columns=14
2026-06-15 09:15:16 | INFO | src.jobs_xlsx.trendforce.get_dx_comp_index | TrendForce sheet transformed | file=Li-Ion Battery.xlsx | sheet=Precursor and Cathode Material | category=Battery | sub_category=None | rows=60
2026-06-15 09:15:16 | INFO | src.jobs_xlsx.trendforce.get_dx_comp_index | TrendForce sheet loaded | file=Li-Ion Battery.xlsx | sheet=Anode Material | mode=single_value | rows=6 | columns=12
2026-06-15 09:15:16 | INFO | src.jobs_xlsx.trendforce.get_dx_comp_index | TrendForce sheet transformed | file=Li-Ion Battery.xlsx | sheet=Anode Material | category=Battery | sub_category=Anode Material | rows=48
2026-06-15 09:15:16 | INFO | src.jobs_xlsx.trendforce.get_dx_comp_index | TrendForce sheet loaded | file=Li-Ion Battery.xlsx | sheet=Separator | mode=single_value | rows=6 | columns=9
2026-06-15 09:15:16 | INFO | src.jobs_xlsx.trendforce.get_dx_comp_index | TrendForce sheet transformed | file=Li-Ion Battery.xlsx | sheet=Separator | category=Battery | sub_category=Separator | rows=30
2026-06-15 09:15:16 | INFO | src.jobs_xlsx.trendforce.get_dx_comp_index | TrendForce sheet loaded | file=Li-Ion Battery.xlsx | sheet=Electrolyte | mode=single_value | rows=6 | columns=8
2026-06-15 09:15:16 | INFO | src.jobs_xlsx.trendforce.get_dx_comp_index | TrendForce sheet transformed | file=Li-Ion Battery.xlsx | sheet=Electrolyte | category=Battery | sub_category=Electrolyte | rows=24
2026-06-15 09:15:16 | INFO | src.jobs_xlsx.trendforce.get_dx_comp_index | TrendForce sheet loaded | file=Li-Ion Battery.xlsx | sheet=Li & Co & Ni | mode=single_value | rows=6 | columns=12
2026-06-15 09:15:16 | INFO | src.jobs_xlsx.trendforce.get_dx_comp_index | TrendForce sheet transformed | file=Li-Ion Battery.xlsx | sheet=Li & Co & Ni | category=Battery | sub_category=LiCoNi | rows=48
2026-06-15 09:15:16 | INFO | src.jobs_xlsx.trendforce.get_dx_comp_index | TrendForce sheet loaded | file=Li-Ion Battery.xlsx | sheet=Other | mode=single_value | rows=6 | columns=6
2026-06-15 09:15:16 | INFO | src.jobs_xlsx.trendforce.get_dx_comp_index | TrendForce sheet transformed | file=Li-Ion Battery.xlsx | sheet=Other | category=Battery | sub_category=Other | rows=12
2026-06-15 09:15:16 | INFO | src.jobs_xlsx.trendforce.get_dx_comp_index | TrendForce workbook transformed | file=Li-Ion Battery.xlsx | rows=264
2026-06-15 09:15:16 | INFO | src.jobs_xlsx.trendforce.get_dx_comp_index | TrendForce industry Parquet saved | output_path=C:\Users\krm\PycharmProjects\AlternativeData\data_lake\raw\industry\trendforce\components.parquet | rows=3077
2026-06-15 17:37:23 | INFO | src.jobs_xlsx.trendforce.get_dx_comp_index | TrendForce industry data job started | input_dir=C:\Users\krm\PycharmProjects\AlternativeData\data\industry\TrendForce | metadata_path=C:\Users\krm\PycharmProjects\AlternativeData\data\metadata.xlsx
2026-06-15 17:37:23 | INFO | src.jobs_xlsx.trendforce.get_dx_comp_index | TrendForce metadata loaded | symbols=117
2026-06-15 17:37:23 | INFO | src.jobs_xlsx.trendforce.get_dx_comp_index | TrendForce sheet loaded | file=DRAM.xlsx | sheet=DRAM | mode=multi_field | rows=286 | columns=25
2026-06-15 17:37:23 | INFO | src.jobs_xlsx.trendforce.get_dx_comp_index | TrendForce sheet transformed | file=DRAM.xlsx | sheet=DRAM | category=DRAM | sub_category=DDR | rows=1995
2026-06-15 17:37:23 | INFO | src.jobs_xlsx.trendforce.get_dx_comp_index | TrendForce sheet loaded | file=DRAM.xlsx | sheet=DRAM Contract | mode=multi_field | rows=6 | columns=25
2026-06-15 17:37:23 | INFO | src.jobs_xlsx.trendforce.get_dx_comp_index | TrendForce sheet transformed | file=DRAM.xlsx | sheet=DRAM Contract | category=DRAM | sub_category=DDR | rows=37
2026-06-15 17:37:23 | INFO | src.jobs_xlsx.trendforce.get_dx_comp_index | TrendForce sheet loaded | file=DRAM.xlsx | sheet=Module | mode=multi_field | rows=22 | columns=13
2026-06-15 17:37:23 | INFO | src.jobs_xlsx.trendforce.get_dx_comp_index | TrendForce sheet transformed | file=DRAM.xlsx | sheet=Module | category=DRAM | sub_category=Module | rows=66
2026-06-15 17:37:23 | INFO | src.jobs_xlsx.trendforce.get_dx_comp_index | TrendForce sheet loaded | file=DRAM.xlsx | sheet=GDDR | mode=multi_field | rows=22 | columns=10
2026-06-15 17:37:23 | INFO | src.jobs_xlsx.trendforce.get_dx_comp_index | TrendForce sheet transformed | file=DRAM.xlsx | sheet=GDDR | category=DRAM | sub_category=GDDR | rows=44
2026-06-15 17:37:23 | INFO | src.jobs_xlsx.trendforce.get_dx_comp_index | TrendForce workbook transformed | file=DRAM.xlsx | rows=2142
2026-06-15 17:37:23 | INFO | src.jobs_xlsx.trendforce.get_dx_comp_index | TrendForce sheet loaded | file=NAND Flash.xlsx | sheet=Flash | mode=multi_field | rows=20 | columns=16
2026-06-15 17:37:24 | INFO | src.jobs_xlsx.trendforce.get_dx_comp_index | TrendForce sheet transformed | file=NAND Flash.xlsx | sheet=Flash | category=Flash Memory | sub_category=NAND | rows=80
2026-06-15 17:37:24 | INFO | src.jobs_xlsx.trendforce.get_dx_comp_index | TrendForce sheet loaded | file=NAND Flash.xlsx | sheet=Flash Contract | mode=multi_field | rows=5 | columns=13
2026-06-15 17:37:24 | INFO | src.jobs_xlsx.trendforce.get_dx_comp_index | TrendForce sheet transformed | file=NAND Flash.xlsx | sheet=Flash Contract | category=Flash Memory | sub_category=NAND | rows=15
2026-06-15 17:37:24 | INFO | src.jobs_xlsx.trendforce.get_dx_comp_index | TrendForce sheet loaded | file=NAND Flash.xlsx | sheet=Wafer | mode=multi_field | rows=20 | columns=13
2026-06-15 17:37:24 | INFO | src.jobs_xlsx.trendforce.get_dx_comp_index | TrendForce sheet transformed | file=NAND Flash.xlsx | sheet=Wafer | category=Flash Memory | sub_category=Wafer | rows=60
2026-06-15 17:37:24 | INFO | src.jobs_xlsx.trendforce.get_dx_comp_index | TrendForce sheet loaded | file=NAND Flash.xlsx | sheet=Memory Card | mode=multi_field | rows=20 | columns=16
2026-06-15 17:37:24 | INFO | src.jobs_xlsx.trendforce.get_dx_comp_index | TrendForce sheet transformed | file=NAND Flash.xlsx | sheet=Memory Card | category=Flash Memory | sub_category=Micro SD | rows=80
2026-06-15 17:37:24 | INFO | src.jobs_xlsx.trendforce.get_dx_comp_index | TrendForce sheet loaded | file=NAND Flash.xlsx | sheet=PC-Client OEM SSD | mode=multi_field | rows=3 | columns=13
2026-06-15 17:37:24 | INFO | src.jobs_xlsx.trendforce.get_dx_comp_index | TrendForce sheet transformed | file=NAND Flash.xlsx | sheet=PC-Client OEM SSD | category=Flash Memory | sub_category=SSD | rows=9
2026-06-15 17:37:24 | INFO | src.jobs_xlsx.trendforce.get_dx_comp_index | TrendForce sheet loaded | file=NAND Flash.xlsx | sheet=SSD Street | mode=multi_field | rows=11 | columns=22
2026-06-15 17:37:24 | INFO | src.jobs_xlsx.trendforce.get_dx_comp_index | TrendForce sheet transformed | file=NAND Flash.xlsx | sheet=SSD Street | category=Flash Memory | sub_category=SSD | rows=55
2026-06-15 17:37:24 | INFO | src.jobs_xlsx.trendforce.get_dx_comp_index | TrendForce workbook transformed | file=NAND Flash.xlsx | rows=299
2026-06-15 17:37:24 | INFO | src.jobs_xlsx.trendforce.get_dx_comp_index | TrendForce sheet loaded | file=PV.xlsx | sheet=Polysilicon | mode=multi_field | rows=19 | columns=16
2026-06-15 17:37:24 | INFO | src.jobs_xlsx.trendforce.get_dx_comp_index | TrendForce sheet transformed | file=PV.xlsx | sheet=Polysilicon | category=PV | sub_category=Polysilicon | rows=76
2026-06-15 17:37:24 | INFO | src.jobs_xlsx.trendforce.get_dx_comp_index | TrendForce sheet loaded | file=PV.xlsx | sheet=Wafer | mode=multi_field | rows=19 | columns=13
2026-06-15 17:37:24 | INFO | src.jobs_xlsx.trendforce.get_dx_comp_index | TrendForce sheet transformed | file=PV.xlsx | sheet=Wafer | category=PV | sub_category=Wafer | rows=57
2026-06-15 17:37:24 | INFO | src.jobs_xlsx.trendforce.get_dx_comp_index | TrendForce sheet loaded | file=PV.xlsx | sheet=Cell | mode=multi_field | rows=19 | columns=13
2026-06-15 17:37:25 | INFO | src.jobs_xlsx.trendforce.get_dx_comp_index | TrendForce sheet transformed | file=PV.xlsx | sheet=Cell | category=PV | sub_category=Cell | rows=57
2026-06-15 17:37:25 | INFO | src.jobs_xlsx.trendforce.get_dx_comp_index | TrendForce sheet loaded | file=PV.xlsx | sheet=Module | mode=multi_field | rows=19 | columns=10
2026-06-15 17:37:25 | INFO | src.jobs_xlsx.trendforce.get_dx_comp_index | TrendForce sheet transformed | file=PV.xlsx | sheet=Module | category=PV | sub_category=Module | rows=38
2026-06-15 17:37:25 | INFO | src.jobs_xlsx.trendforce.get_dx_comp_index | TrendForce sheet loaded | file=PV.xlsx | sheet=PV Glass | mode=multi_field | rows=19 | columns=13
2026-06-15 17:37:25 | INFO | src.jobs_xlsx.trendforce.get_dx_comp_index | TrendForce sheet transformed | file=PV.xlsx | sheet=PV Glass | category=PV | sub_category=PV Glass | rows=57
2026-06-15 17:37:25 | INFO | src.jobs_xlsx.trendforce.get_dx_comp_index | TrendForce workbook transformed | file=PV.xlsx | rows=285
2026-06-15 17:37:25 | INFO | src.jobs_xlsx.trendforce.get_dx_comp_index | TrendForce sheet loaded | file=TFT LCD.xlsx | sheet=Large Size Panel | mode=multi_field | rows=5 | columns=16
2026-06-15 17:37:25 | INFO | src.jobs_xlsx.trendforce.get_dx_comp_index | TrendForce sheet transformed | file=TFT LCD.xlsx | sheet=Large Size Panel | category=TFTLCD | sub_category=Large Panel | rows=15
2026-06-15 17:37:25 | INFO | src.jobs_xlsx.trendforce.get_dx_comp_index | TrendForce sheet loaded | file=TFT LCD.xlsx | sheet=LCD Smartphone Panel | mode=multi_field | rows=6 | columns=12
2026-06-15 17:37:25 | INFO | src.jobs_xlsx.trendforce.get_dx_comp_index | TrendForce sheet transformed | file=TFT LCD.xlsx | sheet=LCD Smartphone Panel | category=TFTLCD | sub_category=Smartphone Panel | rows=12
2026-06-15 17:37:25 | INFO | src.jobs_xlsx.trendforce.get_dx_comp_index | TrendForce sheet loaded | file=TFT LCD.xlsx | sheet=Street | mode=multi_field | rows=7 | columns=24
2026-06-15 17:37:25 | INFO | src.jobs_xlsx.trendforce.get_dx_comp_index | TrendForce sheet transformed | file=TFT LCD.xlsx | sheet=Street | category=TFTLCD | sub_category=LCD | rows=35
2026-06-15 17:37:25 | INFO | src.jobs_xlsx.trendforce.get_dx_comp_index | TrendForce sheet loaded | file=TFT LCD.xlsx | sheet=Large Size Panel Shipment | mode=multi_field | rows=6 | columns=14
2026-06-15 17:37:25 | INFO | src.jobs_xlsx.trendforce.get_dx_comp_index | TrendForce sheet transformed | file=TFT LCD.xlsx | sheet=Large Size Panel Shipment | category=TFTLCD | sub_category=Shipment | rows=60
2026-06-15 17:37:25 | INFO | src.jobs_xlsx.trendforce.get_dx_comp_index | TrendForce workbook transformed | file=TFT LCD.xlsx | rows=122
2026-06-15 17:37:25 | INFO | src.jobs_xlsx.trendforce.get_dx_comp_index | TrendForce sheet loaded | file=Li-Ion Battery.xlsx | sheet=Battery Cell & Pack | mode=single_value | rows=6 | columns=11
2026-06-15 17:37:25 | INFO | src.jobs_xlsx.trendforce.get_dx_comp_index | TrendForce sheet transformed | file=Li-Ion Battery.xlsx | sheet=Battery Cell & Pack | category=Battery | sub_category=None | rows=42
2026-06-15 17:37:25 | INFO | src.jobs_xlsx.trendforce.get_dx_comp_index | TrendForce sheet loaded | file=Li-Ion Battery.xlsx | sheet=Precursor and Cathode Material | mode=single_value | rows=6 | columns=14
2026-06-15 17:37:25 | INFO | src.jobs_xlsx.trendforce.get_dx_comp_index | TrendForce sheet transformed | file=Li-Ion Battery.xlsx | sheet=Precursor and Cathode Material | category=Battery | sub_category=None | rows=60
2026-06-15 17:37:25 | INFO | src.jobs_xlsx.trendforce.get_dx_comp_index | TrendForce sheet loaded | file=Li-Ion Battery.xlsx | sheet=Anode Material | mode=single_value | rows=6 | columns=12
2026-06-15 17:37:26 | INFO | src.jobs_xlsx.trendforce.get_dx_comp_index | TrendForce sheet transformed | file=Li-Ion Battery.xlsx | sheet=Anode Material | category=Battery | sub_category=Anode Material | rows=48
2026-06-15 17:37:26 | INFO | src.jobs_xlsx.trendforce.get_dx_comp_index | TrendForce sheet loaded | file=Li-Ion Battery.xlsx | sheet=Separator | mode=single_value | rows=6 | columns=9
2026-06-15 17:37:26 | INFO | src.jobs_xlsx.trendforce.get_dx_comp_index | TrendForce sheet transformed | file=Li-Ion Battery.xlsx | sheet=Separator | category=Battery | sub_category=Separator | rows=30
2026-06-15 17:37:26 | INFO | src.jobs_xlsx.trendforce.get_dx_comp_index | TrendForce sheet loaded | file=Li-Ion Battery.xlsx | sheet=Electrolyte | mode=single_value | rows=6 | columns=8
2026-06-15 17:37:26 | INFO | src.jobs_xlsx.trendforce.get_dx_comp_index | TrendForce sheet transformed | file=Li-Ion Battery.xlsx | sheet=Electrolyte | category=Battery | sub_category=Electrolyte | rows=24
2026-06-15 17:37:26 | INFO | src.jobs_xlsx.trendforce.get_dx_comp_index | TrendForce sheet loaded | file=Li-Ion Battery.xlsx | sheet=Li & Co & Ni | mode=single_value | rows=6 | columns=12
2026-06-15 17:37:26 | INFO | src.jobs_xlsx.trendforce.get_dx_comp_index | TrendForce sheet transformed | file=Li-Ion Battery.xlsx | sheet=Li & Co & Ni | category=Battery | sub_category=LiCoNi | rows=48
2026-06-15 17:37:26 | INFO | src.jobs_xlsx.trendforce.get_dx_comp_index | TrendForce sheet loaded | file=Li-Ion Battery.xlsx | sheet=Other | mode=single_value | rows=6 | columns=6
2026-06-15 17:37:26 | INFO | src.jobs_xlsx.trendforce.get_dx_comp_index | TrendForce sheet transformed | file=Li-Ion Battery.xlsx | sheet=Other | category=Battery | sub_category=Other | rows=12
2026-06-15 17:37:26 | INFO | src.jobs_xlsx.trendforce.get_dx_comp_index | TrendForce workbook transformed | file=Li-Ion Battery.xlsx | rows=264
2026-06-15 17:37:26 | INFO | src.jobs_xlsx.trendforce.get_dx_comp_index | TrendForce industry Parquet saved | output_path=C:\Users\krm\PycharmProjects\AlternativeData\data_lake\raw\industry\trendforce\components.parquet | rows=3112
2026-06-15 17:41:15 | INFO | src.jobs_xlsx.trendforce.get_dx_comp_index | TrendForce industry data job started | input_dir=C:\Users\krm\PycharmProjects\AlternativeData\data\industry\TrendForce | metadata_path=C:\Users\krm\PycharmProjects\AlternativeData\data\metadata.xlsx
2026-06-15 17:41:15 | INFO | src.jobs_xlsx.trendforce.get_dx_comp_index | TrendForce metadata loaded | symbols=117
2026-06-15 17:41:15 | INFO | src.jobs_xlsx.trendforce.get_dx_comp_index | TrendForce sheet loaded | file=DRAM.xlsx | sheet=DRAM | mode=multi_field | rows=286 | columns=25
2026-06-15 17:41:15 | INFO | src.jobs_xlsx.trendforce.get_dx_comp_index | TrendForce sheet transformed | file=DRAM.xlsx | sheet=DRAM | category=DRAM | sub_category=DDR | rows=1995
2026-06-15 17:41:15 | INFO | src.jobs_xlsx.trendforce.get_dx_comp_index | TrendForce sheet loaded | file=DRAM.xlsx | sheet=DRAM Contract | mode=multi_field | rows=6 | columns=25
2026-06-15 17:41:15 | INFO | src.jobs_xlsx.trendforce.get_dx_comp_index | TrendForce sheet transformed | file=DRAM.xlsx | sheet=DRAM Contract | category=DRAM | sub_category=DDR | rows=37
2026-06-15 17:41:15 | INFO | src.jobs_xlsx.trendforce.get_dx_comp_index | TrendForce sheet loaded | file=DRAM.xlsx | sheet=Module | mode=multi_field | rows=22 | columns=13
2026-06-15 17:41:15 | INFO | src.jobs_xlsx.trendforce.get_dx_comp_index | TrendForce sheet transformed | file=DRAM.xlsx | sheet=Module | category=DRAM | sub_category=Module | rows=66
2026-06-15 17:41:15 | INFO | src.jobs_xlsx.trendforce.get_dx_comp_index | TrendForce sheet loaded | file=DRAM.xlsx | sheet=GDDR | mode=multi_field | rows=22 | columns=10
2026-06-15 17:41:15 | INFO | src.jobs_xlsx.trendforce.get_dx_comp_index | TrendForce sheet transformed | file=DRAM.xlsx | sheet=GDDR | category=DRAM | sub_category=GDDR | rows=44
2026-06-15 17:41:15 | INFO | src.jobs_xlsx.trendforce.get_dx_comp_index | TrendForce workbook transformed | file=DRAM.xlsx | rows=2142
2026-06-15 17:41:15 | INFO | src.jobs_xlsx.trendforce.get_dx_comp_index | TrendForce sheet loaded | file=NAND Flash.xlsx | sheet=Flash | mode=multi_field | rows=20 | columns=16
2026-06-15 17:41:15 | INFO | src.jobs_xlsx.trendforce.get_dx_comp_index | TrendForce sheet transformed | file=NAND Flash.xlsx | sheet=Flash | category=Flash Memory | sub_category=NAND | rows=80
2026-06-15 17:41:15 | INFO | src.jobs_xlsx.trendforce.get_dx_comp_index | TrendForce sheet loaded | file=NAND Flash.xlsx | sheet=Flash Contract | mode=multi_field | rows=5 | columns=13
2026-06-15 17:41:15 | INFO | src.jobs_xlsx.trendforce.get_dx_comp_index | TrendForce sheet transformed | file=NAND Flash.xlsx | sheet=Flash Contract | category=Flash Memory | sub_category=NAND | rows=15
2026-06-15 17:41:15 | INFO | src.jobs_xlsx.trendforce.get_dx_comp_index | TrendForce sheet loaded | file=NAND Flash.xlsx | sheet=Wafer | mode=multi_field | rows=20 | columns=13
2026-06-15 17:41:16 | INFO | src.jobs_xlsx.trendforce.get_dx_comp_index | TrendForce sheet transformed | file=NAND Flash.xlsx | sheet=Wafer | category=Flash Memory | sub_category=Wafer | rows=60
2026-06-15 17:41:16 | INFO | src.jobs_xlsx.trendforce.get_dx_comp_index | TrendForce sheet loaded | file=NAND Flash.xlsx | sheet=Memory Card | mode=multi_field | rows=20 | columns=16
2026-06-15 17:41:16 | INFO | src.jobs_xlsx.trendforce.get_dx_comp_index | TrendForce sheet transformed | file=NAND Flash.xlsx | sheet=Memory Card | category=Flash Memory | sub_category=Micro SD | rows=80
2026-06-15 17:41:16 | INFO | src.jobs_xlsx.trendforce.get_dx_comp_index | TrendForce sheet loaded | file=NAND Flash.xlsx | sheet=PC-Client OEM SSD | mode=multi_field | rows=3 | columns=13
2026-06-15 17:41:16 | INFO | src.jobs_xlsx.trendforce.get_dx_comp_index | TrendForce sheet transformed | file=NAND Flash.xlsx | sheet=PC-Client OEM SSD | category=Flash Memory | sub_category=SSD | rows=9
2026-06-15 17:41:16 | INFO | src.jobs_xlsx.trendforce.get_dx_comp_index | TrendForce sheet loaded | file=NAND Flash.xlsx | sheet=SSD Street | mode=multi_field | rows=11 | columns=22
2026-06-15 17:41:16 | INFO | src.jobs_xlsx.trendforce.get_dx_comp_index | TrendForce sheet transformed | file=NAND Flash.xlsx | sheet=SSD Street | category=Flash Memory | sub_category=SSD | rows=55
2026-06-15 17:41:16 | INFO | src.jobs_xlsx.trendforce.get_dx_comp_index | TrendForce workbook transformed | file=NAND Flash.xlsx | rows=299
2026-06-15 17:41:16 | INFO | src.jobs_xlsx.trendforce.get_dx_comp_index | TrendForce sheet loaded | file=PV.xlsx | sheet=Polysilicon | mode=multi_field | rows=19 | columns=16
2026-06-15 17:41:16 | INFO | src.jobs_xlsx.trendforce.get_dx_comp_index | TrendForce sheet transformed | file=PV.xlsx | sheet=Polysilicon | category=PV | sub_category=Polysilicon | rows=76
2026-06-15 17:41:16 | INFO | src.jobs_xlsx.trendforce.get_dx_comp_index | TrendForce sheet loaded | file=PV.xlsx | sheet=Wafer | mode=multi_field | rows=19 | columns=13
2026-06-15 17:41:16 | INFO | src.jobs_xlsx.trendforce.get_dx_comp_index | TrendForce sheet transformed | file=PV.xlsx | sheet=Wafer | category=PV | sub_category=Wafer | rows=57
2026-06-15 17:41:16 | INFO | src.jobs_xlsx.trendforce.get_dx_comp_index | TrendForce sheet loaded | file=PV.xlsx | sheet=Cell | mode=multi_field | rows=19 | columns=13
2026-06-15 17:41:16 | INFO | src.jobs_xlsx.trendforce.get_dx_comp_index | TrendForce sheet transformed | file=PV.xlsx | sheet=Cell | category=PV | sub_category=Cell | rows=57
2026-06-15 17:41:16 | INFO | src.jobs_xlsx.trendforce.get_dx_comp_index | TrendForce sheet loaded | file=PV.xlsx | sheet=Module | mode=multi_field | rows=19 | columns=10
2026-06-15 17:41:16 | INFO | src.jobs_xlsx.trendforce.get_dx_comp_index | TrendForce sheet transformed | file=PV.xlsx | sheet=Module | category=PV | sub_category=Module | rows=38
2026-06-15 17:41:16 | INFO | src.jobs_xlsx.trendforce.get_dx_comp_index | TrendForce sheet loaded | file=PV.xlsx | sheet=PV Glass | mode=multi_field | rows=19 | columns=13
2026-06-15 17:41:16 | INFO | src.jobs_xlsx.trendforce.get_dx_comp_index | TrendForce sheet transformed | file=PV.xlsx | sheet=PV Glass | category=PV | sub_category=PV Glass | rows=57
2026-06-15 17:41:16 | INFO | src.jobs_xlsx.trendforce.get_dx_comp_index | TrendForce workbook transformed | file=PV.xlsx | rows=285
2026-06-15 17:41:16 | INFO | src.jobs_xlsx.trendforce.get_dx_comp_index | TrendForce sheet loaded | file=TFT LCD.xlsx | sheet=Large Size Panel | mode=multi_field | rows=5 | columns=16
2026-06-15 17:41:16 | INFO | src.jobs_xlsx.trendforce.get_dx_comp_index | TrendForce sheet transformed | file=TFT LCD.xlsx | sheet=Large Size Panel | category=TFTLCD | sub_category=Large Panel | rows=15
2026-06-15 17:41:16 | INFO | src.jobs_xlsx.trendforce.get_dx_comp_index | TrendForce sheet loaded | file=TFT LCD.xlsx | sheet=LCD Smartphone Panel | mode=multi_field | rows=6 | columns=12
2026-06-15 17:41:17 | INFO | src.jobs_xlsx.trendforce.get_dx_comp_index | TrendForce sheet transformed | file=TFT LCD.xlsx | sheet=LCD Smartphone Panel | category=TFTLCD | sub_category=Smartphone Panel | rows=12
2026-06-15 17:41:17 | INFO | src.jobs_xlsx.trendforce.get_dx_comp_index | TrendForce sheet loaded | file=TFT LCD.xlsx | sheet=Street | mode=multi_field | rows=7 | columns=24
2026-06-15 17:41:17 | INFO | src.jobs_xlsx.trendforce.get_dx_comp_index | TrendForce sheet transformed | file=TFT LCD.xlsx | sheet=Street | category=TFTLCD | sub_category=LCD | rows=35
2026-06-15 17:41:17 | INFO | src.jobs_xlsx.trendforce.get_dx_comp_index | TrendForce sheet loaded | file=TFT LCD.xlsx | sheet=Large Size Panel Shipment | mode=multi_field | rows=6 | columns=14
2026-06-15 17:41:17 | INFO | src.jobs_xlsx.trendforce.get_dx_comp_index | TrendForce sheet transformed | file=TFT LCD.xlsx | sheet=Large Size Panel Shipment | category=TFTLCD | sub_category=Shipment | rows=60
2026-06-15 17:41:17 | INFO | src.jobs_xlsx.trendforce.get_dx_comp_index | TrendForce workbook transformed | file=TFT LCD.xlsx | rows=122
2026-06-15 17:41:17 | INFO | src.jobs_xlsx.trendforce.get_dx_comp_index | TrendForce sheet loaded | file=Li-Ion Battery.xlsx | sheet=Battery Cell & Pack | mode=single_value | rows=6 | columns=11
2026-06-15 17:41:17 | INFO | src.jobs_xlsx.trendforce.get_dx_comp_index | TrendForce sheet transformed | file=Li-Ion Battery.xlsx | sheet=Battery Cell & Pack | category=Battery | sub_category=None | rows=42
2026-06-15 17:41:17 | INFO | src.jobs_xlsx.trendforce.get_dx_comp_index | TrendForce sheet loaded | file=Li-Ion Battery.xlsx | sheet=Precursor and Cathode Material | mode=single_value | rows=6 | columns=14
2026-06-15 17:41:17 | INFO | src.jobs_xlsx.trendforce.get_dx_comp_index | TrendForce sheet transformed | file=Li-Ion Battery.xlsx | sheet=Precursor and Cathode Material | category=Battery | sub_category=None | rows=60
2026-06-15 17:41:17 | INFO | src.jobs_xlsx.trendforce.get_dx_comp_index | TrendForce sheet loaded | file=Li-Ion Battery.xlsx | sheet=Anode Material | mode=single_value | rows=6 | columns=12
2026-06-15 17:41:17 | INFO | src.jobs_xlsx.trendforce.get_dx_comp_index | TrendForce sheet transformed | file=Li-Ion Battery.xlsx | sheet=Anode Material | category=Battery | sub_category=Anode Material | rows=48
2026-06-15 17:41:17 | INFO | src.jobs_xlsx.trendforce.get_dx_comp_index | TrendForce sheet loaded | file=Li-Ion Battery.xlsx | sheet=Separator | mode=single_value | rows=6 | columns=9
2026-06-15 17:41:17 | INFO | src.jobs_xlsx.trendforce.get_dx_comp_index | TrendForce sheet transformed | file=Li-Ion Battery.xlsx | sheet=Separator | category=Battery | sub_category=Separator | rows=30
2026-06-15 17:41:17 | INFO | src.jobs_xlsx.trendforce.get_dx_comp_index | TrendForce sheet loaded | file=Li-Ion Battery.xlsx | sheet=Electrolyte | mode=single_value | rows=6 | columns=8
2026-06-15 17:41:17 | INFO | src.jobs_xlsx.trendforce.get_dx_comp_index | TrendForce sheet transformed | file=Li-Ion Battery.xlsx | sheet=Electrolyte | category=Battery | sub_category=Electrolyte | rows=24
2026-06-15 17:41:17 | INFO | src.jobs_xlsx.trendforce.get_dx_comp_index | TrendForce sheet loaded | file=Li-Ion Battery.xlsx | sheet=Li & Co & Ni | mode=single_value | rows=6 | columns=12
2026-06-15 17:41:17 | INFO | src.jobs_xlsx.trendforce.get_dx_comp_index | TrendForce sheet transformed | file=Li-Ion Battery.xlsx | sheet=Li & Co & Ni | category=Battery | sub_category=LiCoNi | rows=48
2026-06-15 17:41:17 | INFO | src.jobs_xlsx.trendforce.get_dx_comp_index | TrendForce sheet loaded | file=Li-Ion Battery.xlsx | sheet=Other | mode=single_value | rows=6 | columns=6
2026-06-15 17:41:17 | INFO | src.jobs_xlsx.trendforce.get_dx_comp_index | TrendForce sheet transformed | file=Li-Ion Battery.xlsx | sheet=Other | category=Battery | sub_category=Other | rows=12
2026-06-15 17:41:17 | INFO | src.jobs_xlsx.trendforce.get_dx_comp_index | TrendForce workbook transformed | file=Li-Ion Battery.xlsx | rows=264
2026-06-15 17:41:17 | INFO | src.jobs_xlsx.trendforce.get_dx_comp_index | TrendForce industry Parquet saved | output_path=C:\Users\krm\PycharmProjects\AlternativeData\data_lake\raw\industry\trendforce\components.parquet | rows=3112
2026-06-16 10:46:22 | INFO | src.jobs_xlsx.trendforce.get_dx_comp_index | TrendForce industry data job started | input_dir=C:\Users\krm\PycharmProjects\AlternativeData\data\industry\TrendForce | metadata_path=C:\Users\krm\PycharmProjects\AlternativeData\data\metadata.xlsx
2026-06-16 10:46:22 | INFO | src.jobs_xlsx.trendforce.get_dx_comp_index | TrendForce metadata loaded | symbols=117
2026-06-16 10:46:22 | INFO | src.jobs_xlsx.trendforce.get_dx_comp_index | TrendForce sheet loaded | file=DRAM.xlsx | sheet=DRAM | mode=multi_field | rows=286 | columns=25
2026-06-16 10:46:22 | INFO | src.jobs_xlsx.trendforce.get_dx_comp_index | TrendForce sheet transformed | file=DRAM.xlsx | sheet=DRAM | category=DRAM | sub_category=DDR | rows=2002
2026-06-16 10:46:22 | INFO | src.jobs_xlsx.trendforce.get_dx_comp_index | TrendForce sheet loaded | file=DRAM.xlsx | sheet=DRAM Contract | mode=multi_field | rows=6 | columns=25
2026-06-16 10:46:22 | INFO | src.jobs_xlsx.trendforce.get_dx_comp_index | TrendForce sheet transformed | file=DRAM.xlsx | sheet=DRAM Contract | category=DRAM | sub_category=DDR | rows=37
2026-06-16 10:46:22 | INFO | src.jobs_xlsx.trendforce.get_dx_comp_index | TrendForce sheet loaded | file=DRAM.xlsx | sheet=Module | mode=multi_field | rows=22 | columns=13
2026-06-16 10:46:22 | INFO | src.jobs_xlsx.trendforce.get_dx_comp_index | TrendForce sheet transformed | file=DRAM.xlsx | sheet=Module | category=DRAM | sub_category=Module | rows=66
2026-06-16 10:46:22 | INFO | src.jobs_xlsx.trendforce.get_dx_comp_index | TrendForce sheet loaded | file=DRAM.xlsx | sheet=GDDR | mode=multi_field | rows=22 | columns=10
2026-06-16 10:46:22 | INFO | src.jobs_xlsx.trendforce.get_dx_comp_index | TrendForce sheet transformed | file=DRAM.xlsx | sheet=GDDR | category=DRAM | sub_category=GDDR | rows=44
2026-06-16 10:46:22 | INFO | src.jobs_xlsx.trendforce.get_dx_comp_index | TrendForce workbook transformed | file=DRAM.xlsx | rows=2149
2026-06-16 10:46:22 | INFO | src.jobs_xlsx.trendforce.get_dx_comp_index | TrendForce sheet loaded | file=NAND Flash.xlsx | sheet=Flash | mode=multi_field | rows=20 | columns=16
2026-06-16 10:46:23 | INFO | src.jobs_xlsx.trendforce.get_dx_comp_index | TrendForce sheet transformed | file=NAND Flash.xlsx | sheet=Flash | category=Flash Memory | sub_category=NAND | rows=80
2026-06-16 10:46:23 | INFO | src.jobs_xlsx.trendforce.get_dx_comp_index | TrendForce sheet loaded | file=NAND Flash.xlsx | sheet=Flash Contract | mode=multi_field | rows=5 | columns=13
2026-06-16 10:46:23 | INFO | src.jobs_xlsx.trendforce.get_dx_comp_index | TrendForce sheet transformed | file=NAND Flash.xlsx | sheet=Flash Contract | category=Flash Memory | sub_category=NAND | rows=15
2026-06-16 10:46:23 | INFO | src.jobs_xlsx.trendforce.get_dx_comp_index | TrendForce sheet loaded | file=NAND Flash.xlsx | sheet=Wafer | mode=multi_field | rows=20 | columns=13
2026-06-16 10:46:23 | INFO | src.jobs_xlsx.trendforce.get_dx_comp_index | TrendForce sheet transformed | file=NAND Flash.xlsx | sheet=Wafer | category=Flash Memory | sub_category=Wafer | rows=60
2026-06-16 10:46:23 | INFO | src.jobs_xlsx.trendforce.get_dx_comp_index | TrendForce sheet loaded | file=NAND Flash.xlsx | sheet=Memory Card | mode=multi_field | rows=20 | columns=16
2026-06-16 10:46:23 | INFO | src.jobs_xlsx.trendforce.get_dx_comp_index | TrendForce sheet transformed | file=NAND Flash.xlsx | sheet=Memory Card | category=Flash Memory | sub_category=Micro SD | rows=80
2026-06-16 10:46:23 | INFO | src.jobs_xlsx.trendforce.get_dx_comp_index | TrendForce sheet loaded | file=NAND Flash.xlsx | sheet=PC-Client OEM SSD | mode=multi_field | rows=3 | columns=13
2026-06-16 10:46:23 | INFO | src.jobs_xlsx.trendforce.get_dx_comp_index | TrendForce sheet transformed | file=NAND Flash.xlsx | sheet=PC-Client OEM SSD | category=Flash Memory | sub_category=SSD | rows=9
2026-06-16 10:46:23 | INFO | src.jobs_xlsx.trendforce.get_dx_comp_index | TrendForce sheet loaded | file=NAND Flash.xlsx | sheet=SSD Street | mode=multi_field | rows=11 | columns=22
2026-06-16 10:46:23 | INFO | src.jobs_xlsx.trendforce.get_dx_comp_index | TrendForce sheet transformed | file=NAND Flash.xlsx | sheet=SSD Street | category=Flash Memory | sub_category=SSD | rows=55
2026-06-16 10:46:23 | INFO | src.jobs_xlsx.trendforce.get_dx_comp_index | TrendForce workbook transformed | file=NAND Flash.xlsx | rows=299
2026-06-16 10:46:23 | INFO | src.jobs_xlsx.trendforce.get_dx_comp_index | TrendForce sheet loaded | file=PV.xlsx | sheet=Polysilicon | mode=multi_field | rows=19 | columns=16
2026-06-16 10:46:23 | INFO | src.jobs_xlsx.trendforce.get_dx_comp_index | TrendForce sheet transformed | file=PV.xlsx | sheet=Polysilicon | category=PV | sub_category=Polysilicon | rows=76
2026-06-16 10:46:23 | INFO | src.jobs_xlsx.trendforce.get_dx_comp_index | TrendForce sheet loaded | file=PV.xlsx | sheet=Wafer | mode=multi_field | rows=19 | columns=13
2026-06-16 10:46:23 | INFO | src.jobs_xlsx.trendforce.get_dx_comp_index | TrendForce sheet transformed | file=PV.xlsx | sheet=Wafer | category=PV | sub_category=Wafer | rows=57
2026-06-16 10:46:23 | INFO | src.jobs_xlsx.trendforce.get_dx_comp_index | TrendForce sheet loaded | file=PV.xlsx | sheet=Cell | mode=multi_field | rows=19 | columns=13
2026-06-16 10:46:23 | INFO | src.jobs_xlsx.trendforce.get_dx_comp_index | TrendForce sheet transformed | file=PV.xlsx | sheet=Cell | category=PV | sub_category=Cell | rows=57
2026-06-16 10:46:23 | INFO | src.jobs_xlsx.trendforce.get_dx_comp_index | TrendForce sheet loaded | file=PV.xlsx | sheet=Module | mode=multi_field | rows=19 | columns=10
2026-06-16 10:46:23 | INFO | src.jobs_xlsx.trendforce.get_dx_comp_index | TrendForce sheet transformed | file=PV.xlsx | sheet=Module | category=PV | sub_category=Module | rows=38
2026-06-16 10:46:23 | INFO | src.jobs_xlsx.trendforce.get_dx_comp_index | TrendForce sheet loaded | file=PV.xlsx | sheet=PV Glass | mode=multi_field | rows=19 | columns=13
2026-06-16 10:46:23 | INFO | src.jobs_xlsx.trendforce.get_dx_comp_index | TrendForce sheet transformed | file=PV.xlsx | sheet=PV Glass | category=PV | sub_category=PV Glass | rows=57
2026-06-16 10:46:23 | INFO | src.jobs_xlsx.trendforce.get_dx_comp_index | TrendForce workbook transformed | file=PV.xlsx | rows=285
2026-06-16 10:46:23 | INFO | src.jobs_xlsx.trendforce.get_dx_comp_index | TrendForce sheet loaded | file=TFT LCD.xlsx | sheet=Large Size Panel | mode=multi_field | rows=5 | columns=16
2026-06-16 10:46:23 | INFO | src.jobs_xlsx.trendforce.get_dx_comp_index | TrendForce sheet transformed | file=TFT LCD.xlsx | sheet=Large Size Panel | category=TFTLCD | sub_category=Large Panel | rows=15
2026-06-16 10:46:23 | INFO | src.jobs_xlsx.trendforce.get_dx_comp_index | TrendForce sheet loaded | file=TFT LCD.xlsx | sheet=LCD Smartphone Panel | mode=multi_field | rows=6 | columns=12
2026-06-16 10:46:23 | INFO | src.jobs_xlsx.trendforce.get_dx_comp_index | TrendForce sheet transformed | file=TFT LCD.xlsx | sheet=LCD Smartphone Panel | category=TFTLCD | sub_category=Smartphone Panel | rows=12
2026-06-16 10:46:23 | INFO | src.jobs_xlsx.trendforce.get_dx_comp_index | TrendForce sheet loaded | file=TFT LCD.xlsx | sheet=Street | mode=multi_field | rows=7 | columns=24
2026-06-16 10:46:23 | INFO | src.jobs_xlsx.trendforce.get_dx_comp_index | TrendForce sheet transformed | file=TFT LCD.xlsx | sheet=Street | category=TFTLCD | sub_category=LCD | rows=35
2026-06-16 10:46:23 | INFO | src.jobs_xlsx.trendforce.get_dx_comp_index | TrendForce sheet loaded | file=TFT LCD.xlsx | sheet=Large Size Panel Shipment | mode=multi_field | rows=6 | columns=14
2026-06-16 10:46:23 | INFO | src.jobs_xlsx.trendforce.get_dx_comp_index | TrendForce sheet transformed | file=TFT LCD.xlsx | sheet=Large Size Panel Shipment | category=TFTLCD | sub_category=Shipment | rows=60
2026-06-16 10:46:23 | INFO | src.jobs_xlsx.trendforce.get_dx_comp_index | TrendForce workbook transformed | file=TFT LCD.xlsx | rows=122
2026-06-16 10:46:23 | INFO | src.jobs_xlsx.trendforce.get_dx_comp_index | TrendForce sheet loaded | file=Li-Ion Battery.xlsx | sheet=Battery Cell & Pack | mode=single_value | rows=6 | columns=11
2026-06-16 10:46:23 | INFO | src.jobs_xlsx.trendforce.get_dx_comp_index | TrendForce sheet transformed | file=Li-Ion Battery.xlsx | sheet=Battery Cell & Pack | category=Battery | sub_category=None | rows=42
2026-06-16 10:46:23 | INFO | src.jobs_xlsx.trendforce.get_dx_comp_index | TrendForce sheet loaded | file=Li-Ion Battery.xlsx | sheet=Precursor and Cathode Material | mode=single_value | rows=6 | columns=14
2026-06-16 10:46:23 | INFO | src.jobs_xlsx.trendforce.get_dx_comp_index | TrendForce sheet transformed | file=Li-Ion Battery.xlsx | sheet=Precursor and Cathode Material | category=Battery | sub_category=None | rows=60
2026-06-16 10:46:23 | INFO | src.jobs_xlsx.trendforce.get_dx_comp_index | TrendForce sheet loaded | file=Li-Ion Battery.xlsx | sheet=Anode Material | mode=single_value | rows=6 | columns=12
2026-06-16 10:46:23 | INFO | src.jobs_xlsx.trendforce.get_dx_comp_index | TrendForce sheet transformed | file=Li-Ion Battery.xlsx | sheet=Anode Material | category=Battery | sub_category=Anode Material | rows=48
2026-06-16 10:46:23 | INFO | src.jobs_xlsx.trendforce.get_dx_comp_index | TrendForce sheet loaded | file=Li-Ion Battery.xlsx | sheet=Separator | mode=single_value | rows=6 | columns=9
2026-06-16 10:46:23 | INFO | src.jobs_xlsx.trendforce.get_dx_comp_index | TrendForce sheet transformed | file=Li-Ion Battery.xlsx | sheet=Separator | category=Battery | sub_category=Separator | rows=30
2026-06-16 10:46:23 | INFO | src.jobs_xlsx.trendforce.get_dx_comp_index | TrendForce sheet loaded | file=Li-Ion Battery.xlsx | sheet=Electrolyte | mode=single_value | rows=6 | columns=8
2026-06-16 10:46:23 | INFO | src.jobs_xlsx.trendforce.get_dx_comp_index | TrendForce sheet transformed | file=Li-Ion Battery.xlsx | sheet=Electrolyte | category=Battery | sub_category=Electrolyte | rows=24
2026-06-16 10:46:23 | INFO | src.jobs_xlsx.trendforce.get_dx_comp_index | TrendForce sheet loaded | file=Li-Ion Battery.xlsx | sheet=Li & Co & Ni | mode=single_value | rows=6 | columns=12
2026-06-16 10:46:23 | INFO | src.jobs_xlsx.trendforce.get_dx_comp_index | TrendForce sheet transformed | file=Li-Ion Battery.xlsx | sheet=Li & Co & Ni | category=Battery | sub_category=LiCoNi | rows=48
2026-06-16 10:46:23 | INFO | src.jobs_xlsx.trendforce.get_dx_comp_index | TrendForce sheet loaded | file=Li-Ion Battery.xlsx | sheet=Other | mode=single_value | rows=6 | columns=6
2026-06-16 10:46:23 | INFO | src.jobs_xlsx.trendforce.get_dx_comp_index | TrendForce sheet transformed | file=Li-Ion Battery.xlsx | sheet=Other | category=Battery | sub_category=Other | rows=12
2026-06-16 10:46:23 | INFO | src.jobs_xlsx.trendforce.get_dx_comp_index | TrendForce workbook transformed | file=Li-Ion Battery.xlsx | rows=264
2026-06-16 10:46:23 | INFO | src.jobs_xlsx.trendforce.get_dx_comp_index | TrendForce industry Parquet saved | output_path=C:\Users\krm\PycharmProjects\AlternativeData\data_lake\raw\industry\trendforce\components.parquet | rows=3119
2026-06-16 11:01:44 | INFO | src.jobs_xlsx.trendforce.get_dx_comp_index | TrendForce industry data job started | input_dir=C:\Users\krm\PycharmProjects\AlternativeData\data\industry\TrendForce | metadata_path=C:\Users\krm\PycharmProjects\AlternativeData\data\metadata.xlsx
2026-06-16 11:01:45 | INFO | src.jobs_xlsx.trendforce.get_dx_comp_index | TrendForce metadata loaded | symbols=117
2026-06-16 11:01:45 | INFO | src.jobs_xlsx.trendforce.get_dx_comp_index | TrendForce sheet loaded | file=DRAM.xlsx | sheet=DRAM | mode=multi_field | rows=286 | columns=25
2026-06-16 11:01:45 | INFO | src.jobs_xlsx.trendforce.get_dx_comp_index | TrendForce sheet transformed | file=DRAM.xlsx | sheet=DRAM | category=DRAM | sub_category=DDR | rows=2002
2026-06-16 11:01:45 | INFO | src.jobs_xlsx.trendforce.get_dx_comp_index | TrendForce sheet loaded | file=DRAM.xlsx | sheet=DRAM Contract | mode=multi_field | rows=6 | columns=25
2026-06-16 11:01:45 | INFO | src.jobs_xlsx.trendforce.get_dx_comp_index | TrendForce sheet transformed | file=DRAM.xlsx | sheet=DRAM Contract | category=DRAM | sub_category=DDR | rows=37
2026-06-16 11:01:45 | INFO | src.jobs_xlsx.trendforce.get_dx_comp_index | TrendForce sheet loaded | file=DRAM.xlsx | sheet=Module | mode=multi_field | rows=22 | columns=13
2026-06-16 11:01:45 | INFO | src.jobs_xlsx.trendforce.get_dx_comp_index | TrendForce sheet transformed | file=DRAM.xlsx | sheet=Module | category=DRAM | sub_category=Module | rows=66
2026-06-16 11:01:45 | INFO | src.jobs_xlsx.trendforce.get_dx_comp_index | TrendForce sheet loaded | file=DRAM.xlsx | sheet=GDDR | mode=multi_field | rows=22 | columns=10
2026-06-16 11:01:45 | INFO | src.jobs_xlsx.trendforce.get_dx_comp_index | TrendForce sheet transformed | file=DRAM.xlsx | sheet=GDDR | category=DRAM | sub_category=GDDR | rows=44
2026-06-16 11:01:45 | INFO | src.jobs_xlsx.trendforce.get_dx_comp_index | TrendForce workbook transformed | file=DRAM.xlsx | rows=2149
2026-06-16 11:01:45 | INFO | src.jobs_xlsx.trendforce.get_dx_comp_index | TrendForce sheet loaded | file=NAND Flash.xlsx | sheet=Flash | mode=multi_field | rows=20 | columns=16
2026-06-16 11:01:45 | INFO | src.jobs_xlsx.trendforce.get_dx_comp_index | TrendForce sheet transformed | file=NAND Flash.xlsx | sheet=Flash | category=Flash Memory | sub_category=NAND | rows=80
2026-06-16 11:01:45 | INFO | src.jobs_xlsx.trendforce.get_dx_comp_index | TrendForce sheet loaded | file=NAND Flash.xlsx | sheet=Flash Contract | mode=multi_field | rows=5 | columns=13
2026-06-16 11:01:45 | INFO | src.jobs_xlsx.trendforce.get_dx_comp_index | TrendForce sheet transformed | file=NAND Flash.xlsx | sheet=Flash Contract | category=Flash Memory | sub_category=NAND | rows=15
2026-06-16 11:01:45 | INFO | src.jobs_xlsx.trendforce.get_dx_comp_index | TrendForce sheet loaded | file=NAND Flash.xlsx | sheet=Wafer | mode=multi_field | rows=20 | columns=13
2026-06-16 11:01:45 | INFO | src.jobs_xlsx.trendforce.get_dx_comp_index | TrendForce sheet transformed | file=NAND Flash.xlsx | sheet=Wafer | category=Flash Memory | sub_category=Wafer | rows=60
2026-06-16 11:01:45 | INFO | src.jobs_xlsx.trendforce.get_dx_comp_index | TrendForce sheet loaded | file=NAND Flash.xlsx | sheet=Memory Card | mode=multi_field | rows=20 | columns=16
2026-06-16 11:01:45 | INFO | src.jobs_xlsx.trendforce.get_dx_comp_index | TrendForce sheet transformed | file=NAND Flash.xlsx | sheet=Memory Card | category=Flash Memory | sub_category=Micro SD | rows=80
2026-06-16 11:01:45 | INFO | src.jobs_xlsx.trendforce.get_dx_comp_index | TrendForce sheet loaded | file=NAND Flash.xlsx | sheet=PC-Client OEM SSD | mode=multi_field | rows=3 | columns=13
2026-06-16 11:01:45 | INFO | src.jobs_xlsx.trendforce.get_dx_comp_index | TrendForce sheet transformed | file=NAND Flash.xlsx | sheet=PC-Client OEM SSD | category=Flash Memory | sub_category=SSD | rows=9
2026-06-16 11:01:45 | INFO | src.jobs_xlsx.trendforce.get_dx_comp_index | TrendForce sheet loaded | file=NAND Flash.xlsx | sheet=SSD Street | mode=multi_field | rows=11 | columns=22
2026-06-16 11:01:45 | INFO | src.jobs_xlsx.trendforce.get_dx_comp_index | TrendForce sheet transformed | file=NAND Flash.xlsx | sheet=SSD Street | category=Flash Memory | sub_category=SSD | rows=55
2026-06-16 11:01:45 | INFO | src.jobs_xlsx.trendforce.get_dx_comp_index | TrendForce workbook transformed | file=NAND Flash.xlsx | rows=299
2026-06-16 11:01:45 | INFO | src.jobs_xlsx.trendforce.get_dx_comp_index | TrendForce sheet loaded | file=PV.xlsx | sheet=Polysilicon | mode=multi_field | rows=19 | columns=16
2026-06-16 11:01:45 | INFO | src.jobs_xlsx.trendforce.get_dx_comp_index | TrendForce sheet transformed | file=PV.xlsx | sheet=Polysilicon | category=PV | sub_category=Polysilicon | rows=76
2026-06-16 11:01:45 | INFO | src.jobs_xlsx.trendforce.get_dx_comp_index | TrendForce sheet loaded | file=PV.xlsx | sheet=Wafer | mode=multi_field | rows=19 | columns=13
2026-06-16 11:01:45 | INFO | src.jobs_xlsx.trendforce.get_dx_comp_index | TrendForce sheet transformed | file=PV.xlsx | sheet=Wafer | category=PV | sub_category=Wafer | rows=57
2026-06-16 11:01:45 | INFO | src.jobs_xlsx.trendforce.get_dx_comp_index | TrendForce sheet loaded | file=PV.xlsx | sheet=Cell | mode=multi_field | rows=19 | columns=13
2026-06-16 11:01:45 | INFO | src.jobs_xlsx.trendforce.get_dx_comp_index | TrendForce sheet transformed | file=PV.xlsx | sheet=Cell | category=PV | sub_category=Cell | rows=57
2026-06-16 11:01:45 | INFO | src.jobs_xlsx.trendforce.get_dx_comp_index | TrendForce sheet loaded | file=PV.xlsx | sheet=Module | mode=multi_field | rows=19 | columns=10
2026-06-16 11:01:45 | INFO | src.jobs_xlsx.trendforce.get_dx_comp_index | TrendForce sheet transformed | file=PV.xlsx | sheet=Module | category=PV | sub_category=Module | rows=38
2026-06-16 11:01:45 | INFO | src.jobs_xlsx.trendforce.get_dx_comp_index | TrendForce sheet loaded | file=PV.xlsx | sheet=PV Glass | mode=multi_field | rows=19 | columns=13
2026-06-16 11:01:45 | INFO | src.jobs_xlsx.trendforce.get_dx_comp_index | TrendForce sheet transformed | file=PV.xlsx | sheet=PV Glass | category=PV | sub_category=PV Glass | rows=57
2026-06-16 11:01:45 | INFO | src.jobs_xlsx.trendforce.get_dx_comp_index | TrendForce workbook transformed | file=PV.xlsx | rows=285
2026-06-16 11:01:45 | INFO | src.jobs_xlsx.trendforce.get_dx_comp_index | TrendForce sheet loaded | file=TFT LCD.xlsx | sheet=Large Size Panel | mode=multi_field | rows=5 | columns=16
2026-06-16 11:01:45 | INFO | src.jobs_xlsx.trendforce.get_dx_comp_index | TrendForce sheet transformed | file=TFT LCD.xlsx | sheet=Large Size Panel | category=TFTLCD | sub_category=Large Panel | rows=15
2026-06-16 11:01:45 | INFO | src.jobs_xlsx.trendforce.get_dx_comp_index | TrendForce sheet loaded | file=TFT LCD.xlsx | sheet=LCD Smartphone Panel | mode=multi_field | rows=6 | columns=12
2026-06-16 11:01:45 | INFO | src.jobs_xlsx.trendforce.get_dx_comp_index | TrendForce sheet transformed | file=TFT LCD.xlsx | sheet=LCD Smartphone Panel | category=TFTLCD | sub_category=Smartphone Panel | rows=12
2026-06-16 11:01:45 | INFO | src.jobs_xlsx.trendforce.get_dx_comp_index | TrendForce sheet loaded | file=TFT LCD.xlsx | sheet=Street | mode=multi_field | rows=7 | columns=24
2026-06-16 11:01:45 | INFO | src.jobs_xlsx.trendforce.get_dx_comp_index | TrendForce sheet transformed | file=TFT LCD.xlsx | sheet=Street | category=TFTLCD | sub_category=LCD | rows=35
2026-06-16 11:01:45 | INFO | src.jobs_xlsx.trendforce.get_dx_comp_index | TrendForce sheet loaded | file=TFT LCD.xlsx | sheet=Large Size Panel Shipment | mode=multi_field | rows=6 | columns=14
2026-06-16 11:01:45 | INFO | src.jobs_xlsx.trendforce.get_dx_comp_index | TrendForce sheet transformed | file=TFT LCD.xlsx | sheet=Large Size Panel Shipment | category=TFTLCD | sub_category=Shipment | rows=60
2026-06-16 11:01:45 | INFO | src.jobs_xlsx.trendforce.get_dx_comp_index | TrendForce workbook transformed | file=TFT LCD.xlsx | rows=122
2026-06-16 11:01:45 | INFO | src.jobs_xlsx.trendforce.get_dx_comp_index | TrendForce sheet loaded | file=Li-Ion Battery.xlsx | sheet=Battery Cell & Pack | mode=single_value | rows=6 | columns=11
2026-06-16 11:01:45 | INFO | src.jobs_xlsx.trendforce.get_dx_comp_index | TrendForce sheet transformed | file=Li-Ion Battery.xlsx | sheet=Battery Cell & Pack | category=Battery | sub_category=None | rows=42
2026-06-16 11:01:45 | INFO | src.jobs_xlsx.trendforce.get_dx_comp_index | TrendForce sheet loaded | file=Li-Ion Battery.xlsx | sheet=Precursor and Cathode Material | mode=single_value | rows=6 | columns=14
2026-06-16 11:01:45 | INFO | src.jobs_xlsx.trendforce.get_dx_comp_index | TrendForce sheet transformed | file=Li-Ion Battery.xlsx | sheet=Precursor and Cathode Material | category=Battery | sub_category=None | rows=60
2026-06-16 11:01:45 | INFO | src.jobs_xlsx.trendforce.get_dx_comp_index | TrendForce sheet loaded | file=Li-Ion Battery.xlsx | sheet=Anode Material | mode=single_value | rows=6 | columns=12
2026-06-16 11:01:45 | INFO | src.jobs_xlsx.trendforce.get_dx_comp_index | TrendForce sheet transformed | file=Li-Ion Battery.xlsx | sheet=Anode Material | category=Battery | sub_category=Anode Material | rows=48
2026-06-16 11:01:45 | INFO | src.jobs_xlsx.trendforce.get_dx_comp_index | TrendForce sheet loaded | file=Li-Ion Battery.xlsx | sheet=Separator | mode=single_value | rows=6 | columns=9
2026-06-16 11:01:45 | INFO | src.jobs_xlsx.trendforce.get_dx_comp_index | TrendForce sheet transformed | file=Li-Ion Battery.xlsx | sheet=Separator | category=Battery | sub_category=Separator | rows=30
2026-06-16 11:01:45 | INFO | src.jobs_xlsx.trendforce.get_dx_comp_index | TrendForce sheet loaded | file=Li-Ion Battery.xlsx | sheet=Electrolyte | mode=single_value | rows=6 | columns=8
2026-06-16 11:01:45 | INFO | src.jobs_xlsx.trendforce.get_dx_comp_index | TrendForce sheet transformed | file=Li-Ion Battery.xlsx | sheet=Electrolyte | category=Battery | sub_category=Electrolyte | rows=24
2026-06-16 11:01:45 | INFO | src.jobs_xlsx.trendforce.get_dx_comp_index | TrendForce sheet loaded | file=Li-Ion Battery.xlsx | sheet=Li & Co & Ni | mode=single_value | rows=6 | columns=12
2026-06-16 11:01:45 | INFO | src.jobs_xlsx.trendforce.get_dx_comp_index | TrendForce sheet transformed | file=Li-Ion Battery.xlsx | sheet=Li & Co & Ni | category=Battery | sub_category=LiCoNi | rows=48
2026-06-16 11:01:45 | INFO | src.jobs_xlsx.trendforce.get_dx_comp_index | TrendForce sheet loaded | file=Li-Ion Battery.xlsx | sheet=Other | mode=single_value | rows=6 | columns=6
2026-06-16 11:01:45 | INFO | src.jobs_xlsx.trendforce.get_dx_comp_index | TrendForce sheet transformed | file=Li-Ion Battery.xlsx | sheet=Other | category=Battery | sub_category=Other | rows=12
2026-06-16 11:01:45 | INFO | src.jobs_xlsx.trendforce.get_dx_comp_index | TrendForce workbook transformed | file=Li-Ion Battery.xlsx | rows=264
2026-06-16 11:01:45 | INFO | src.jobs_xlsx.trendforce.get_dx_comp_index | TrendForce industry Parquet saved | output_path=C:\Users\krm\PycharmProjects\AlternativeData\data_lake\raw\industry\trendforce\components.parquet | rows=3119
2026-06-16 13:22:14 | INFO | src.jobs_xlsx.trendforce.get_dx_comp_index | TrendForce industry data job started | input_dir=C:\Users\krm\PycharmProjects\AlternativeData\data\industry\TrendForce | metadata_path=C:\Users\krm\PycharmProjects\AlternativeData\data\metadata.xlsx
2026-06-16 13:22:14 | INFO | src.jobs_xlsx.trendforce.get_dx_comp_index | TrendForce metadata loaded | symbols=117
2026-06-16 13:22:14 | INFO | src.jobs_xlsx.trendforce.get_dx_comp_index | TrendForce sheet loaded | file=DRAM.xlsx | sheet=DRAM | mode=multi_field | rows=289 | columns=25
2026-06-16 13:22:15 | INFO | src.jobs_xlsx.trendforce.get_dx_comp_index | TrendForce sheet transformed | file=DRAM.xlsx | sheet=DRAM | category=DRAM | sub_category=DDR | rows=2009
2026-06-16 13:22:15 | INFO | src.jobs_xlsx.trendforce.get_dx_comp_index | TrendForce sheet loaded | file=DRAM.xlsx | sheet=DRAM Contract | mode=multi_field | rows=6 | columns=25
2026-06-16 13:22:15 | INFO | src.jobs_xlsx.trendforce.get_dx_comp_index | TrendForce sheet transformed | file=DRAM.xlsx | sheet=DRAM Contract | category=DRAM | sub_category=DDR | rows=37
2026-06-16 13:22:15 | INFO | src.jobs_xlsx.trendforce.get_dx_comp_index | TrendForce sheet loaded | file=DRAM.xlsx | sheet=Module | mode=multi_field | rows=22 | columns=13
2026-06-16 13:22:15 | INFO | src.jobs_xlsx.trendforce.get_dx_comp_index | TrendForce sheet transformed | file=DRAM.xlsx | sheet=Module | category=DRAM | sub_category=Module | rows=66
2026-06-16 13:22:15 | INFO | src.jobs_xlsx.trendforce.get_dx_comp_index | TrendForce sheet loaded | file=DRAM.xlsx | sheet=GDDR | mode=multi_field | rows=22 | columns=10
2026-06-16 13:22:15 | INFO | src.jobs_xlsx.trendforce.get_dx_comp_index | TrendForce sheet transformed | file=DRAM.xlsx | sheet=GDDR | category=DRAM | sub_category=GDDR | rows=44
2026-06-16 13:22:15 | INFO | src.jobs_xlsx.trendforce.get_dx_comp_index | TrendForce workbook transformed | file=DRAM.xlsx | rows=2156
2026-06-16 13:22:15 | INFO | src.jobs_xlsx.trendforce.get_dx_comp_index | TrendForce sheet loaded | file=NAND Flash.xlsx | sheet=Flash | mode=multi_field | rows=20 | columns=16
2026-06-16 13:22:15 | INFO | src.jobs_xlsx.trendforce.get_dx_comp_index | TrendForce sheet transformed | file=NAND Flash.xlsx | sheet=Flash | category=Flash Memory | sub_category=NAND | rows=80
2026-06-16 13:22:15 | INFO | src.jobs_xlsx.trendforce.get_dx_comp_index | TrendForce sheet loaded | file=NAND Flash.xlsx | sheet=Flash Contract | mode=multi_field | rows=5 | columns=13
2026-06-16 13:22:15 | INFO | src.jobs_xlsx.trendforce.get_dx_comp_index | TrendForce sheet transformed | file=NAND Flash.xlsx | sheet=Flash Contract | category=Flash Memory | sub_category=NAND | rows=15
2026-06-16 13:22:15 | INFO | src.jobs_xlsx.trendforce.get_dx_comp_index | TrendForce sheet loaded | file=NAND Flash.xlsx | sheet=Wafer | mode=multi_field | rows=20 | columns=13
2026-06-16 13:22:15 | INFO | src.jobs_xlsx.trendforce.get_dx_comp_index | TrendForce sheet transformed | file=NAND Flash.xlsx | sheet=Wafer | category=Flash Memory | sub_category=Wafer | rows=60
2026-06-16 13:22:15 | INFO | src.jobs_xlsx.trendforce.get_dx_comp_index | TrendForce sheet loaded | file=NAND Flash.xlsx | sheet=Memory Card | mode=multi_field | rows=20 | columns=16
2026-06-16 13:22:15 | INFO | src.jobs_xlsx.trendforce.get_dx_comp_index | TrendForce sheet transformed | file=NAND Flash.xlsx | sheet=Memory Card | category=Flash Memory | sub_category=Micro SD | rows=80
2026-06-16 13:22:15 | INFO | src.jobs_xlsx.trendforce.get_dx_comp_index | TrendForce sheet loaded | file=NAND Flash.xlsx | sheet=PC-Client OEM SSD | mode=multi_field | rows=3 | columns=13
2026-06-16 13:22:15 | INFO | src.jobs_xlsx.trendforce.get_dx_comp_index | TrendForce sheet transformed | file=NAND Flash.xlsx | sheet=PC-Client OEM SSD | category=Flash Memory | sub_category=SSD | rows=9
2026-06-16 13:22:15 | INFO | src.jobs_xlsx.trendforce.get_dx_comp_index | TrendForce sheet loaded | file=NAND Flash.xlsx | sheet=SSD Street | mode=multi_field | rows=11 | columns=22
2026-06-16 13:22:15 | INFO | src.jobs_xlsx.trendforce.get_dx_comp_index | TrendForce sheet transformed | file=NAND Flash.xlsx | sheet=SSD Street | category=Flash Memory | sub_category=SSD | rows=55
2026-06-16 13:22:15 | INFO | src.jobs_xlsx.trendforce.get_dx_comp_index | TrendForce workbook transformed | file=NAND Flash.xlsx | rows=299
2026-06-16 13:22:15 | INFO | src.jobs_xlsx.trendforce.get_dx_comp_index | TrendForce sheet loaded | file=PV.xlsx | sheet=Polysilicon | mode=multi_field | rows=19 | columns=16
2026-06-16 13:22:15 | INFO | src.jobs_xlsx.trendforce.get_dx_comp_index | TrendForce sheet transformed | file=PV.xlsx | sheet=Polysilicon | category=PV | sub_category=Polysilicon | rows=76
2026-06-16 13:22:15 | INFO | src.jobs_xlsx.trendforce.get_dx_comp_index | TrendForce sheet loaded | file=PV.xlsx | sheet=Wafer | mode=multi_field | rows=19 | columns=13
2026-06-16 13:22:15 | INFO | src.jobs_xlsx.trendforce.get_dx_comp_index | TrendForce sheet transformed | file=PV.xlsx | sheet=Wafer | category=PV | sub_category=Wafer | rows=57
2026-06-16 13:22:15 | INFO | src.jobs_xlsx.trendforce.get_dx_comp_index | TrendForce sheet loaded | file=PV.xlsx | sheet=Cell | mode=multi_field | rows=19 | columns=13
2026-06-16 13:22:15 | INFO | src.jobs_xlsx.trendforce.get_dx_comp_index | TrendForce sheet transformed | file=PV.xlsx | sheet=Cell | category=PV | sub_category=Cell | rows=57
2026-06-16 13:22:15 | INFO | src.jobs_xlsx.trendforce.get_dx_comp_index | TrendForce sheet loaded | file=PV.xlsx | sheet=Module | mode=multi_field | rows=19 | columns=10
2026-06-16 13:22:15 | INFO | src.jobs_xlsx.trendforce.get_dx_comp_index | TrendForce sheet transformed | file=PV.xlsx | sheet=Module | category=PV | sub_category=Module | rows=38
2026-06-16 13:22:15 | INFO | src.jobs_xlsx.trendforce.get_dx_comp_index | TrendForce sheet loaded | file=PV.xlsx | sheet=PV Glass | mode=multi_field | rows=19 | columns=13
2026-06-16 13:22:15 | INFO | src.jobs_xlsx.trendforce.get_dx_comp_index | TrendForce sheet transformed | file=PV.xlsx | sheet=PV Glass | category=PV | sub_category=PV Glass | rows=57
2026-06-16 13:22:15 | INFO | src.jobs_xlsx.trendforce.get_dx_comp_index | TrendForce workbook transformed | file=PV.xlsx | rows=285
2026-06-16 13:22:15 | INFO | src.jobs_xlsx.trendforce.get_dx_comp_index | TrendForce sheet loaded | file=TFT LCD.xlsx | sheet=Large Size Panel | mode=multi_field | rows=5 | columns=16
2026-06-16 13:22:15 | INFO | src.jobs_xlsx.trendforce.get_dx_comp_index | TrendForce sheet transformed | file=TFT LCD.xlsx | sheet=Large Size Panel | category=TFTLCD | sub_category=Large Panel | rows=15
2026-06-16 13:22:15 | INFO | src.jobs_xlsx.trendforce.get_dx_comp_index | TrendForce sheet loaded | file=TFT LCD.xlsx | sheet=LCD Smartphone Panel | mode=multi_field | rows=6 | columns=12
2026-06-16 13:22:15 | INFO | src.jobs_xlsx.trendforce.get_dx_comp_index | TrendForce sheet transformed | file=TFT LCD.xlsx | sheet=LCD Smartphone Panel | category=TFTLCD | sub_category=Smartphone Panel | rows=12
2026-06-16 13:22:15 | INFO | src.jobs_xlsx.trendforce.get_dx_comp_index | TrendForce sheet loaded | file=TFT LCD.xlsx | sheet=Street | mode=multi_field | rows=7 | columns=24
2026-06-16 13:22:16 | INFO | src.jobs_xlsx.trendforce.get_dx_comp_index | TrendForce sheet transformed | file=TFT LCD.xlsx | sheet=Street | category=TFTLCD | sub_category=LCD | rows=35
2026-06-16 13:22:16 | INFO | src.jobs_xlsx.trendforce.get_dx_comp_index | TrendForce sheet loaded | file=TFT LCD.xlsx | sheet=Large Size Panel Shipment | mode=multi_field | rows=6 | columns=14
2026-06-16 13:22:16 | INFO | src.jobs_xlsx.trendforce.get_dx_comp_index | TrendForce sheet transformed | file=TFT LCD.xlsx | sheet=Large Size Panel Shipment | category=TFTLCD | sub_category=Shipment | rows=60
2026-06-16 13:22:16 | INFO | src.jobs_xlsx.trendforce.get_dx_comp_index | TrendForce workbook transformed | file=TFT LCD.xlsx | rows=122
2026-06-16 13:22:16 | INFO | src.jobs_xlsx.trendforce.get_dx_comp_index | TrendForce sheet loaded | file=Li-Ion Battery.xlsx | sheet=Battery Cell & Pack | mode=single_value | rows=6 | columns=11
2026-06-16 13:22:16 | INFO | src.jobs_xlsx.trendforce.get_dx_comp_index | TrendForce sheet transformed | file=Li-Ion Battery.xlsx | sheet=Battery Cell & Pack | category=Battery | sub_category=None | rows=42
2026-06-16 13:22:16 | INFO | src.jobs_xlsx.trendforce.get_dx_comp_index | TrendForce sheet loaded | file=Li-Ion Battery.xlsx | sheet=Precursor and Cathode Material | mode=single_value | rows=6 | columns=14
2026-06-16 13:22:16 | INFO | src.jobs_xlsx.trendforce.get_dx_comp_index | TrendForce sheet transformed | file=Li-Ion Battery.xlsx | sheet=Precursor and Cathode Material | category=Battery | sub_category=None | rows=60
2026-06-16 13:22:16 | INFO | src.jobs_xlsx.trendforce.get_dx_comp_index | TrendForce sheet loaded | file=Li-Ion Battery.xlsx | sheet=Anode Material | mode=single_value | rows=6 | columns=12
2026-06-16 13:22:16 | INFO | src.jobs_xlsx.trendforce.get_dx_comp_index | TrendForce sheet transformed | file=Li-Ion Battery.xlsx | sheet=Anode Material | category=Battery | sub_category=Anode Material | rows=48
2026-06-16 13:22:16 | INFO | src.jobs_xlsx.trendforce.get_dx_comp_index | TrendForce sheet loaded | file=Li-Ion Battery.xlsx | sheet=Separator | mode=single_value | rows=6 | columns=9
2026-06-16 13:22:16 | INFO | src.jobs_xlsx.trendforce.get_dx_comp_index | TrendForce sheet transformed | file=Li-Ion Battery.xlsx | sheet=Separator | category=Battery | sub_category=Separator | rows=30
2026-06-16 13:22:16 | INFO | src.jobs_xlsx.trendforce.get_dx_comp_index | TrendForce sheet loaded | file=Li-Ion Battery.xlsx | sheet=Electrolyte | mode=single_value | rows=6 | columns=8
2026-06-16 13:22:16 | INFO | src.jobs_xlsx.trendforce.get_dx_comp_index | TrendForce sheet transformed | file=Li-Ion Battery.xlsx | sheet=Electrolyte | category=Battery | sub_category=Electrolyte | rows=24
2026-06-16 13:22:16 | INFO | src.jobs_xlsx.trendforce.get_dx_comp_index | TrendForce sheet loaded | file=Li-Ion Battery.xlsx | sheet=Li & Co & Ni | mode=single_value | rows=6 | columns=12
2026-06-16 13:22:16 | INFO | src.jobs_xlsx.trendforce.get_dx_comp_index | TrendForce sheet transformed | file=Li-Ion Battery.xlsx | sheet=Li & Co & Ni | category=Battery | sub_category=LiCoNi | rows=48
2026-06-16 13:22:16 | INFO | src.jobs_xlsx.trendforce.get_dx_comp_index | TrendForce sheet loaded | file=Li-Ion Battery.xlsx | sheet=Other | mode=single_value | rows=6 | columns=6
2026-06-16 13:22:16 | INFO | src.jobs_xlsx.trendforce.get_dx_comp_index | TrendForce sheet transformed | file=Li-Ion Battery.xlsx | sheet=Other | category=Battery | sub_category=Other | rows=12
2026-06-16 13:22:16 | INFO | src.jobs_xlsx.trendforce.get_dx_comp_index | TrendForce workbook transformed | file=Li-Ion Battery.xlsx | rows=264
2026-06-16 13:22:16 | INFO | src.jobs_xlsx.trendforce.get_dx_comp_index | TrendForce industry Parquet saved | output_path=C:\Users\krm\PycharmProjects\AlternativeData\data_lake\raw\industry\trendforce\components.parquet | rows=3126
2026-06-16 13:28:27 | INFO | src.jobs_xlsx.trendforce.get_dx_comp_index | TrendForce industry data job started | input_dir=C:\Users\krm\PycharmProjects\AlternativeData\data\industry\TrendForce | metadata_path=C:\Users\krm\PycharmProjects\AlternativeData\data\metadata.xlsx
2026-06-16 13:28:27 | INFO | src.jobs_xlsx.trendforce.get_dx_comp_index | TrendForce metadata loaded | symbols=117
2026-06-16 13:28:27 | INFO | src.jobs_xlsx.trendforce.get_dx_comp_index | TrendForce sheet loaded | file=DRAM.xlsx | sheet=DRAM | mode=multi_field | rows=289 | columns=25
2026-06-16 13:28:27 | INFO | src.jobs_xlsx.trendforce.get_dx_comp_index | TrendForce sheet transformed | file=DRAM.xlsx | sheet=DRAM | category=DRAM | sub_category=DDR | rows=2009
2026-06-16 13:28:27 | INFO | src.jobs_xlsx.trendforce.get_dx_comp_index | TrendForce sheet loaded | file=DRAM.xlsx | sheet=DRAM Contract | mode=multi_field | rows=6 | columns=25
2026-06-16 13:28:27 | INFO | src.jobs_xlsx.trendforce.get_dx_comp_index | TrendForce sheet transformed | file=DRAM.xlsx | sheet=DRAM Contract | category=DRAM | sub_category=DDR | rows=37
2026-06-16 13:28:27 | INFO | src.jobs_xlsx.trendforce.get_dx_comp_index | TrendForce sheet loaded | file=DRAM.xlsx | sheet=Module | mode=multi_field | rows=22 | columns=13
2026-06-16 13:28:27 | INFO | src.jobs_xlsx.trendforce.get_dx_comp_index | TrendForce sheet transformed | file=DRAM.xlsx | sheet=Module | category=DRAM | sub_category=Module | rows=66
2026-06-16 13:28:27 | INFO | src.jobs_xlsx.trendforce.get_dx_comp_index | TrendForce sheet loaded | file=DRAM.xlsx | sheet=GDDR | mode=multi_field | rows=22 | columns=10
2026-06-16 13:28:27 | INFO | src.jobs_xlsx.trendforce.get_dx_comp_index | TrendForce sheet transformed | file=DRAM.xlsx | sheet=GDDR | category=DRAM | sub_category=GDDR | rows=44
2026-06-16 13:28:27 | INFO | src.jobs_xlsx.trendforce.get_dx_comp_index | TrendForce workbook transformed | file=DRAM.xlsx | rows=2156
2026-06-16 13:28:27 | INFO | src.jobs_xlsx.trendforce.get_dx_comp_index | TrendForce sheet loaded | file=NAND Flash.xlsx | sheet=Flash | mode=multi_field | rows=20 | columns=16
2026-06-16 13:28:27 | INFO | src.jobs_xlsx.trendforce.get_dx_comp_index | TrendForce sheet transformed | file=NAND Flash.xlsx | sheet=Flash | category=Flash Memory | sub_category=NAND | rows=80
2026-06-16 13:28:27 | INFO | src.jobs_xlsx.trendforce.get_dx_comp_index | TrendForce sheet loaded | file=NAND Flash.xlsx | sheet=Flash Contract | mode=multi_field | rows=5 | columns=13
2026-06-16 13:28:27 | INFO | src.jobs_xlsx.trendforce.get_dx_comp_index | TrendForce sheet transformed | file=NAND Flash.xlsx | sheet=Flash Contract | category=Flash Memory | sub_category=NAND | rows=15
2026-06-16 13:28:27 | INFO | src.jobs_xlsx.trendforce.get_dx_comp_index | TrendForce sheet loaded | file=NAND Flash.xlsx | sheet=Wafer | mode=multi_field | rows=20 | columns=13
2026-06-16 13:28:27 | INFO | src.jobs_xlsx.trendforce.get_dx_comp_index | TrendForce sheet transformed | file=NAND Flash.xlsx | sheet=Wafer | category=Flash Memory | sub_category=Wafer | rows=60
2026-06-16 13:28:27 | INFO | src.jobs_xlsx.trendforce.get_dx_comp_index | TrendForce sheet loaded | file=NAND Flash.xlsx | sheet=Memory Card | mode=multi_field | rows=20 | columns=16
2026-06-16 13:28:27 | INFO | src.jobs_xlsx.trendforce.get_dx_comp_index | TrendForce sheet transformed | file=NAND Flash.xlsx | sheet=Memory Card | category=Flash Memory | sub_category=Micro SD | rows=80
2026-06-16 13:28:27 | INFO | src.jobs_xlsx.trendforce.get_dx_comp_index | TrendForce sheet loaded | file=NAND Flash.xlsx | sheet=PC-Client OEM SSD | mode=multi_field | rows=3 | columns=13
2026-06-16 13:28:27 | INFO | src.jobs_xlsx.trendforce.get_dx_comp_index | TrendForce sheet transformed | file=NAND Flash.xlsx | sheet=PC-Client OEM SSD | category=Flash Memory | sub_category=SSD | rows=9
2026-06-16 13:28:27 | INFO | src.jobs_xlsx.trendforce.get_dx_comp_index | TrendForce sheet loaded | file=NAND Flash.xlsx | sheet=SSD Street | mode=multi_field | rows=11 | columns=22
2026-06-16 13:28:27 | INFO | src.jobs_xlsx.trendforce.get_dx_comp_index | TrendForce sheet transformed | file=NAND Flash.xlsx | sheet=SSD Street | category=Flash Memory | sub_category=SSD | rows=55
2026-06-16 13:28:27 | INFO | src.jobs_xlsx.trendforce.get_dx_comp_index | TrendForce workbook transformed | file=NAND Flash.xlsx | rows=299
2026-06-16 13:28:27 | INFO | src.jobs_xlsx.trendforce.get_dx_comp_index | TrendForce sheet loaded | file=PV.xlsx | sheet=Polysilicon | mode=multi_field | rows=19 | columns=16
2026-06-16 13:28:27 | INFO | src.jobs_xlsx.trendforce.get_dx_comp_index | TrendForce sheet transformed | file=PV.xlsx | sheet=Polysilicon | category=PV | sub_category=Polysilicon | rows=76
2026-06-16 13:28:27 | INFO | src.jobs_xlsx.trendforce.get_dx_comp_index | TrendForce sheet loaded | file=PV.xlsx | sheet=Wafer | mode=multi_field | rows=19 | columns=13
2026-06-16 13:28:27 | INFO | src.jobs_xlsx.trendforce.get_dx_comp_index | TrendForce sheet transformed | file=PV.xlsx | sheet=Wafer | category=PV | sub_category=Wafer | rows=57
2026-06-16 13:28:27 | INFO | src.jobs_xlsx.trendforce.get_dx_comp_index | TrendForce sheet loaded | file=PV.xlsx | sheet=Cell | mode=multi_field | rows=19 | columns=13
2026-06-16 13:28:27 | INFO | src.jobs_xlsx.trendforce.get_dx_comp_index | TrendForce sheet transformed | file=PV.xlsx | sheet=Cell | category=PV | sub_category=Cell | rows=57
2026-06-16 13:28:27 | INFO | src.jobs_xlsx.trendforce.get_dx_comp_index | TrendForce sheet loaded | file=PV.xlsx | sheet=Module | mode=multi_field | rows=19 | columns=10
2026-06-16 13:28:27 | INFO | src.jobs_xlsx.trendforce.get_dx_comp_index | TrendForce sheet transformed | file=PV.xlsx | sheet=Module | category=PV | sub_category=Module | rows=38
2026-06-16 13:28:27 | INFO | src.jobs_xlsx.trendforce.get_dx_comp_index | TrendForce sheet loaded | file=PV.xlsx | sheet=PV Glass | mode=multi_field | rows=19 | columns=13
2026-06-16 13:28:27 | INFO | src.jobs_xlsx.trendforce.get_dx_comp_index | TrendForce sheet transformed | file=PV.xlsx | sheet=PV Glass | category=PV | sub_category=PV Glass | rows=57
2026-06-16 13:28:27 | INFO | src.jobs_xlsx.trendforce.get_dx_comp_index | TrendForce workbook transformed | file=PV.xlsx | rows=285
2026-06-16 13:28:27 | INFO | src.jobs_xlsx.trendforce.get_dx_comp_index | TrendForce sheet loaded | file=TFT LCD.xlsx | sheet=Large Size Panel | mode=multi_field | rows=5 | columns=16
2026-06-16 13:28:27 | INFO | src.jobs_xlsx.trendforce.get_dx_comp_index | TrendForce sheet transformed | file=TFT LCD.xlsx | sheet=Large Size Panel | category=TFTLCD | sub_category=Large Panel | rows=15
2026-06-16 13:28:27 | INFO | src.jobs_xlsx.trendforce.get_dx_comp_index | TrendForce sheet loaded | file=TFT LCD.xlsx | sheet=LCD Smartphone Panel | mode=multi_field | rows=6 | columns=12
2026-06-16 13:28:27 | INFO | src.jobs_xlsx.trendforce.get_dx_comp_index | TrendForce sheet transformed | file=TFT LCD.xlsx | sheet=LCD Smartphone Panel | category=TFTLCD | sub_category=Smartphone Panel | rows=12
2026-06-16 13:28:27 | INFO | src.jobs_xlsx.trendforce.get_dx_comp_index | TrendForce sheet loaded | file=TFT LCD.xlsx | sheet=Street | mode=multi_field | rows=7 | columns=24
2026-06-16 13:28:27 | INFO | src.jobs_xlsx.trendforce.get_dx_comp_index | TrendForce sheet transformed | file=TFT LCD.xlsx | sheet=Street | category=TFTLCD | sub_category=LCD | rows=35
2026-06-16 13:28:27 | INFO | src.jobs_xlsx.trendforce.get_dx_comp_index | TrendForce sheet loaded | file=TFT LCD.xlsx | sheet=Large Size Panel Shipment | mode=multi_field | rows=6 | columns=14
2026-06-16 13:28:27 | INFO | src.jobs_xlsx.trendforce.get_dx_comp_index | TrendForce sheet transformed | file=TFT LCD.xlsx | sheet=Large Size Panel Shipment | category=TFTLCD | sub_category=Shipment | rows=60
2026-06-16 13:28:28 | INFO | src.jobs_xlsx.trendforce.get_dx_comp_index | TrendForce workbook transformed | file=TFT LCD.xlsx | rows=122
2026-06-16 13:28:28 | INFO | src.jobs_xlsx.trendforce.get_dx_comp_index | TrendForce sheet loaded | file=Li-Ion Battery.xlsx | sheet=Battery Cell & Pack | mode=single_value | rows=6 | columns=11
2026-06-16 13:28:28 | INFO | src.jobs_xlsx.trendforce.get_dx_comp_index | TrendForce sheet transformed | file=Li-Ion Battery.xlsx | sheet=Battery Cell & Pack | category=Battery | sub_category=None | rows=42
2026-06-16 13:28:28 | INFO | src.jobs_xlsx.trendforce.get_dx_comp_index | TrendForce sheet loaded | file=Li-Ion Battery.xlsx | sheet=Precursor and Cathode Material | mode=single_value | rows=6 | columns=14
2026-06-16 13:28:28 | INFO | src.jobs_xlsx.trendforce.get_dx_comp_index | TrendForce sheet transformed | file=Li-Ion Battery.xlsx | sheet=Precursor and Cathode Material | category=Battery | sub_category=None | rows=60
2026-06-16 13:28:28 | INFO | src.jobs_xlsx.trendforce.get_dx_comp_index | TrendForce sheet loaded | file=Li-Ion Battery.xlsx | sheet=Anode Material | mode=single_value | rows=6 | columns=12
2026-06-16 13:28:28 | INFO | src.jobs_xlsx.trendforce.get_dx_comp_index | TrendForce sheet transformed | file=Li-Ion Battery.xlsx | sheet=Anode Material | category=Battery | sub_category=Anode Material | rows=48
2026-06-16 13:28:28 | INFO | src.jobs_xlsx.trendforce.get_dx_comp_index | TrendForce sheet loaded | file=Li-Ion Battery.xlsx | sheet=Separator | mode=single_value | rows=6 | columns=9
2026-06-16 13:28:28 | INFO | src.jobs_xlsx.trendforce.get_dx_comp_index | TrendForce sheet transformed | file=Li-Ion Battery.xlsx | sheet=Separator | category=Battery | sub_category=Separator | rows=30
2026-06-16 13:28:28 | INFO | src.jobs_xlsx.trendforce.get_dx_comp_index | TrendForce sheet loaded | file=Li-Ion Battery.xlsx | sheet=Electrolyte | mode=single_value | rows=6 | columns=8
2026-06-16 13:28:28 | INFO | src.jobs_xlsx.trendforce.get_dx_comp_index | TrendForce sheet transformed | file=Li-Ion Battery.xlsx | sheet=Electrolyte | category=Battery | sub_category=Electrolyte | rows=24
2026-06-16 13:28:28 | INFO | src.jobs_xlsx.trendforce.get_dx_comp_index | TrendForce sheet loaded | file=Li-Ion Battery.xlsx | sheet=Li & Co & Ni | mode=single_value | rows=6 | columns=12
2026-06-16 13:28:28 | INFO | src.jobs_xlsx.trendforce.get_dx_comp_index | TrendForce sheet transformed | file=Li-Ion Battery.xlsx | sheet=Li & Co & Ni | category=Battery | sub_category=LiCoNi | rows=48
2026-06-16 13:28:28 | INFO | src.jobs_xlsx.trendforce.get_dx_comp_index | TrendForce sheet loaded | file=Li-Ion Battery.xlsx | sheet=Other | mode=single_value | rows=6 | columns=6
2026-06-16 13:28:28 | INFO | src.jobs_xlsx.trendforce.get_dx_comp_index | TrendForce sheet transformed | file=Li-Ion Battery.xlsx | sheet=Other | category=Battery | sub_category=Other | rows=12
2026-06-16 13:28:28 | INFO | src.jobs_xlsx.trendforce.get_dx_comp_index | TrendForce workbook transformed | file=Li-Ion Battery.xlsx | rows=264
2026-06-16 13:28:28 | INFO | src.jobs_xlsx.trendforce.get_dx_comp_index | TrendForce industry Parquet saved | output_path=C:\Users\krm\PycharmProjects\AlternativeData\data_lake\raw\industry\trendforce\components.parquet | rows=3126
2026-06-16 13:36:30 | INFO | src.jobs_xlsx.trendforce.get_dx_comp_index | TrendForce industry data job started | input_dir=C:\Users\krm\PycharmProjects\AlternativeData\data\industry\TrendForce | metadata_path=C:\Users\krm\PycharmProjects\AlternativeData\data\metadata.xlsx
2026-06-16 13:36:30 | INFO | src.jobs_xlsx.trendforce.get_dx_comp_index | TrendForce metadata loaded | symbols=117
2026-06-16 13:36:30 | INFO | src.jobs_xlsx.trendforce.get_dx_comp_index | TrendForce sheet loaded | file=DRAM.xlsx | sheet=DRAM | mode=multi_field | rows=289 | columns=25
2026-06-16 13:36:30 | INFO | src.jobs_xlsx.trendforce.get_dx_comp_index | TrendForce sheet transformed | file=DRAM.xlsx | sheet=DRAM | category=DRAM | sub_category=DDR | rows=6027
2026-06-16 13:36:30 | INFO | src.jobs_xlsx.trendforce.get_dx_comp_index | TrendForce sheet loaded | file=DRAM.xlsx | sheet=DRAM Contract | mode=multi_field | rows=6 | columns=25
2026-06-16 13:36:30 | INFO | src.jobs_xlsx.trendforce.get_dx_comp_index | TrendForce sheet transformed | file=DRAM.xlsx | sheet=DRAM Contract | category=DRAM | sub_category=DDR | rows=111
2026-06-16 13:36:30 | INFO | src.jobs_xlsx.trendforce.get_dx_comp_index | TrendForce sheet loaded | file=DRAM.xlsx | sheet=Module | mode=multi_field | rows=22 | columns=13
2026-06-16 13:36:30 | INFO | src.jobs_xlsx.trendforce.get_dx_comp_index | TrendForce sheet transformed | file=DRAM.xlsx | sheet=Module | category=DRAM | sub_category=Module | rows=198
2026-06-16 13:36:30 | INFO | src.jobs_xlsx.trendforce.get_dx_comp_index | TrendForce sheet loaded | file=DRAM.xlsx | sheet=GDDR | mode=multi_field | rows=22 | columns=10
2026-06-16 13:36:30 | INFO | src.jobs_xlsx.trendforce.get_dx_comp_index | TrendForce sheet transformed | file=DRAM.xlsx | sheet=GDDR | category=DRAM | sub_category=GDDR | rows=128
2026-06-16 13:36:30 | INFO | src.jobs_xlsx.trendforce.get_dx_comp_index | TrendForce workbook transformed | file=DRAM.xlsx | rows=6464
2026-06-16 13:36:30 | INFO | src.jobs_xlsx.trendforce.get_dx_comp_index | TrendForce sheet loaded | file=NAND Flash.xlsx | sheet=Flash | mode=multi_field | rows=20 | columns=16
2026-06-16 13:36:30 | INFO | src.jobs_xlsx.trendforce.get_dx_comp_index | TrendForce sheet transformed | file=NAND Flash.xlsx | sheet=Flash | category=Flash Memory | sub_category=NAND | rows=240
2026-06-16 13:36:30 | INFO | src.jobs_xlsx.trendforce.get_dx_comp_index | TrendForce sheet loaded | file=NAND Flash.xlsx | sheet=Flash Contract | mode=multi_field | rows=5 | columns=13
2026-06-16 13:36:31 | INFO | src.jobs_xlsx.trendforce.get_dx_comp_index | TrendForce sheet transformed | file=NAND Flash.xlsx | sheet=Flash Contract | category=Flash Memory | sub_category=NAND | rows=42
2026-06-16 13:36:31 | INFO | src.jobs_xlsx.trendforce.get_dx_comp_index | TrendForce sheet loaded | file=NAND Flash.xlsx | sheet=Wafer | mode=multi_field | rows=20 | columns=13
2026-06-16 13:36:31 | INFO | src.jobs_xlsx.trendforce.get_dx_comp_index | TrendForce sheet transformed | file=NAND Flash.xlsx | sheet=Wafer | category=Flash Memory | sub_category=Wafer | rows=180
2026-06-16 13:36:31 | INFO | src.jobs_xlsx.trendforce.get_dx_comp_index | TrendForce sheet loaded | file=NAND Flash.xlsx | sheet=Memory Card | mode=multi_field | rows=20 | columns=16
2026-06-16 13:36:31 | INFO | src.jobs_xlsx.trendforce.get_dx_comp_index | TrendForce sheet transformed | file=NAND Flash.xlsx | sheet=Memory Card | category=Flash Memory | sub_category=Micro SD | rows=240
2026-06-16 13:36:31 | INFO | src.jobs_xlsx.trendforce.get_dx_comp_index | TrendForce sheet loaded | file=NAND Flash.xlsx | sheet=PC-Client OEM SSD | mode=multi_field | rows=3 | columns=13
2026-06-16 13:36:31 | INFO | src.jobs_xlsx.trendforce.get_dx_comp_index | TrendForce sheet transformed | file=NAND Flash.xlsx | sheet=PC-Client OEM SSD | category=Flash Memory | sub_category=SSD | rows=27
2026-06-16 13:36:31 | INFO | src.jobs_xlsx.trendforce.get_dx_comp_index | TrendForce sheet loaded | file=NAND Flash.xlsx | sheet=SSD Street | mode=multi_field | rows=11 | columns=22
2026-06-16 13:36:32 | INFO | src.jobs_xlsx.trendforce.get_dx_comp_index | TrendForce sheet transformed | file=NAND Flash.xlsx | sheet=SSD Street | category=Flash Memory | sub_category=SSD | rows=165
2026-06-16 13:36:32 | INFO | src.jobs_xlsx.trendforce.get_dx_comp_index | TrendForce workbook transformed | file=NAND Flash.xlsx | rows=894
2026-06-16 13:36:32 | INFO | src.jobs_xlsx.trendforce.get_dx_comp_index | TrendForce sheet loaded | file=PV.xlsx | sheet=Polysilicon | mode=multi_field | rows=19 | columns=16
2026-06-16 13:36:32 | INFO | src.jobs_xlsx.trendforce.get_dx_comp_index | TrendForce sheet transformed | file=PV.xlsx | sheet=Polysilicon | category=PV | sub_category=Polysilicon | rows=228
2026-06-16 13:36:32 | INFO | src.jobs_xlsx.trendforce.get_dx_comp_index | TrendForce sheet loaded | file=PV.xlsx | sheet=Wafer | mode=multi_field | rows=19 | columns=13
2026-06-16 13:36:32 | INFO | src.jobs_xlsx.trendforce.get_dx_comp_index | TrendForce sheet transformed | file=PV.xlsx | sheet=Wafer | category=PV | sub_category=Wafer | rows=171
2026-06-16 13:36:32 | INFO | src.jobs_xlsx.trendforce.get_dx_comp_index | TrendForce sheet loaded | file=PV.xlsx | sheet=Cell | mode=multi_field | rows=19 | columns=13
2026-06-16 13:36:32 | INFO | src.jobs_xlsx.trendforce.get_dx_comp_index | TrendForce sheet transformed | file=PV.xlsx | sheet=Cell | category=PV | sub_category=Cell | rows=171
2026-06-16 13:36:32 | INFO | src.jobs_xlsx.trendforce.get_dx_comp_index | TrendForce sheet loaded | file=PV.xlsx | sheet=Module | mode=multi_field | rows=19 | columns=10
2026-06-16 13:36:32 | INFO | src.jobs_xlsx.trendforce.get_dx_comp_index | TrendForce sheet transformed | file=PV.xlsx | sheet=Module | category=PV | sub_category=Module | rows=114
2026-06-16 13:36:32 | INFO | src.jobs_xlsx.trendforce.get_dx_comp_index | TrendForce sheet loaded | file=PV.xlsx | sheet=PV Glass | mode=multi_field | rows=19 | columns=13
2026-06-16 13:36:32 | INFO | src.jobs_xlsx.trendforce.get_dx_comp_index | TrendForce sheet transformed | file=PV.xlsx | sheet=PV Glass | category=PV | sub_category=PV Glass | rows=171
2026-06-16 13:36:32 | INFO | src.jobs_xlsx.trendforce.get_dx_comp_index | TrendForce workbook transformed | file=PV.xlsx | rows=855
2026-06-16 13:36:32 | INFO | src.jobs_xlsx.trendforce.get_dx_comp_index | TrendForce sheet loaded | file=TFT LCD.xlsx | sheet=Large Size Panel | mode=multi_field | rows=5 | columns=16
2026-06-16 13:36:32 | INFO | src.jobs_xlsx.trendforce.get_dx_comp_index | TrendForce sheet transformed | file=TFT LCD.xlsx | sheet=Large Size Panel | category=TFTLCD | sub_category=Large Panel | rows=45
2026-06-16 13:36:32 | INFO | src.jobs_xlsx.trendforce.get_dx_comp_index | TrendForce sheet loaded | file=TFT LCD.xlsx | sheet=LCD Smartphone Panel | mode=multi_field | rows=6 | columns=12
2026-06-16 13:36:32 | INFO | src.jobs_xlsx.trendforce.get_dx_comp_index | TrendForce sheet transformed | file=TFT LCD.xlsx | sheet=LCD Smartphone Panel | category=TFTLCD | sub_category=Smartphone Panel | rows=36
2026-06-16 13:36:32 | INFO | src.jobs_xlsx.trendforce.get_dx_comp_index | TrendForce sheet loaded | file=TFT LCD.xlsx | sheet=Street | mode=multi_field | rows=7 | columns=24
2026-06-16 13:36:33 | INFO | src.jobs_xlsx.trendforce.get_dx_comp_index | TrendForce sheet transformed | file=TFT LCD.xlsx | sheet=Street | category=TFTLCD | sub_category=LCD | rows=97
2026-06-16 13:36:33 | INFO | src.jobs_xlsx.trendforce.get_dx_comp_index | TrendForce sheet loaded | file=TFT LCD.xlsx | sheet=Large Size Panel Shipment | mode=multi_field | rows=6 | columns=14
2026-06-16 13:39:06 | INFO | src.jobs_xlsx.trendforce.get_dx_comp_index | TrendForce industry data job started | input_dir=C:\Users\krm\PycharmProjects\AlternativeData\data\industry\TrendForce | metadata_path=C:\Users\krm\PycharmProjects\AlternativeData\data\metadata.xlsx
2026-06-16 13:39:06 | INFO | src.jobs_xlsx.trendforce.get_dx_comp_index | TrendForce metadata loaded | symbols=117
2026-06-16 13:39:06 | INFO | src.jobs_xlsx.trendforce.get_dx_comp_index | TrendForce sheet loaded | file=DRAM.xlsx | sheet=DRAM | mode=multi_field | rows=289 | columns=25
2026-06-16 13:39:06 | INFO | src.jobs_xlsx.trendforce.get_dx_comp_index | TrendForce sheet transformed | file=DRAM.xlsx | sheet=DRAM | category=DRAM | sub_category=DDR | rows=6027
2026-06-16 13:39:06 | INFO | src.jobs_xlsx.trendforce.get_dx_comp_index | TrendForce sheet loaded | file=DRAM.xlsx | sheet=DRAM Contract | mode=multi_field | rows=6 | columns=25
2026-06-16 13:39:06 | INFO | src.jobs_xlsx.trendforce.get_dx_comp_index | TrendForce sheet transformed | file=DRAM.xlsx | sheet=DRAM Contract | category=DRAM | sub_category=DDR | rows=111
2026-06-16 13:39:06 | INFO | src.jobs_xlsx.trendforce.get_dx_comp_index | TrendForce sheet loaded | file=DRAM.xlsx | sheet=Module | mode=multi_field | rows=22 | columns=13
2026-06-16 13:39:06 | INFO | src.jobs_xlsx.trendforce.get_dx_comp_index | TrendForce sheet transformed | file=DRAM.xlsx | sheet=Module | category=DRAM | sub_category=Module | rows=198
2026-06-16 13:39:06 | INFO | src.jobs_xlsx.trendforce.get_dx_comp_index | TrendForce sheet loaded | file=DRAM.xlsx | sheet=GDDR | mode=multi_field | rows=22 | columns=10
2026-06-16 13:39:06 | INFO | src.jobs_xlsx.trendforce.get_dx_comp_index | TrendForce sheet transformed | file=DRAM.xlsx | sheet=GDDR | category=DRAM | sub_category=GDDR | rows=128
2026-06-16 13:39:06 | INFO | src.jobs_xlsx.trendforce.get_dx_comp_index | TrendForce workbook transformed | file=DRAM.xlsx | rows=6464
2026-06-16 13:39:06 | INFO | src.jobs_xlsx.trendforce.get_dx_comp_index | TrendForce sheet loaded | file=NAND Flash.xlsx | sheet=Flash | mode=multi_field | rows=20 | columns=16
2026-06-16 13:39:06 | INFO | src.jobs_xlsx.trendforce.get_dx_comp_index | TrendForce sheet transformed | file=NAND Flash.xlsx | sheet=Flash | category=Flash Memory | sub_category=NAND | rows=240
2026-06-16 13:39:06 | INFO | src.jobs_xlsx.trendforce.get_dx_comp_index | TrendForce sheet loaded | file=NAND Flash.xlsx | sheet=Flash Contract | mode=multi_field | rows=5 | columns=13
2026-06-16 13:39:06 | INFO | src.jobs_xlsx.trendforce.get_dx_comp_index | TrendForce sheet transformed | file=NAND Flash.xlsx | sheet=Flash Contract | category=Flash Memory | sub_category=NAND | rows=42
2026-06-16 13:39:06 | INFO | src.jobs_xlsx.trendforce.get_dx_comp_index | TrendForce sheet loaded | file=NAND Flash.xlsx | sheet=Wafer | mode=multi_field | rows=20 | columns=13
2026-06-16 13:39:06 | INFO | src.jobs_xlsx.trendforce.get_dx_comp_index | TrendForce sheet transformed | file=NAND Flash.xlsx | sheet=Wafer | category=Flash Memory | sub_category=Wafer | rows=180
2026-06-16 13:39:06 | INFO | src.jobs_xlsx.trendforce.get_dx_comp_index | TrendForce sheet loaded | file=NAND Flash.xlsx | sheet=Memory Card | mode=multi_field | rows=20 | columns=16
2026-06-16 13:39:06 | INFO | src.jobs_xlsx.trendforce.get_dx_comp_index | TrendForce sheet transformed | file=NAND Flash.xlsx | sheet=Memory Card | category=Flash Memory | sub_category=Micro SD | rows=240
2026-06-16 13:39:06 | INFO | src.jobs_xlsx.trendforce.get_dx_comp_index | TrendForce sheet loaded | file=NAND Flash.xlsx | sheet=PC-Client OEM SSD | mode=multi_field | rows=3 | columns=13
2026-06-16 13:39:06 | INFO | src.jobs_xlsx.trendforce.get_dx_comp_index | TrendForce sheet transformed | file=NAND Flash.xlsx | sheet=PC-Client OEM SSD | category=Flash Memory | sub_category=SSD | rows=27
2026-06-16 13:39:06 | INFO | src.jobs_xlsx.trendforce.get_dx_comp_index | TrendForce sheet loaded | file=NAND Flash.xlsx | sheet=SSD Street | mode=multi_field | rows=11 | columns=22
2026-06-16 13:39:06 | INFO | src.jobs_xlsx.trendforce.get_dx_comp_index | TrendForce sheet transformed | file=NAND Flash.xlsx | sheet=SSD Street | category=Flash Memory | sub_category=SSD | rows=165
2026-06-16 13:39:06 | INFO | src.jobs_xlsx.trendforce.get_dx_comp_index | TrendForce workbook transformed | file=NAND Flash.xlsx | rows=894
2026-06-16 13:39:06 | INFO | src.jobs_xlsx.trendforce.get_dx_comp_index | TrendForce sheet loaded | file=PV.xlsx | sheet=Polysilicon | mode=multi_field | rows=19 | columns=16
2026-06-16 13:39:06 | INFO | src.jobs_xlsx.trendforce.get_dx_comp_index | TrendForce sheet transformed | file=PV.xlsx | sheet=Polysilicon | category=PV | sub_category=Polysilicon | rows=228
2026-06-16 13:39:06 | INFO | src.jobs_xlsx.trendforce.get_dx_comp_index | TrendForce sheet loaded | file=PV.xlsx | sheet=Wafer | mode=multi_field | rows=19 | columns=13
2026-06-16 13:39:06 | INFO | src.jobs_xlsx.trendforce.get_dx_comp_index | TrendForce sheet transformed | file=PV.xlsx | sheet=Wafer | category=PV | sub_category=Wafer | rows=171
2026-06-16 13:39:06 | INFO | src.jobs_xlsx.trendforce.get_dx_comp_index | TrendForce sheet loaded | file=PV.xlsx | sheet=Cell | mode=multi_field | rows=19 | columns=13
2026-06-16 13:39:06 | INFO | src.jobs_xlsx.trendforce.get_dx_comp_index | TrendForce sheet transformed | file=PV.xlsx | sheet=Cell | category=PV | sub_category=Cell | rows=171
2026-06-16 13:39:06 | INFO | src.jobs_xlsx.trendforce.get_dx_comp_index | TrendForce sheet loaded | file=PV.xlsx | sheet=Module | mode=multi_field | rows=19 | columns=10
2026-06-16 13:39:06 | INFO | src.jobs_xlsx.trendforce.get_dx_comp_index | TrendForce sheet transformed | file=PV.xlsx | sheet=Module | category=PV | sub_category=Module | rows=114
2026-06-16 13:39:06 | INFO | src.jobs_xlsx.trendforce.get_dx_comp_index | TrendForce sheet loaded | file=PV.xlsx | sheet=PV Glass | mode=multi_field | rows=19 | columns=13
2026-06-16 13:39:06 | INFO | src.jobs_xlsx.trendforce.get_dx_comp_index | TrendForce sheet transformed | file=PV.xlsx | sheet=PV Glass | category=PV | sub_category=PV Glass | rows=171
2026-06-16 13:39:06 | INFO | src.jobs_xlsx.trendforce.get_dx_comp_index | TrendForce workbook transformed | file=PV.xlsx | rows=855
2026-06-16 13:39:06 | INFO | src.jobs_xlsx.trendforce.get_dx_comp_index | TrendForce sheet loaded | file=TFT LCD.xlsx | sheet=Large Size Panel | mode=multi_field | rows=5 | columns=16
2026-06-16 13:39:06 | INFO | src.jobs_xlsx.trendforce.get_dx_comp_index | TrendForce sheet transformed | file=TFT LCD.xlsx | sheet=Large Size Panel | category=TFTLCD | sub_category=Large Panel | rows=45
2026-06-16 13:39:06 | INFO | src.jobs_xlsx.trendforce.get_dx_comp_index | TrendForce sheet loaded | file=TFT LCD.xlsx | sheet=LCD Smartphone Panel | mode=multi_field | rows=6 | columns=12
2026-06-16 13:39:06 | INFO | src.jobs_xlsx.trendforce.get_dx_comp_index | TrendForce sheet transformed | file=TFT LCD.xlsx | sheet=LCD Smartphone Panel | category=TFTLCD | sub_category=Smartphone Panel | rows=36
2026-06-16 13:39:06 | INFO | src.jobs_xlsx.trendforce.get_dx_comp_index | TrendForce sheet loaded | file=TFT LCD.xlsx | sheet=Street | mode=multi_field | rows=7 | columns=24
2026-06-16 13:39:06 | INFO | src.jobs_xlsx.trendforce.get_dx_comp_index | TrendForce sheet transformed | file=TFT LCD.xlsx | sheet=Street | category=TFTLCD | sub_category=LCD | rows=97
2026-06-16 13:39:06 | INFO | src.jobs_xlsx.trendforce.get_dx_comp_index | TrendForce sheet loaded | file=TFT LCD.xlsx | sheet=Large Size Panel Shipment | mode=multi_field | rows=6 | columns=14
2026-06-16 13:39:06 | INFO | src.jobs_xlsx.trendforce.get_dx_comp_index | TrendForce sheet transformed | file=TFT LCD.xlsx | sheet=Large Size Panel Shipment | category=TFTLCD | sub_category=Shipment | rows=60
2026-06-16 13:39:06 | INFO | src.jobs_xlsx.trendforce.get_dx_comp_index | TrendForce workbook transformed | file=TFT LCD.xlsx | rows=238
2026-06-16 13:39:06 | INFO | src.jobs_xlsx.trendforce.get_dx_comp_index | TrendForce sheet loaded | file=Li-Ion Battery.xlsx | sheet=Battery Cell & Pack | mode=single_value | rows=6 | columns=11
2026-06-16 13:39:06 | INFO | src.jobs_xlsx.trendforce.get_dx_comp_index | TrendForce sheet transformed | file=Li-Ion Battery.xlsx | sheet=Battery Cell & Pack | category=Battery | sub_category=None | rows=42
2026-06-16 13:39:07 | INFO | src.jobs_xlsx.trendforce.get_dx_comp_index | TrendForce sheet loaded | file=Li-Ion Battery.xlsx | sheet=Precursor and Cathode Material | mode=single_value | rows=6 | columns=14
2026-06-16 13:39:07 | INFO | src.jobs_xlsx.trendforce.get_dx_comp_index | TrendForce sheet transformed | file=Li-Ion Battery.xlsx | sheet=Precursor and Cathode Material | category=Battery | sub_category=None | rows=60
2026-06-16 13:39:07 | INFO | src.jobs_xlsx.trendforce.get_dx_comp_index | TrendForce sheet loaded | file=Li-Ion Battery.xlsx | sheet=Anode Material | mode=single_value | rows=6 | columns=12
2026-06-16 13:39:07 | INFO | src.jobs_xlsx.trendforce.get_dx_comp_index | TrendForce sheet transformed | file=Li-Ion Battery.xlsx | sheet=Anode Material | category=Battery | sub_category=Anode Material | rows=48
2026-06-16 13:39:07 | INFO | src.jobs_xlsx.trendforce.get_dx_comp_index | TrendForce sheet loaded | file=Li-Ion Battery.xlsx | sheet=Separator | mode=single_value | rows=6 | columns=9
2026-06-16 13:39:07 | INFO | src.jobs_xlsx.trendforce.get_dx_comp_index | TrendForce sheet transformed | file=Li-Ion Battery.xlsx | sheet=Separator | category=Battery | sub_category=Separator | rows=30
2026-06-16 13:39:07 | INFO | src.jobs_xlsx.trendforce.get_dx_comp_index | TrendForce sheet loaded | file=Li-Ion Battery.xlsx | sheet=Electrolyte | mode=single_value | rows=6 | columns=8
2026-06-16 13:39:07 | INFO | src.jobs_xlsx.trendforce.get_dx_comp_index | TrendForce sheet transformed | file=Li-Ion Battery.xlsx | sheet=Electrolyte | category=Battery | sub_category=Electrolyte | rows=24
2026-06-16 13:39:07 | INFO | src.jobs_xlsx.trendforce.get_dx_comp_index | TrendForce sheet loaded | file=Li-Ion Battery.xlsx | sheet=Li & Co & Ni | mode=single_value | rows=6 | columns=12
2026-06-16 13:39:07 | INFO | src.jobs_xlsx.trendforce.get_dx_comp_index | TrendForce sheet transformed | file=Li-Ion Battery.xlsx | sheet=Li & Co & Ni | category=Battery | sub_category=LiCoNi | rows=48
2026-06-16 13:39:07 | INFO | src.jobs_xlsx.trendforce.get_dx_comp_index | TrendForce sheet loaded | file=Li-Ion Battery.xlsx | sheet=Other | mode=single_value | rows=6 | columns=6
2026-06-16 13:39:07 | INFO | src.jobs_xlsx.trendforce.get_dx_comp_index | TrendForce sheet transformed | file=Li-Ion Battery.xlsx | sheet=Other | category=Battery | sub_category=Other | rows=12
2026-06-16 13:39:07 | INFO | src.jobs_xlsx.trendforce.get_dx_comp_index | TrendForce workbook transformed | file=Li-Ion Battery.xlsx | rows=264
2026-06-16 13:39:07 | INFO | src.jobs_xlsx.trendforce.get_dx_comp_index | TrendForce industry Parquet saved | output_path=C:\Users\krm\PycharmProjects\AlternativeData\data_lake\raw\industry\trendforce\components.parquet | rows=8715
2026-06-16 13:48:08 | INFO | src.jobs_xlsx.trendforce.get_dx_comp_index | TrendForce industry data job started | input_dir=C:\Users\krm\PycharmProjects\AlternativeData\data\industry\TrendForce | metadata_path=C:\Users\krm\PycharmProjects\AlternativeData\data\metadata.xlsx
2026-06-16 13:48:08 | INFO | src.jobs_xlsx.trendforce.get_dx_comp_index | TrendForce metadata loaded | symbols=117
2026-06-16 13:48:08 | INFO | src.jobs_xlsx.trendforce.get_dx_comp_index | TrendForce sheet loaded | file=DRAM.xlsx | sheet=DRAM | mode=multi_field | rows=289 | columns=25
2026-06-16 13:48:08 | INFO | src.jobs_xlsx.trendforce.get_dx_comp_index | TrendForce sheet transformed | file=DRAM.xlsx | sheet=DRAM | category=DRAM | sub_category=DDR | rows=6027
2026-06-16 13:48:08 | INFO | src.jobs_xlsx.trendforce.get_dx_comp_index | TrendForce sheet loaded | file=DRAM.xlsx | sheet=DRAM Contract | mode=multi_field | rows=6 | columns=25
2026-06-16 13:48:08 | INFO | src.jobs_xlsx.trendforce.get_dx_comp_index | TrendForce sheet transformed | file=DRAM.xlsx | sheet=DRAM Contract | category=DRAM | sub_category=DDR | rows=111
2026-06-16 13:48:08 | INFO | src.jobs_xlsx.trendforce.get_dx_comp_index | TrendForce sheet loaded | file=DRAM.xlsx | sheet=Module | mode=multi_field | rows=22 | columns=13
2026-06-16 13:48:08 | INFO | src.jobs_xlsx.trendforce.get_dx_comp_index | TrendForce sheet transformed | file=DRAM.xlsx | sheet=Module | category=DRAM | sub_category=Module | rows=198
2026-06-16 13:48:08 | INFO | src.jobs_xlsx.trendforce.get_dx_comp_index | TrendForce sheet loaded | file=DRAM.xlsx | sheet=GDDR | mode=multi_field | rows=22 | columns=10
2026-06-16 13:48:08 | INFO | src.jobs_xlsx.trendforce.get_dx_comp_index | TrendForce sheet transformed | file=DRAM.xlsx | sheet=GDDR | category=DRAM | sub_category=GDDR | rows=128
2026-06-16 13:48:08 | INFO | src.jobs_xlsx.trendforce.get_dx_comp_index | TrendForce workbook transformed | file=DRAM.xlsx | rows=6464
2026-06-16 13:48:08 | INFO | src.jobs_xlsx.trendforce.get_dx_comp_index | TrendForce sheet loaded | file=NAND Flash.xlsx | sheet=Flash | mode=multi_field | rows=20 | columns=16
2026-06-16 13:48:09 | INFO | src.jobs_xlsx.trendforce.get_dx_comp_index | TrendForce sheet transformed | file=NAND Flash.xlsx | sheet=Flash | category=Flash Memory | sub_category=NAND | rows=240
2026-06-16 13:48:09 | INFO | src.jobs_xlsx.trendforce.get_dx_comp_index | TrendForce sheet loaded | file=NAND Flash.xlsx | sheet=Flash Contract | mode=multi_field | rows=5 | columns=13
2026-06-16 13:48:09 | INFO | src.jobs_xlsx.trendforce.get_dx_comp_index | TrendForce sheet transformed | file=NAND Flash.xlsx | sheet=Flash Contract | category=Flash Memory | sub_category=NAND | rows=42
2026-06-16 13:48:09 | INFO | src.jobs_xlsx.trendforce.get_dx_comp_index | TrendForce sheet loaded | file=NAND Flash.xlsx | sheet=Wafer | mode=multi_field | rows=20 | columns=13
2026-06-16 13:48:09 | INFO | src.jobs_xlsx.trendforce.get_dx_comp_index | TrendForce sheet transformed | file=NAND Flash.xlsx | sheet=Wafer | category=Flash Memory | sub_category=Wafer | rows=180
2026-06-16 13:48:09 | INFO | src.jobs_xlsx.trendforce.get_dx_comp_index | TrendForce sheet loaded | file=NAND Flash.xlsx | sheet=Memory Card | mode=multi_field | rows=20 | columns=16
2026-06-16 13:48:09 | INFO | src.jobs_xlsx.trendforce.get_dx_comp_index | TrendForce sheet transformed | file=NAND Flash.xlsx | sheet=Memory Card | category=Flash Memory | sub_category=Micro SD | rows=240
2026-06-16 13:48:09 | INFO | src.jobs_xlsx.trendforce.get_dx_comp_index | TrendForce sheet loaded | file=NAND Flash.xlsx | sheet=PC-Client OEM SSD | mode=multi_field | rows=3 | columns=13
2026-06-16 13:48:09 | INFO | src.jobs_xlsx.trendforce.get_dx_comp_index | TrendForce sheet transformed | file=NAND Flash.xlsx | sheet=PC-Client OEM SSD | category=Flash Memory | sub_category=SSD | rows=27
2026-06-16 13:48:09 | INFO | src.jobs_xlsx.trendforce.get_dx_comp_index | TrendForce sheet loaded | file=NAND Flash.xlsx | sheet=SSD Street | mode=multi_field | rows=11 | columns=22
2026-06-16 13:48:09 | INFO | src.jobs_xlsx.trendforce.get_dx_comp_index | TrendForce sheet transformed | file=NAND Flash.xlsx | sheet=SSD Street | category=Flash Memory | sub_category=SSD | rows=165
2026-06-16 13:48:09 | INFO | src.jobs_xlsx.trendforce.get_dx_comp_index | TrendForce workbook transformed | file=NAND Flash.xlsx | rows=894
2026-06-16 13:48:09 | INFO | src.jobs_xlsx.trendforce.get_dx_comp_index | TrendForce sheet loaded | file=PV.xlsx | sheet=Polysilicon | mode=multi_field | rows=19 | columns=16
2026-06-16 13:48:09 | INFO | src.jobs_xlsx.trendforce.get_dx_comp_index | TrendForce sheet transformed | file=PV.xlsx | sheet=Polysilicon | category=PV | sub_category=Polysilicon | rows=228
2026-06-16 13:48:09 | INFO | src.jobs_xlsx.trendforce.get_dx_comp_index | TrendForce sheet loaded | file=PV.xlsx | sheet=Wafer | mode=multi_field | rows=19 | columns=13
2026-06-16 13:48:09 | INFO | src.jobs_xlsx.trendforce.get_dx_comp_index | TrendForce sheet transformed | file=PV.xlsx | sheet=Wafer | category=PV | sub_category=Wafer | rows=171
2026-06-16 13:48:09 | INFO | src.jobs_xlsx.trendforce.get_dx_comp_index | TrendForce sheet loaded | file=PV.xlsx | sheet=Cell | mode=multi_field | rows=19 | columns=13
2026-06-16 13:48:09 | INFO | src.jobs_xlsx.trendforce.get_dx_comp_index | TrendForce sheet transformed | file=PV.xlsx | sheet=Cell | category=PV | sub_category=Cell | rows=171
2026-06-16 13:48:09 | INFO | src.jobs_xlsx.trendforce.get_dx_comp_index | TrendForce sheet loaded | file=PV.xlsx | sheet=Module | mode=multi_field | rows=19 | columns=10
2026-06-16 13:48:09 | INFO | src.jobs_xlsx.trendforce.get_dx_comp_index | TrendForce sheet transformed | file=PV.xlsx | sheet=Module | category=PV | sub_category=Module | rows=114
2026-06-16 13:48:09 | INFO | src.jobs_xlsx.trendforce.get_dx_comp_index | TrendForce sheet loaded | file=PV.xlsx | sheet=PV Glass | mode=multi_field | rows=19 | columns=13
2026-06-16 13:48:09 | INFO | src.jobs_xlsx.trendforce.get_dx_comp_index | TrendForce sheet transformed | file=PV.xlsx | sheet=PV Glass | category=PV | sub_category=PV Glass | rows=171
2026-06-16 13:48:09 | INFO | src.jobs_xlsx.trendforce.get_dx_comp_index | TrendForce workbook transformed | file=PV.xlsx | rows=855
2026-06-16 13:48:09 | INFO | src.jobs_xlsx.trendforce.get_dx_comp_index | TrendForce sheet loaded | file=TFT LCD.xlsx | sheet=Large Size Panel | mode=multi_field | rows=5 | columns=16
2026-06-16 13:48:09 | INFO | src.jobs_xlsx.trendforce.get_dx_comp_index | TrendForce sheet transformed | file=TFT LCD.xlsx | sheet=Large Size Panel | category=TFTLCD | sub_category=Large Panel | rows=45
2026-06-16 13:48:09 | INFO | src.jobs_xlsx.trendforce.get_dx_comp_index | TrendForce sheet loaded | file=TFT LCD.xlsx | sheet=LCD Smartphone Panel | mode=multi_field | rows=6 | columns=12
2026-06-16 13:48:09 | INFO | src.jobs_xlsx.trendforce.get_dx_comp_index | TrendForce sheet transformed | file=TFT LCD.xlsx | sheet=LCD Smartphone Panel | category=TFTLCD | sub_category=Smartphone Panel | rows=36
2026-06-16 13:48:09 | INFO | src.jobs_xlsx.trendforce.get_dx_comp_index | TrendForce sheet loaded | file=TFT LCD.xlsx | sheet=Street | mode=multi_field | rows=7 | columns=24
2026-06-16 13:48:09 | INFO | src.jobs_xlsx.trendforce.get_dx_comp_index | TrendForce sheet transformed | file=TFT LCD.xlsx | sheet=Street | category=TFTLCD | sub_category=LCD | rows=97
2026-06-16 13:48:09 | INFO | src.jobs_xlsx.trendforce.get_dx_comp_index | TrendForce sheet loaded | file=TFT LCD.xlsx | sheet=Large Size Panel Shipment | mode=multi_field | rows=6 | columns=14
2026-06-16 13:48:09 | INFO | src.jobs_xlsx.trendforce.get_dx_comp_index | TrendForce sheet transformed | file=TFT LCD.xlsx | sheet=Large Size Panel Shipment | category=TFTLCD | sub_category=Shipment | rows=60
2026-06-16 13:48:09 | INFO | src.jobs_xlsx.trendforce.get_dx_comp_index | TrendForce workbook transformed | file=TFT LCD.xlsx | rows=238
2026-06-16 13:48:09 | INFO | src.jobs_xlsx.trendforce.get_dx_comp_index | TrendForce sheet loaded | file=Li-Ion Battery.xlsx | sheet=Battery Cell & Pack | mode=single_value | rows=6 | columns=11
2026-06-16 13:48:09 | INFO | src.jobs_xlsx.trendforce.get_dx_comp_index | TrendForce sheet transformed | file=Li-Ion Battery.xlsx | sheet=Battery Cell & Pack | category=Battery | sub_category=None | rows=42
2026-06-16 13:48:09 | INFO | src.jobs_xlsx.trendforce.get_dx_comp_index | TrendForce sheet loaded | file=Li-Ion Battery.xlsx | sheet=Precursor and Cathode Material | mode=single_value | rows=6 | columns=14
2026-06-16 13:48:09 | INFO | src.jobs_xlsx.trendforce.get_dx_comp_index | TrendForce sheet transformed | file=Li-Ion Battery.xlsx | sheet=Precursor and Cathode Material | category=Battery | sub_category=None | rows=60
2026-06-16 13:48:09 | INFO | src.jobs_xlsx.trendforce.get_dx_comp_index | TrendForce sheet loaded | file=Li-Ion Battery.xlsx | sheet=Anode Material | mode=single_value | rows=6 | columns=12
2026-06-16 13:48:09 | INFO | src.jobs_xlsx.trendforce.get_dx_comp_index | TrendForce sheet transformed | file=Li-Ion Battery.xlsx | sheet=Anode Material | category=Battery | sub_category=Anode Material | rows=48
2026-06-16 13:48:09 | INFO | src.jobs_xlsx.trendforce.get_dx_comp_index | TrendForce sheet loaded | file=Li-Ion Battery.xlsx | sheet=Separator | mode=single_value | rows=6 | columns=9
2026-06-16 13:48:09 | INFO | src.jobs_xlsx.trendforce.get_dx_comp_index | TrendForce sheet transformed | file=Li-Ion Battery.xlsx | sheet=Separator | category=Battery | sub_category=Separator | rows=30
2026-06-16 13:48:09 | INFO | src.jobs_xlsx.trendforce.get_dx_comp_index | TrendForce sheet loaded | file=Li-Ion Battery.xlsx | sheet=Electrolyte | mode=single_value | rows=6 | columns=8
2026-06-16 13:48:09 | INFO | src.jobs_xlsx.trendforce.get_dx_comp_index | TrendForce sheet transformed | file=Li-Ion Battery.xlsx | sheet=Electrolyte | category=Battery | sub_category=Electrolyte | rows=24
2026-06-16 13:48:09 | INFO | src.jobs_xlsx.trendforce.get_dx_comp_index | TrendForce sheet loaded | file=Li-Ion Battery.xlsx | sheet=Li & Co & Ni | mode=single_value | rows=6 | columns=12
2026-06-16 13:48:09 | INFO | src.jobs_xlsx.trendforce.get_dx_comp_index | TrendForce sheet transformed | file=Li-Ion Battery.xlsx | sheet=Li & Co & Ni | category=Battery | sub_category=LiCoNi | rows=48
2026-06-16 13:48:09 | INFO | src.jobs_xlsx.trendforce.get_dx_comp_index | TrendForce sheet loaded | file=Li-Ion Battery.xlsx | sheet=Other | mode=single_value | rows=6 | columns=6
2026-06-16 13:48:09 | INFO | src.jobs_xlsx.trendforce.get_dx_comp_index | TrendForce sheet transformed | file=Li-Ion Battery.xlsx | sheet=Other | category=Battery | sub_category=Other | rows=12
2026-06-16 13:48:09 | INFO | src.jobs_xlsx.trendforce.get_dx_comp_index | TrendForce workbook transformed | file=Li-Ion Battery.xlsx | rows=264
2026-06-16 13:48:09 | INFO | src.jobs_xlsx.trendforce.get_dx_comp_index | TrendForce industry Parquet saved | output_path=C:\Users\krm\PycharmProjects\AlternativeData\data_lake\raw\industry\trendforce\dx_components.parquet | rows=8715
2026-06-16 13:49:19 | INFO | src.jobs_xlsx.trendforce.get_dx_comp_index | TrendForce industry data job started | input_dir=C:\Users\krm\PycharmProjects\AlternativeData\data\industry\TrendForce | metadata_path=C:\Users\krm\PycharmProjects\AlternativeData\data\metadata.xlsx
2026-06-16 13:49:19 | INFO | src.jobs_xlsx.trendforce.get_dx_comp_index | TrendForce metadata loaded | symbols=117
2026-06-16 13:49:19 | INFO | src.jobs_xlsx.trendforce.get_dx_comp_index | TrendForce sheet loaded | file=DRAM.xlsx | sheet=DRAM | mode=multi_field | rows=289 | columns=25
2026-06-16 13:49:19 | INFO | src.jobs_xlsx.trendforce.get_dx_comp_index | TrendForce sheet transformed | file=DRAM.xlsx | sheet=DRAM | category=DRAM | sub_category=DDR | rows=6027
2026-06-16 13:49:19 | INFO | src.jobs_xlsx.trendforce.get_dx_comp_index | TrendForce sheet loaded | file=DRAM.xlsx | sheet=DRAM Contract | mode=multi_field | rows=6 | columns=25
2026-06-16 13:49:19 | INFO | src.jobs_xlsx.trendforce.get_dx_comp_index | TrendForce sheet transformed | file=DRAM.xlsx | sheet=DRAM Contract | category=DRAM | sub_category=DDR | rows=111
2026-06-16 13:49:19 | INFO | src.jobs_xlsx.trendforce.get_dx_comp_index | TrendForce sheet loaded | file=DRAM.xlsx | sheet=Module | mode=multi_field | rows=22 | columns=13
2026-06-16 13:49:19 | INFO | src.jobs_xlsx.trendforce.get_dx_comp_index | TrendForce sheet transformed | file=DRAM.xlsx | sheet=Module | category=DRAM | sub_category=Module | rows=198
2026-06-16 13:49:19 | INFO | src.jobs_xlsx.trendforce.get_dx_comp_index | TrendForce sheet loaded | file=DRAM.xlsx | sheet=GDDR | mode=multi_field | rows=22 | columns=10
2026-06-16 13:49:19 | INFO | src.jobs_xlsx.trendforce.get_dx_comp_index | TrendForce sheet transformed | file=DRAM.xlsx | sheet=GDDR | category=DRAM | sub_category=GDDR | rows=128
2026-06-16 13:49:19 | INFO | src.jobs_xlsx.trendforce.get_dx_comp_index | TrendForce workbook transformed | file=DRAM.xlsx | rows=6464
2026-06-16 13:49:19 | INFO | src.jobs_xlsx.trendforce.get_dx_comp_index | TrendForce sheet loaded | file=NAND Flash.xlsx | sheet=Flash | mode=multi_field | rows=20 | columns=16
2026-06-16 13:49:19 | INFO | src.jobs_xlsx.trendforce.get_dx_comp_index | TrendForce sheet transformed | file=NAND Flash.xlsx | sheet=Flash | category=Flash Memory | sub_category=NAND | rows=240
2026-06-16 13:49:19 | INFO | src.jobs_xlsx.trendforce.get_dx_comp_index | TrendForce sheet loaded | file=NAND Flash.xlsx | sheet=Flash Contract | mode=multi_field | rows=5 | columns=13
2026-06-16 13:49:19 | INFO | src.jobs_xlsx.trendforce.get_dx_comp_index | TrendForce sheet transformed | file=NAND Flash.xlsx | sheet=Flash Contract | category=Flash Memory | sub_category=NAND | rows=42
2026-06-16 13:49:19 | INFO | src.jobs_xlsx.trendforce.get_dx_comp_index | TrendForce sheet loaded | file=NAND Flash.xlsx | sheet=Wafer | mode=multi_field | rows=20 | columns=13
2026-06-16 13:49:19 | INFO | src.jobs_xlsx.trendforce.get_dx_comp_index | TrendForce sheet transformed | file=NAND Flash.xlsx | sheet=Wafer | category=Flash Memory | sub_category=Wafer | rows=180
2026-06-16 13:49:19 | INFO | src.jobs_xlsx.trendforce.get_dx_comp_index | TrendForce sheet loaded | file=NAND Flash.xlsx | sheet=Memory Card | mode=multi_field | rows=20 | columns=16
2026-06-16 13:49:19 | INFO | src.jobs_xlsx.trendforce.get_dx_comp_index | TrendForce sheet transformed | file=NAND Flash.xlsx | sheet=Memory Card | category=Flash Memory | sub_category=Micro SD | rows=240
2026-06-16 13:49:19 | INFO | src.jobs_xlsx.trendforce.get_dx_comp_index | TrendForce sheet loaded | file=NAND Flash.xlsx | sheet=PC-Client OEM SSD | mode=multi_field | rows=3 | columns=13
2026-06-16 13:49:19 | INFO | src.jobs_xlsx.trendforce.get_dx_comp_index | TrendForce sheet transformed | file=NAND Flash.xlsx | sheet=PC-Client OEM SSD | category=Flash Memory | sub_category=SSD | rows=27
2026-06-16 13:49:19 | INFO | src.jobs_xlsx.trendforce.get_dx_comp_index | TrendForce sheet loaded | file=NAND Flash.xlsx | sheet=SSD Street | mode=multi_field | rows=11 | columns=22
2026-06-16 13:49:19 | INFO | src.jobs_xlsx.trendforce.get_dx_comp_index | TrendForce sheet transformed | file=NAND Flash.xlsx | sheet=SSD Street | category=Flash Memory | sub_category=SSD | rows=165
2026-06-16 13:49:19 | INFO | src.jobs_xlsx.trendforce.get_dx_comp_index | TrendForce workbook transformed | file=NAND Flash.xlsx | rows=894
2026-06-16 13:49:19 | INFO | src.jobs_xlsx.trendforce.get_dx_comp_index | TrendForce sheet loaded | file=PV.xlsx | sheet=Polysilicon | mode=multi_field | rows=19 | columns=16
2026-06-16 13:49:19 | INFO | src.jobs_xlsx.trendforce.get_dx_comp_index | TrendForce sheet transformed | file=PV.xlsx | sheet=Polysilicon | category=PV | sub_category=Polysilicon | rows=228
2026-06-16 13:49:19 | INFO | src.jobs_xlsx.trendforce.get_dx_comp_index | TrendForce sheet loaded | file=PV.xlsx | sheet=Wafer | mode=multi_field | rows=19 | columns=13
2026-06-16 13:49:19 | INFO | src.jobs_xlsx.trendforce.get_dx_comp_index | TrendForce sheet transformed | file=PV.xlsx | sheet=Wafer | category=PV | sub_category=Wafer | rows=171
2026-06-16 13:49:19 | INFO | src.jobs_xlsx.trendforce.get_dx_comp_index | TrendForce sheet loaded | file=PV.xlsx | sheet=Cell | mode=multi_field | rows=19 | columns=13
2026-06-16 13:49:19 | INFO | src.jobs_xlsx.trendforce.get_dx_comp_index | TrendForce sheet transformed | file=PV.xlsx | sheet=Cell | category=PV | sub_category=Cell | rows=171
2026-06-16 13:49:19 | INFO | src.jobs_xlsx.trendforce.get_dx_comp_index | TrendForce sheet loaded | file=PV.xlsx | sheet=Module | mode=multi_field | rows=19 | columns=10
2026-06-16 13:49:19 | INFO | src.jobs_xlsx.trendforce.get_dx_comp_index | TrendForce sheet transformed | file=PV.xlsx | sheet=Module | category=PV | sub_category=Module | rows=114
2026-06-16 13:49:19 | INFO | src.jobs_xlsx.trendforce.get_dx_comp_index | TrendForce sheet loaded | file=PV.xlsx | sheet=PV Glass | mode=multi_field | rows=19 | columns=13
2026-06-16 13:49:19 | INFO | src.jobs_xlsx.trendforce.get_dx_comp_index | TrendForce sheet transformed | file=PV.xlsx | sheet=PV Glass | category=PV | sub_category=PV Glass | rows=171
2026-06-16 13:49:19 | INFO | src.jobs_xlsx.trendforce.get_dx_comp_index | TrendForce workbook transformed | file=PV.xlsx | rows=855
2026-06-16 13:49:19 | INFO | src.jobs_xlsx.trendforce.get_dx_comp_index | TrendForce sheet loaded | file=TFT LCD.xlsx | sheet=Large Size Panel | mode=multi_field | rows=5 | columns=16
2026-06-16 13:49:19 | INFO | src.jobs_xlsx.trendforce.get_dx_comp_index | TrendForce sheet transformed | file=TFT LCD.xlsx | sheet=Large Size Panel | category=TFTLCD | sub_category=Large Panel | rows=45
2026-06-16 13:49:19 | INFO | src.jobs_xlsx.trendforce.get_dx_comp_index | TrendForce sheet loaded | file=TFT LCD.xlsx | sheet=LCD Smartphone Panel | mode=multi_field | rows=6 | columns=12
2026-06-16 13:49:20 | INFO | src.jobs_xlsx.trendforce.get_dx_comp_index | TrendForce sheet transformed | file=TFT LCD.xlsx | sheet=LCD Smartphone Panel | category=TFTLCD | sub_category=Smartphone Panel | rows=36
2026-06-16 13:49:20 | INFO | src.jobs_xlsx.trendforce.get_dx_comp_index | TrendForce sheet loaded | file=TFT LCD.xlsx | sheet=Street | mode=multi_field | rows=7 | columns=24
2026-06-16 13:49:20 | INFO | src.jobs_xlsx.trendforce.get_dx_comp_index | TrendForce sheet transformed | file=TFT LCD.xlsx | sheet=Street | category=TFTLCD | sub_category=LCD | rows=97
2026-06-16 13:49:20 | INFO | src.jobs_xlsx.trendforce.get_dx_comp_index | TrendForce sheet loaded | file=TFT LCD.xlsx | sheet=Large Size Panel Shipment | mode=multi_field | rows=6 | columns=14
2026-06-16 13:49:20 | INFO | src.jobs_xlsx.trendforce.get_dx_comp_index | TrendForce sheet transformed | file=TFT LCD.xlsx | sheet=Large Size Panel Shipment | category=TFTLCD | sub_category=Shipment | rows=60
2026-06-16 13:49:20 | INFO | src.jobs_xlsx.trendforce.get_dx_comp_index | TrendForce workbook transformed | file=TFT LCD.xlsx | rows=238
2026-06-16 13:49:20 | INFO | src.jobs_xlsx.trendforce.get_dx_comp_index | TrendForce sheet loaded | file=Li-Ion Battery.xlsx | sheet=Battery Cell & Pack | mode=single_value | rows=6 | columns=11
2026-06-16 13:49:20 | INFO | src.jobs_xlsx.trendforce.get_dx_comp_index | TrendForce sheet transformed | file=Li-Ion Battery.xlsx | sheet=Battery Cell & Pack | category=Battery | sub_category=None | rows=42
2026-06-16 13:49:20 | INFO | src.jobs_xlsx.trendforce.get_dx_comp_index | TrendForce sheet loaded | file=Li-Ion Battery.xlsx | sheet=Precursor and Cathode Material | mode=single_value | rows=6 | columns=14
2026-06-16 13:49:20 | INFO | src.jobs_xlsx.trendforce.get_dx_comp_index | TrendForce sheet transformed | file=Li-Ion Battery.xlsx | sheet=Precursor and Cathode Material | category=Battery | sub_category=None | rows=60
2026-06-16 13:49:20 | INFO | src.jobs_xlsx.trendforce.get_dx_comp_index | TrendForce sheet loaded | file=Li-Ion Battery.xlsx | sheet=Anode Material | mode=single_value | rows=6 | columns=12
2026-06-16 13:49:20 | INFO | src.jobs_xlsx.trendforce.get_dx_comp_index | TrendForce sheet transformed | file=Li-Ion Battery.xlsx | sheet=Anode Material | category=Battery | sub_category=Anode Material | rows=48
2026-06-16 13:49:20 | INFO | src.jobs_xlsx.trendforce.get_dx_comp_index | TrendForce sheet loaded | file=Li-Ion Battery.xlsx | sheet=Separator | mode=single_value | rows=6 | columns=9
2026-06-16 13:49:20 | INFO | src.jobs_xlsx.trendforce.get_dx_comp_index | TrendForce sheet transformed | file=Li-Ion Battery.xlsx | sheet=Separator | category=Battery | sub_category=Separator | rows=30
2026-06-16 13:49:20 | INFO | src.jobs_xlsx.trendforce.get_dx_comp_index | TrendForce sheet loaded | file=Li-Ion Battery.xlsx | sheet=Electrolyte | mode=single_value | rows=6 | columns=8
2026-06-16 13:49:20 | INFO | src.jobs_xlsx.trendforce.get_dx_comp_index | TrendForce sheet transformed | file=Li-Ion Battery.xlsx | sheet=Electrolyte | category=Battery | sub_category=Electrolyte | rows=24
2026-06-16 13:49:20 | INFO | src.jobs_xlsx.trendforce.get_dx_comp_index | TrendForce sheet loaded | file=Li-Ion Battery.xlsx | sheet=Li & Co & Ni | mode=single_value | rows=6 | columns=12
2026-06-16 13:49:20 | INFO | src.jobs_xlsx.trendforce.get_dx_comp_index | TrendForce sheet transformed | file=Li-Ion Battery.xlsx | sheet=Li & Co & Ni | category=Battery | sub_category=LiCoNi | rows=48
2026-06-16 13:49:20 | INFO | src.jobs_xlsx.trendforce.get_dx_comp_index | TrendForce sheet loaded | file=Li-Ion Battery.xlsx | sheet=Other | mode=single_value | rows=6 | columns=6
2026-06-16 13:49:20 | INFO | src.jobs_xlsx.trendforce.get_dx_comp_index | TrendForce sheet transformed | file=Li-Ion Battery.xlsx | sheet=Other | category=Battery | sub_category=Other | rows=12
2026-06-16 13:49:20 | INFO | src.jobs_xlsx.trendforce.get_dx_comp_index | TrendForce workbook transformed | file=Li-Ion Battery.xlsx | rows=264
2026-06-16 13:49:20 | INFO | src.jobs_xlsx.trendforce.get_dx_comp_index | TrendForce industry Parquet saved | output_path=C:\Users\krm\PycharmProjects\AlternativeData\data_lake\raw\industry\components\dx_components.parquet | rows=8715
2026-06-17 10:38:05 | INFO | src.jobs_xlsx.trendforce.get_dx_comp_index | TrendForce industry data job started | input_dir=C:\Users\krm\PycharmProjects\AlternativeData\data\industry\TrendForce | metadata_path=C:\Users\krm\PycharmProjects\AlternativeData\data\metadata.xlsx
2026-06-17 10:38:05 | INFO | src.jobs_xlsx.trendforce.get_dx_comp_index | TrendForce metadata loaded | symbols=117
2026-06-17 10:38:05 | INFO | src.jobs_xlsx.trendforce.get_dx_comp_index | TrendForce sheet loaded | file=DRAM.xlsx | sheet=DRAM | mode=multi_field | rows=292 | columns=25
2026-06-17 10:38:05 | INFO | src.jobs_xlsx.trendforce.get_dx_comp_index | TrendForce sheet transformed | file=DRAM.xlsx | sheet=DRAM | category=DRAM | sub_category=DDR | rows=6069
2026-06-17 10:38:05 | INFO | src.jobs_xlsx.trendforce.get_dx_comp_index | TrendForce sheet loaded | file=DRAM.xlsx | sheet=DRAM Contract | mode=multi_field | rows=6 | columns=25
2026-06-17 10:38:05 | INFO | src.jobs_xlsx.trendforce.get_dx_comp_index | TrendForce sheet transformed | file=DRAM.xlsx | sheet=DRAM Contract | category=DRAM | sub_category=DDR | rows=111
2026-06-17 10:38:05 | INFO | src.jobs_xlsx.trendforce.get_dx_comp_index | TrendForce sheet loaded | file=DRAM.xlsx | sheet=Module | mode=multi_field | rows=22 | columns=13
2026-06-17 10:38:05 | INFO | src.jobs_xlsx.trendforce.get_dx_comp_index | TrendForce sheet transformed | file=DRAM.xlsx | sheet=Module | category=DRAM | sub_category=Module | rows=198
2026-06-17 10:38:05 | INFO | src.jobs_xlsx.trendforce.get_dx_comp_index | TrendForce sheet loaded | file=DRAM.xlsx | sheet=GDDR | mode=multi_field | rows=22 | columns=10
2026-06-17 10:38:05 | INFO | src.jobs_xlsx.trendforce.get_dx_comp_index | TrendForce sheet transformed | file=DRAM.xlsx | sheet=GDDR | category=DRAM | sub_category=GDDR | rows=128
2026-06-17 10:38:05 | INFO | src.jobs_xlsx.trendforce.get_dx_comp_index | TrendForce workbook transformed | file=DRAM.xlsx | rows=6506
2026-06-17 10:38:05 | INFO | src.jobs_xlsx.trendforce.get_dx_comp_index | TrendForce sheet loaded | file=NAND Flash.xlsx | sheet=Flash | mode=multi_field | rows=20 | columns=16
2026-06-17 10:38:05 | INFO | src.jobs_xlsx.trendforce.get_dx_comp_index | TrendForce sheet transformed | file=NAND Flash.xlsx | sheet=Flash | category=Flash Memory | sub_category=NAND | rows=240
2026-06-17 10:38:05 | INFO | src.jobs_xlsx.trendforce.get_dx_comp_index | TrendForce sheet loaded | file=NAND Flash.xlsx | sheet=Flash Contract | mode=multi_field | rows=5 | columns=13
2026-06-17 10:38:05 | INFO | src.jobs_xlsx.trendforce.get_dx_comp_index | TrendForce sheet transformed | file=NAND Flash.xlsx | sheet=Flash Contract | category=Flash Memory | sub_category=NAND | rows=42
2026-06-17 10:38:06 | INFO | src.jobs_xlsx.trendforce.get_dx_comp_index | TrendForce sheet loaded | file=NAND Flash.xlsx | sheet=Wafer | mode=multi_field | rows=20 | columns=13
2026-06-17 10:38:06 | INFO | src.jobs_xlsx.trendforce.get_dx_comp_index | TrendForce sheet transformed | file=NAND Flash.xlsx | sheet=Wafer | category=Flash Memory | sub_category=Wafer | rows=180
2026-06-17 10:38:06 | INFO | src.jobs_xlsx.trendforce.get_dx_comp_index | TrendForce sheet loaded | file=NAND Flash.xlsx | sheet=Memory Card | mode=multi_field | rows=20 | columns=16
2026-06-17 10:38:06 | INFO | src.jobs_xlsx.trendforce.get_dx_comp_index | TrendForce sheet transformed | file=NAND Flash.xlsx | sheet=Memory Card | category=Flash Memory | sub_category=Micro SD | rows=240
2026-06-17 10:38:06 | INFO | src.jobs_xlsx.trendforce.get_dx_comp_index | TrendForce sheet loaded | file=NAND Flash.xlsx | sheet=PC-Client OEM SSD | mode=multi_field | rows=3 | columns=13
2026-06-17 10:38:06 | INFO | src.jobs_xlsx.trendforce.get_dx_comp_index | TrendForce sheet transformed | file=NAND Flash.xlsx | sheet=PC-Client OEM SSD | category=Flash Memory | sub_category=SSD | rows=27
2026-06-17 10:38:06 | INFO | src.jobs_xlsx.trendforce.get_dx_comp_index | TrendForce sheet loaded | file=NAND Flash.xlsx | sheet=SSD Street | mode=multi_field | rows=11 | columns=22
2026-06-17 10:38:06 | INFO | src.jobs_xlsx.trendforce.get_dx_comp_index | TrendForce sheet transformed | file=NAND Flash.xlsx | sheet=SSD Street | category=Flash Memory | sub_category=SSD | rows=165
2026-06-17 10:38:06 | INFO | src.jobs_xlsx.trendforce.get_dx_comp_index | TrendForce workbook transformed | file=NAND Flash.xlsx | rows=894
2026-06-17 10:38:06 | INFO | src.jobs_xlsx.trendforce.get_dx_comp_index | TrendForce sheet loaded | file=PV.xlsx | sheet=Polysilicon | mode=multi_field | rows=19 | columns=16
2026-06-17 10:38:06 | INFO | src.jobs_xlsx.trendforce.get_dx_comp_index | TrendForce sheet transformed | file=PV.xlsx | sheet=Polysilicon | category=PV | sub_category=Polysilicon | rows=228
2026-06-17 10:38:06 | INFO | src.jobs_xlsx.trendforce.get_dx_comp_index | TrendForce sheet loaded | file=PV.xlsx | sheet=Wafer | mode=multi_field | rows=19 | columns=13
2026-06-17 10:38:06 | INFO | src.jobs_xlsx.trendforce.get_dx_comp_index | TrendForce sheet transformed | file=PV.xlsx | sheet=Wafer | category=PV | sub_category=Wafer | rows=171
2026-06-17 10:38:06 | INFO | src.jobs_xlsx.trendforce.get_dx_comp_index | TrendForce sheet loaded | file=PV.xlsx | sheet=Cell | mode=multi_field | rows=19 | columns=13
2026-06-17 10:38:06 | INFO | src.jobs_xlsx.trendforce.get_dx_comp_index | TrendForce sheet transformed | file=PV.xlsx | sheet=Cell | category=PV | sub_category=Cell | rows=171
2026-06-17 10:38:06 | INFO | src.jobs_xlsx.trendforce.get_dx_comp_index | TrendForce sheet loaded | file=PV.xlsx | sheet=Module | mode=multi_field | rows=19 | columns=10
2026-06-17 10:38:06 | INFO | src.jobs_xlsx.trendforce.get_dx_comp_index | TrendForce sheet transformed | file=PV.xlsx | sheet=Module | category=PV | sub_category=Module | rows=114
2026-06-17 10:38:06 | INFO | src.jobs_xlsx.trendforce.get_dx_comp_index | TrendForce sheet loaded | file=PV.xlsx | sheet=PV Glass | mode=multi_field | rows=19 | columns=13
2026-06-17 10:38:06 | INFO | src.jobs_xlsx.trendforce.get_dx_comp_index | TrendForce sheet transformed | file=PV.xlsx | sheet=PV Glass | category=PV | sub_category=PV Glass | rows=171
2026-06-17 10:38:06 | INFO | src.jobs_xlsx.trendforce.get_dx_comp_index | TrendForce workbook transformed | file=PV.xlsx | rows=855
2026-06-17 10:38:06 | INFO | src.jobs_xlsx.trendforce.get_dx_comp_index | TrendForce sheet loaded | file=TFT LCD.xlsx | sheet=Large Size Panel | mode=multi_field | rows=5 | columns=16
2026-06-17 10:38:06 | INFO | src.jobs_xlsx.trendforce.get_dx_comp_index | TrendForce sheet transformed | file=TFT LCD.xlsx | sheet=Large Size Panel | category=TFTLCD | sub_category=Large Panel | rows=45
2026-06-17 10:38:06 | INFO | src.jobs_xlsx.trendforce.get_dx_comp_index | TrendForce sheet loaded | file=TFT LCD.xlsx | sheet=LCD Smartphone Panel | mode=multi_field | rows=6 | columns=12
2026-06-17 10:38:07 | INFO | src.jobs_xlsx.trendforce.get_dx_comp_index | TrendForce sheet transformed | file=TFT LCD.xlsx | sheet=LCD Smartphone Panel | category=TFTLCD | sub_category=Smartphone Panel | rows=36
2026-06-17 10:38:07 | INFO | src.jobs_xlsx.trendforce.get_dx_comp_index | TrendForce sheet loaded | file=TFT LCD.xlsx | sheet=Street | mode=multi_field | rows=7 | columns=24
2026-06-17 10:38:07 | INFO | src.jobs_xlsx.trendforce.get_dx_comp_index | TrendForce sheet transformed | file=TFT LCD.xlsx | sheet=Street | category=TFTLCD | sub_category=LCD | rows=97
2026-06-17 10:38:07 | INFO | src.jobs_xlsx.trendforce.get_dx_comp_index | TrendForce sheet loaded | file=TFT LCD.xlsx | sheet=Large Size Panel Shipment | mode=multi_field | rows=6 | columns=14
2026-06-17 10:38:07 | INFO | src.jobs_xlsx.trendforce.get_dx_comp_index | TrendForce sheet transformed | file=TFT LCD.xlsx | sheet=Large Size Panel Shipment | category=TFTLCD | sub_category=Shipment | rows=60
2026-06-17 10:38:07 | INFO | src.jobs_xlsx.trendforce.get_dx_comp_index | TrendForce workbook transformed | file=TFT LCD.xlsx | rows=238
2026-06-17 10:38:07 | INFO | src.jobs_xlsx.trendforce.get_dx_comp_index | TrendForce sheet loaded | file=Li-Ion Battery.xlsx | sheet=Battery Cell & Pack | mode=single_value | rows=6 | columns=11
2026-06-17 10:38:07 | INFO | src.jobs_xlsx.trendforce.get_dx_comp_index | TrendForce sheet transformed | file=Li-Ion Battery.xlsx | sheet=Battery Cell & Pack | category=Battery | sub_category=None | rows=42
2026-06-17 10:38:07 | INFO | src.jobs_xlsx.trendforce.get_dx_comp_index | TrendForce sheet loaded | file=Li-Ion Battery.xlsx | sheet=Precursor and Cathode Material | mode=single_value | rows=6 | columns=14
2026-06-17 10:38:08 | INFO | src.jobs_xlsx.trendforce.get_dx_comp_index | TrendForce sheet transformed | file=Li-Ion Battery.xlsx | sheet=Precursor and Cathode Material | category=Battery | sub_category=None | rows=60
2026-06-17 10:38:08 | INFO | src.jobs_xlsx.trendforce.get_dx_comp_index | TrendForce sheet loaded | file=Li-Ion Battery.xlsx | sheet=Anode Material | mode=single_value | rows=6 | columns=12
2026-06-17 10:38:08 | INFO | src.jobs_xlsx.trendforce.get_dx_comp_index | TrendForce sheet transformed | file=Li-Ion Battery.xlsx | sheet=Anode Material | category=Battery | sub_category=Anode Material | rows=48
2026-06-17 10:38:08 | INFO | src.jobs_xlsx.trendforce.get_dx_comp_index | TrendForce sheet loaded | file=Li-Ion Battery.xlsx | sheet=Separator | mode=single_value | rows=6 | columns=9
2026-06-17 10:38:08 | INFO | src.jobs_xlsx.trendforce.get_dx_comp_index | TrendForce sheet transformed | file=Li-Ion Battery.xlsx | sheet=Separator | category=Battery | sub_category=Separator | rows=30
2026-06-17 10:38:08 | INFO | src.jobs_xlsx.trendforce.get_dx_comp_index | TrendForce sheet loaded | file=Li-Ion Battery.xlsx | sheet=Electrolyte | mode=single_value | rows=6 | columns=8
2026-06-17 10:38:08 | INFO | src.jobs_xlsx.trendforce.get_dx_comp_index | TrendForce sheet transformed | file=Li-Ion Battery.xlsx | sheet=Electrolyte | category=Battery | sub_category=Electrolyte | rows=24
2026-06-17 10:38:08 | INFO | src.jobs_xlsx.trendforce.get_dx_comp_index | TrendForce sheet loaded | file=Li-Ion Battery.xlsx | sheet=Li & Co & Ni | mode=single_value | rows=6 | columns=12
2026-06-17 10:38:08 | INFO | src.jobs_xlsx.trendforce.get_dx_comp_index | TrendForce sheet transformed | file=Li-Ion Battery.xlsx | sheet=Li & Co & Ni | category=Battery | sub_category=LiCoNi | rows=48
2026-06-17 10:38:08 | INFO | src.jobs_xlsx.trendforce.get_dx_comp_index | TrendForce sheet loaded | file=Li-Ion Battery.xlsx | sheet=Other | mode=single_value | rows=6 | columns=6
2026-06-17 10:38:08 | INFO | src.jobs_xlsx.trendforce.get_dx_comp_index | TrendForce sheet transformed | file=Li-Ion Battery.xlsx | sheet=Other | category=Battery | sub_category=Other | rows=12
2026-06-17 10:38:08 | INFO | src.jobs_xlsx.trendforce.get_dx_comp_index | TrendForce workbook transformed | file=Li-Ion Battery.xlsx | rows=264
2026-06-17 10:38:08 | INFO | src.jobs_xlsx.trendforce.get_dx_comp_index | TrendForce industry Parquet saved | output_path=C:\Users\krm\PycharmProjects\AlternativeData\data_lake\raw\industry\components\dx_components.parquet | rows=8757
2026-06-18 17:14:44 | INFO | src.jobs_xlsx.trendforce.get_dx_comp_index | TrendForce industry data job started | input_dir=C:\Users\krm\PycharmProjects\AlternativeData\data\industry\TrendForce | metadata_path=C:\Users\krm\PycharmProjects\AlternativeData\data\metadata.xlsx
2026-06-18 17:14:44 | INFO | src.jobs_xlsx.trendforce.get_dx_comp_index | TrendForce metadata loaded | symbols=117
2026-06-18 17:14:44 | INFO | src.jobs_xlsx.trendforce.get_dx_comp_index | TrendForce sheet loaded | file=DRAM.xlsx | sheet=DRAM | mode=multi_field | rows=295 | columns=25
2026-06-18 17:14:44 | INFO | src.jobs_xlsx.trendforce.get_dx_comp_index | TrendForce sheet transformed | file=DRAM.xlsx | sheet=DRAM | category=DRAM | sub_category=DDR | rows=6174
2026-06-18 17:14:44 | INFO | src.jobs_xlsx.trendforce.get_dx_comp_index | TrendForce sheet loaded | file=DRAM.xlsx | sheet=DRAM Contract | mode=multi_field | rows=6 | columns=25
2026-06-18 17:14:44 | INFO | src.jobs_xlsx.trendforce.get_dx_comp_index | TrendForce sheet transformed | file=DRAM.xlsx | sheet=DRAM Contract | category=DRAM | sub_category=DDR | rows=111
2026-06-18 17:14:44 | INFO | src.jobs_xlsx.trendforce.get_dx_comp_index | TrendForce sheet loaded | file=DRAM.xlsx | sheet=Module | mode=multi_field | rows=22 | columns=13
2026-06-18 17:14:44 | INFO | src.jobs_xlsx.trendforce.get_dx_comp_index | TrendForce sheet transformed | file=DRAM.xlsx | sheet=Module | category=DRAM | sub_category=Module | rows=198
2026-06-18 17:14:44 | INFO | src.jobs_xlsx.trendforce.get_dx_comp_index | TrendForce sheet loaded | file=DRAM.xlsx | sheet=GDDR | mode=multi_field | rows=22 | columns=10
2026-06-18 17:14:44 | INFO | src.jobs_xlsx.trendforce.get_dx_comp_index | TrendForce sheet transformed | file=DRAM.xlsx | sheet=GDDR | category=DRAM | sub_category=GDDR | rows=128
2026-06-18 17:14:44 | INFO | src.jobs_xlsx.trendforce.get_dx_comp_index | TrendForce workbook transformed | file=DRAM.xlsx | rows=6611
2026-06-18 17:14:44 | INFO | src.jobs_xlsx.trendforce.get_dx_comp_index | TrendForce sheet loaded | file=NAND Flash.xlsx | sheet=Flash | mode=multi_field | rows=20 | columns=16
2026-06-18 17:14:45 | INFO | src.jobs_xlsx.trendforce.get_dx_comp_index | TrendForce sheet transformed | file=NAND Flash.xlsx | sheet=Flash | category=Flash Memory | sub_category=NAND | rows=240
2026-06-18 17:14:45 | INFO | src.jobs_xlsx.trendforce.get_dx_comp_index | TrendForce sheet loaded | file=NAND Flash.xlsx | sheet=Flash Contract | mode=multi_field | rows=5 | columns=13
2026-06-18 17:14:45 | INFO | src.jobs_xlsx.trendforce.get_dx_comp_index | TrendForce sheet transformed | file=NAND Flash.xlsx | sheet=Flash Contract | category=Flash Memory | sub_category=NAND | rows=42
2026-06-18 17:14:45 | INFO | src.jobs_xlsx.trendforce.get_dx_comp_index | TrendForce sheet loaded | file=NAND Flash.xlsx | sheet=Wafer | mode=multi_field | rows=20 | columns=13
2026-06-18 17:14:45 | INFO | src.jobs_xlsx.trendforce.get_dx_comp_index | TrendForce sheet transformed | file=NAND Flash.xlsx | sheet=Wafer | category=Flash Memory | sub_category=Wafer | rows=180
2026-06-18 17:14:45 | INFO | src.jobs_xlsx.trendforce.get_dx_comp_index | TrendForce sheet loaded | file=NAND Flash.xlsx | sheet=Memory Card | mode=multi_field | rows=20 | columns=16
2026-06-18 17:14:45 | INFO | src.jobs_xlsx.trendforce.get_dx_comp_index | TrendForce sheet transformed | file=NAND Flash.xlsx | sheet=Memory Card | category=Flash Memory | sub_category=Micro SD | rows=240
2026-06-18 17:14:45 | INFO | src.jobs_xlsx.trendforce.get_dx_comp_index | TrendForce sheet loaded | file=NAND Flash.xlsx | sheet=PC-Client OEM SSD | mode=multi_field | rows=3 | columns=13
2026-06-18 17:14:45 | INFO | src.jobs_xlsx.trendforce.get_dx_comp_index | TrendForce sheet transformed | file=NAND Flash.xlsx | sheet=PC-Client OEM SSD | category=Flash Memory | sub_category=SSD | rows=27
2026-06-18 17:14:45 | INFO | src.jobs_xlsx.trendforce.get_dx_comp_index | TrendForce sheet loaded | file=NAND Flash.xlsx | sheet=SSD Street | mode=multi_field | rows=11 | columns=22
2026-06-18 17:14:45 | INFO | src.jobs_xlsx.trendforce.get_dx_comp_index | TrendForce sheet transformed | file=NAND Flash.xlsx | sheet=SSD Street | category=Flash Memory | sub_category=SSD | rows=165
2026-06-18 17:14:45 | INFO | src.jobs_xlsx.trendforce.get_dx_comp_index | TrendForce workbook transformed | file=NAND Flash.xlsx | rows=894
2026-06-18 17:14:45 | INFO | src.jobs_xlsx.trendforce.get_dx_comp_index | TrendForce sheet loaded | file=PV.xlsx | sheet=Polysilicon | mode=multi_field | rows=19 | columns=16
2026-06-18 17:14:45 | INFO | src.jobs_xlsx.trendforce.get_dx_comp_index | TrendForce sheet transformed | file=PV.xlsx | sheet=Polysilicon | category=PV | sub_category=Polysilicon | rows=228
2026-06-18 17:14:45 | INFO | src.jobs_xlsx.trendforce.get_dx_comp_index | TrendForce sheet loaded | file=PV.xlsx | sheet=Wafer | mode=multi_field | rows=19 | columns=13
2026-06-18 17:14:45 | INFO | src.jobs_xlsx.trendforce.get_dx_comp_index | TrendForce sheet transformed | file=PV.xlsx | sheet=Wafer | category=PV | sub_category=Wafer | rows=171
2026-06-18 17:14:45 | INFO | src.jobs_xlsx.trendforce.get_dx_comp_index | TrendForce sheet loaded | file=PV.xlsx | sheet=Cell | mode=multi_field | rows=19 | columns=13
2026-06-18 17:14:45 | INFO | src.jobs_xlsx.trendforce.get_dx_comp_index | TrendForce sheet transformed | file=PV.xlsx | sheet=Cell | category=PV | sub_category=Cell | rows=171
2026-06-18 17:14:45 | INFO | src.jobs_xlsx.trendforce.get_dx_comp_index | TrendForce sheet loaded | file=PV.xlsx | sheet=Module | mode=multi_field | rows=19 | columns=10
2026-06-18 17:14:45 | INFO | src.jobs_xlsx.trendforce.get_dx_comp_index | TrendForce sheet transformed | file=PV.xlsx | sheet=Module | category=PV | sub_category=Module | rows=114
2026-06-18 17:14:45 | INFO | src.jobs_xlsx.trendforce.get_dx_comp_index | TrendForce sheet loaded | file=PV.xlsx | sheet=PV Glass | mode=multi_field | rows=19 | columns=13
2026-06-18 17:14:45 | INFO | src.jobs_xlsx.trendforce.get_dx_comp_index | TrendForce sheet transformed | file=PV.xlsx | sheet=PV Glass | category=PV | sub_category=PV Glass | rows=171
2026-06-18 17:14:45 | INFO | src.jobs_xlsx.trendforce.get_dx_comp_index | TrendForce workbook transformed | file=PV.xlsx | rows=855
2026-06-18 17:14:45 | INFO | src.jobs_xlsx.trendforce.get_dx_comp_index | TrendForce sheet loaded | file=TFT LCD.xlsx | sheet=Large Size Panel | mode=multi_field | rows=5 | columns=16
2026-06-18 17:14:45 | INFO | src.jobs_xlsx.trendforce.get_dx_comp_index | TrendForce sheet transformed | file=TFT LCD.xlsx | sheet=Large Size Panel | category=TFTLCD | sub_category=Large Panel | rows=45
2026-06-18 17:14:45 | INFO | src.jobs_xlsx.trendforce.get_dx_comp_index | TrendForce sheet loaded | file=TFT LCD.xlsx | sheet=LCD Smartphone Panel | mode=multi_field | rows=6 | columns=12
2026-06-18 17:14:45 | INFO | src.jobs_xlsx.trendforce.get_dx_comp_index | TrendForce sheet transformed | file=TFT LCD.xlsx | sheet=LCD Smartphone Panel | category=TFTLCD | sub_category=Smartphone Panel | rows=36
2026-06-18 17:14:45 | INFO | src.jobs_xlsx.trendforce.get_dx_comp_index | TrendForce sheet loaded | file=TFT LCD.xlsx | sheet=Street | mode=multi_field | rows=7 | columns=24
2026-06-18 17:14:45 | INFO | src.jobs_xlsx.trendforce.get_dx_comp_index | TrendForce sheet transformed | file=TFT LCD.xlsx | sheet=Street | category=TFTLCD | sub_category=LCD | rows=97
2026-06-18 17:14:45 | INFO | src.jobs_xlsx.trendforce.get_dx_comp_index | TrendForce sheet loaded | file=TFT LCD.xlsx | sheet=Large Size Panel Shipment | mode=multi_field | rows=6 | columns=14
2026-06-18 17:14:45 | INFO | src.jobs_xlsx.trendforce.get_dx_comp_index | TrendForce sheet transformed | file=TFT LCD.xlsx | sheet=Large Size Panel Shipment | category=TFTLCD | sub_category=Shipment | rows=60
2026-06-18 17:14:45 | INFO | src.jobs_xlsx.trendforce.get_dx_comp_index | TrendForce workbook transformed | file=TFT LCD.xlsx | rows=238
2026-06-18 17:14:45 | INFO | src.jobs_xlsx.trendforce.get_dx_comp_index | TrendForce sheet loaded | file=Li-Ion Battery.xlsx | sheet=Battery Cell & Pack | mode=single_value | rows=6 | columns=11
2026-06-18 17:14:45 | INFO | src.jobs_xlsx.trendforce.get_dx_comp_index | TrendForce sheet transformed | file=Li-Ion Battery.xlsx | sheet=Battery Cell & Pack | category=Battery | sub_category=None | rows=42
2026-06-18 17:14:45 | INFO | src.jobs_xlsx.trendforce.get_dx_comp_index | TrendForce sheet loaded | file=Li-Ion Battery.xlsx | sheet=Precursor and Cathode Material | mode=single_value | rows=6 | columns=14
2026-06-18 17:14:45 | INFO | src.jobs_xlsx.trendforce.get_dx_comp_index | TrendForce sheet transformed | file=Li-Ion Battery.xlsx | sheet=Precursor and Cathode Material | category=Battery | sub_category=None | rows=60
2026-06-18 17:14:45 | INFO | src.jobs_xlsx.trendforce.get_dx_comp_index | TrendForce sheet loaded | file=Li-Ion Battery.xlsx | sheet=Anode Material | mode=single_value | rows=6 | columns=12
2026-06-18 17:14:46 | INFO | src.jobs_xlsx.trendforce.get_dx_comp_index | TrendForce sheet transformed | file=Li-Ion Battery.xlsx | sheet=Anode Material | category=Battery | sub_category=Anode Material | rows=48
2026-06-18 17:14:46 | INFO | src.jobs_xlsx.trendforce.get_dx_comp_index | TrendForce sheet loaded | file=Li-Ion Battery.xlsx | sheet=Separator | mode=single_value | rows=6 | columns=9
2026-06-18 17:14:46 | INFO | src.jobs_xlsx.trendforce.get_dx_comp_index | TrendForce sheet transformed | file=Li-Ion Battery.xlsx | sheet=Separator | category=Battery | sub_category=Separator | rows=30
2026-06-18 17:14:46 | INFO | src.jobs_xlsx.trendforce.get_dx_comp_index | TrendForce sheet loaded | file=Li-Ion Battery.xlsx | sheet=Electrolyte | mode=single_value | rows=6 | columns=8
2026-06-18 17:14:46 | INFO | src.jobs_xlsx.trendforce.get_dx_comp_index | TrendForce sheet transformed | file=Li-Ion Battery.xlsx | sheet=Electrolyte | category=Battery | sub_category=Electrolyte | rows=24
2026-06-18 17:14:46 | INFO | src.jobs_xlsx.trendforce.get_dx_comp_index | TrendForce sheet loaded | file=Li-Ion Battery.xlsx | sheet=Li & Co & Ni | mode=single_value | rows=6 | columns=12
2026-06-18 17:14:46 | INFO | src.jobs_xlsx.trendforce.get_dx_comp_index | TrendForce sheet transformed | file=Li-Ion Battery.xlsx | sheet=Li & Co & Ni | category=Battery | sub_category=LiCoNi | rows=48
2026-06-18 17:14:46 | INFO | src.jobs_xlsx.trendforce.get_dx_comp_index | TrendForce sheet loaded | file=Li-Ion Battery.xlsx | sheet=Other | mode=single_value | rows=6 | columns=6
2026-06-18 17:14:46 | INFO | src.jobs_xlsx.trendforce.get_dx_comp_index | TrendForce sheet transformed | file=Li-Ion Battery.xlsx | sheet=Other | category=Battery | sub_category=Other | rows=12
2026-06-18 17:14:46 | INFO | src.jobs_xlsx.trendforce.get_dx_comp_index | TrendForce workbook transformed | file=Li-Ion Battery.xlsx | rows=264
2026-06-18 17:14:46 | INFO | src.jobs_xlsx.trendforce.get_dx_comp_index | TrendForce industry Parquet saved | output_path=C:\Users\krm\PycharmProjects\AlternativeData\data_lake\raw\industry\components\dx_components.parquet | rows=8862
2026-06-19 14:05:27 | INFO | src.jobs_xlsx.trendforce.get_dx_comp_index | TrendForce industry data job started | input_dir=C:\Users\krm\PycharmProjects\AlternativeData\data\industry\TrendForce | metadata_path=C:\Users\krm\PycharmProjects\AlternativeData\data\metadata.xlsx
2026-06-19 14:05:27 | INFO | src.jobs_xlsx.trendforce.get_dx_comp_index | TrendForce metadata loaded | symbols=117
2026-06-19 14:05:27 | INFO | src.jobs_xlsx.trendforce.get_dx_comp_index | TrendForce sheet loaded | file=DRAM.xlsx | sheet=DRAM | mode=multi_field | rows=295 | columns=25
2026-06-19 14:05:27 | INFO | src.jobs_xlsx.trendforce.get_dx_comp_index | TrendForce sheet transformed | file=DRAM.xlsx | sheet=DRAM | category=DRAM | sub_category=DDR | rows=6195
2026-06-19 14:05:27 | INFO | src.jobs_xlsx.trendforce.get_dx_comp_index | TrendForce sheet loaded | file=DRAM.xlsx | sheet=DRAM Contract | mode=multi_field | rows=6 | columns=25
2026-06-19 14:05:27 | INFO | src.jobs_xlsx.trendforce.get_dx_comp_index | TrendForce sheet transformed | file=DRAM.xlsx | sheet=DRAM Contract | category=DRAM | sub_category=DDR | rows=111
2026-06-19 14:05:27 | INFO | src.jobs_xlsx.trendforce.get_dx_comp_index | TrendForce sheet loaded | file=DRAM.xlsx | sheet=Module | mode=multi_field | rows=22 | columns=13
2026-06-19 14:05:27 | INFO | src.jobs_xlsx.trendforce.get_dx_comp_index | TrendForce sheet transformed | file=DRAM.xlsx | sheet=Module | category=DRAM | sub_category=Module | rows=198
2026-06-19 14:05:27 | INFO | src.jobs_xlsx.trendforce.get_dx_comp_index | TrendForce sheet loaded | file=DRAM.xlsx | sheet=GDDR | mode=multi_field | rows=22 | columns=10
2026-06-19 14:05:27 | INFO | src.jobs_xlsx.trendforce.get_dx_comp_index | TrendForce sheet transformed | file=DRAM.xlsx | sheet=GDDR | category=DRAM | sub_category=GDDR | rows=128
2026-06-19 14:05:27 | INFO | src.jobs_xlsx.trendforce.get_dx_comp_index | TrendForce workbook transformed | file=DRAM.xlsx | rows=6632
2026-06-19 14:05:27 | INFO | src.jobs_xlsx.trendforce.get_dx_comp_index | TrendForce sheet loaded | file=NAND Flash.xlsx | sheet=Flash | mode=multi_field | rows=20 | columns=16
2026-06-19 14:05:27 | INFO | src.jobs_xlsx.trendforce.get_dx_comp_index | TrendForce sheet transformed | file=NAND Flash.xlsx | sheet=Flash | category=Flash Memory | sub_category=NAND | rows=240
2026-06-19 14:05:27 | INFO | src.jobs_xlsx.trendforce.get_dx_comp_index | TrendForce sheet loaded | file=NAND Flash.xlsx | sheet=Flash Contract | mode=multi_field | rows=5 | columns=13
2026-06-19 14:05:27 | INFO | src.jobs_xlsx.trendforce.get_dx_comp_index | TrendForce sheet transformed | file=NAND Flash.xlsx | sheet=Flash Contract | category=Flash Memory | sub_category=NAND | rows=42
2026-06-19 14:05:27 | INFO | src.jobs_xlsx.trendforce.get_dx_comp_index | TrendForce sheet loaded | file=NAND Flash.xlsx | sheet=Wafer | mode=multi_field | rows=20 | columns=13
2026-06-19 14:05:27 | INFO | src.jobs_xlsx.trendforce.get_dx_comp_index | TrendForce sheet transformed | file=NAND Flash.xlsx | sheet=Wafer | category=Flash Memory | sub_category=Wafer | rows=180
2026-06-19 14:05:27 | INFO | src.jobs_xlsx.trendforce.get_dx_comp_index | TrendForce sheet loaded | file=NAND Flash.xlsx | sheet=Memory Card | mode=multi_field | rows=20 | columns=16
2026-06-19 14:05:27 | INFO | src.jobs_xlsx.trendforce.get_dx_comp_index | TrendForce sheet transformed | file=NAND Flash.xlsx | sheet=Memory Card | category=Flash Memory | sub_category=Micro SD | rows=240
2026-06-19 14:05:27 | INFO | src.jobs_xlsx.trendforce.get_dx_comp_index | TrendForce sheet loaded | file=NAND Flash.xlsx | sheet=PC-Client OEM SSD | mode=multi_field | rows=3 | columns=13
2026-06-19 14:05:27 | INFO | src.jobs_xlsx.trendforce.get_dx_comp_index | TrendForce sheet transformed | file=NAND Flash.xlsx | sheet=PC-Client OEM SSD | category=Flash Memory | sub_category=SSD | rows=27
2026-06-19 14:05:27 | INFO | src.jobs_xlsx.trendforce.get_dx_comp_index | TrendForce sheet loaded | file=NAND Flash.xlsx | sheet=SSD Street | mode=multi_field | rows=11 | columns=22
2026-06-19 14:05:27 | INFO | src.jobs_xlsx.trendforce.get_dx_comp_index | TrendForce sheet transformed | file=NAND Flash.xlsx | sheet=SSD Street | category=Flash Memory | sub_category=SSD | rows=165
2026-06-19 14:05:27 | INFO | src.jobs_xlsx.trendforce.get_dx_comp_index | TrendForce workbook transformed | file=NAND Flash.xlsx | rows=894
2026-06-19 14:05:27 | INFO | src.jobs_xlsx.trendforce.get_dx_comp_index | TrendForce sheet loaded | file=PV.xlsx | sheet=Polysilicon | mode=multi_field | rows=20 | columns=16
2026-06-19 14:05:28 | INFO | src.jobs_xlsx.trendforce.get_dx_comp_index | TrendForce sheet transformed | file=PV.xlsx | sheet=Polysilicon | category=PV | sub_category=Polysilicon | rows=240
2026-06-19 14:05:28 | INFO | src.jobs_xlsx.trendforce.get_dx_comp_index | TrendForce sheet loaded | file=PV.xlsx | sheet=Wafer | mode=multi_field | rows=20 | columns=13
2026-06-19 14:05:28 | INFO | src.jobs_xlsx.trendforce.get_dx_comp_index | TrendForce sheet transformed | file=PV.xlsx | sheet=Wafer | category=PV | sub_category=Wafer | rows=180
2026-06-19 14:05:28 | INFO | src.jobs_xlsx.trendforce.get_dx_comp_index | TrendForce sheet loaded | file=PV.xlsx | sheet=Cell | mode=multi_field | rows=20 | columns=13
2026-06-19 14:05:28 | INFO | src.jobs_xlsx.trendforce.get_dx_comp_index | TrendForce sheet transformed | file=PV.xlsx | sheet=Cell | category=PV | sub_category=Cell | rows=180
2026-06-19 14:05:28 | INFO | src.jobs_xlsx.trendforce.get_dx_comp_index | TrendForce sheet loaded | file=PV.xlsx | sheet=Module | mode=multi_field | rows=20 | columns=10
2026-06-19 14:05:28 | INFO | src.jobs_xlsx.trendforce.get_dx_comp_index | TrendForce sheet transformed | file=PV.xlsx | sheet=Module | category=PV | sub_category=Module | rows=120
2026-06-19 14:05:28 | INFO | src.jobs_xlsx.trendforce.get_dx_comp_index | TrendForce sheet loaded | file=PV.xlsx | sheet=PV Glass | mode=multi_field | rows=20 | columns=13
2026-06-19 14:05:28 | INFO | src.jobs_xlsx.trendforce.get_dx_comp_index | TrendForce sheet transformed | file=PV.xlsx | sheet=PV Glass | category=PV | sub_category=PV Glass | rows=180
2026-06-19 14:05:28 | INFO | src.jobs_xlsx.trendforce.get_dx_comp_index | TrendForce workbook transformed | file=PV.xlsx | rows=900
2026-06-19 14:05:28 | INFO | src.jobs_xlsx.trendforce.get_dx_comp_index | TrendForce sheet loaded | file=TFT LCD.xlsx | sheet=Large Size Panel | mode=multi_field | rows=5 | columns=16
2026-06-19 14:05:28 | INFO | src.jobs_xlsx.trendforce.get_dx_comp_index | TrendForce sheet transformed | file=TFT LCD.xlsx | sheet=Large Size Panel | category=TFTLCD | sub_category=Large Panel | rows=45
2026-06-19 14:05:28 | INFO | src.jobs_xlsx.trendforce.get_dx_comp_index | TrendForce sheet loaded | file=TFT LCD.xlsx | sheet=LCD Smartphone Panel | mode=multi_field | rows=6 | columns=12
2026-06-19 14:05:28 | INFO | src.jobs_xlsx.trendforce.get_dx_comp_index | TrendForce sheet transformed | file=TFT LCD.xlsx | sheet=LCD Smartphone Panel | category=TFTLCD | sub_category=Smartphone Panel | rows=36
2026-06-19 14:05:28 | INFO | src.jobs_xlsx.trendforce.get_dx_comp_index | TrendForce sheet loaded | file=TFT LCD.xlsx | sheet=Street | mode=multi_field | rows=7 | columns=24
2026-06-19 14:05:28 | INFO | src.jobs_xlsx.trendforce.get_dx_comp_index | TrendForce sheet transformed | file=TFT LCD.xlsx | sheet=Street | category=TFTLCD | sub_category=LCD | rows=97
2026-06-19 14:05:28 | INFO | src.jobs_xlsx.trendforce.get_dx_comp_index | TrendForce sheet loaded | file=TFT LCD.xlsx | sheet=Large Size Panel Shipment | mode=multi_field | rows=6 | columns=14
2026-06-19 14:05:28 | INFO | src.jobs_xlsx.trendforce.get_dx_comp_index | TrendForce sheet transformed | file=TFT LCD.xlsx | sheet=Large Size Panel Shipment | category=TFTLCD | sub_category=Shipment | rows=60
2026-06-19 14:05:28 | INFO | src.jobs_xlsx.trendforce.get_dx_comp_index | TrendForce workbook transformed | file=TFT LCD.xlsx | rows=238
2026-06-19 14:05:28 | INFO | src.jobs_xlsx.trendforce.get_dx_comp_index | TrendForce sheet loaded | file=Li-Ion Battery.xlsx | sheet=Battery Cell & Pack | mode=single_value | rows=6 | columns=11
2026-06-19 14:05:28 | INFO | src.jobs_xlsx.trendforce.get_dx_comp_index | TrendForce sheet transformed | file=Li-Ion Battery.xlsx | sheet=Battery Cell & Pack | category=Battery | sub_category=None | rows=42
2026-06-19 14:05:28 | INFO | src.jobs_xlsx.trendforce.get_dx_comp_index | TrendForce sheet loaded | file=Li-Ion Battery.xlsx | sheet=Precursor and Cathode Material | mode=single_value | rows=6 | columns=14
2026-06-19 14:05:28 | INFO | src.jobs_xlsx.trendforce.get_dx_comp_index | TrendForce sheet transformed | file=Li-Ion Battery.xlsx | sheet=Precursor and Cathode Material | category=Battery | sub_category=None | rows=60
2026-06-19 14:05:28 | INFO | src.jobs_xlsx.trendforce.get_dx_comp_index | TrendForce sheet loaded | file=Li-Ion Battery.xlsx | sheet=Anode Material | mode=single_value | rows=6 | columns=12
2026-06-19 14:05:28 | INFO | src.jobs_xlsx.trendforce.get_dx_comp_index | TrendForce sheet transformed | file=Li-Ion Battery.xlsx | sheet=Anode Material | category=Battery | sub_category=Anode Material | rows=48
2026-06-19 14:05:28 | INFO | src.jobs_xlsx.trendforce.get_dx_comp_index | TrendForce sheet loaded | file=Li-Ion Battery.xlsx | sheet=Separator | mode=single_value | rows=6 | columns=9
2026-06-19 14:05:28 | INFO | src.jobs_xlsx.trendforce.get_dx_comp_index | TrendForce sheet transformed | file=Li-Ion Battery.xlsx | sheet=Separator | category=Battery | sub_category=Separator | rows=30
2026-06-19 14:05:28 | INFO | src.jobs_xlsx.trendforce.get_dx_comp_index | TrendForce sheet loaded | file=Li-Ion Battery.xlsx | sheet=Electrolyte | mode=single_value | rows=6 | columns=8
2026-06-19 14:05:28 | INFO | src.jobs_xlsx.trendforce.get_dx_comp_index | TrendForce sheet transformed | file=Li-Ion Battery.xlsx | sheet=Electrolyte | category=Battery | sub_category=Electrolyte | rows=24
2026-06-19 14:05:28 | INFO | src.jobs_xlsx.trendforce.get_dx_comp_index | TrendForce sheet loaded | file=Li-Ion Battery.xlsx | sheet=Li & Co & Ni | mode=single_value | rows=6 | columns=12
2026-06-19 14:05:28 | INFO | src.jobs_xlsx.trendforce.get_dx_comp_index | TrendForce sheet transformed | file=Li-Ion Battery.xlsx | sheet=Li & Co & Ni | category=Battery | sub_category=LiCoNi | rows=48
2026-06-19 14:05:28 | INFO | src.jobs_xlsx.trendforce.get_dx_comp_index | TrendForce sheet loaded | file=Li-Ion Battery.xlsx | sheet=Other | mode=single_value | rows=6 | columns=6
2026-06-19 14:05:28 | INFO | src.jobs_xlsx.trendforce.get_dx_comp_index | TrendForce sheet transformed | file=Li-Ion Battery.xlsx | sheet=Other | category=Battery | sub_category=Other | rows=12
2026-06-19 14:05:28 | INFO | src.jobs_xlsx.trendforce.get_dx_comp_index | TrendForce workbook transformed | file=Li-Ion Battery.xlsx | rows=264
2026-06-19 14:05:28 | INFO | src.jobs_xlsx.trendforce.get_dx_comp_index | TrendForce industry Parquet saved | output_path=C:\Users\krm\PycharmProjects\AlternativeData\data_lake\raw\industry\components\dx_components.parquet | rows=8928
2026-06-24 14:33:10 | INFO | src.jobs_xlsx.trendforce.get_dx_comp_index | TrendForce industry data job started | input_dir=C:\Users\krm\PycharmProjects\AlternativeData\data\industry\TrendForce | metadata_path=C:\Users\krm\PycharmProjects\AlternativeData\data\metadata.xlsx
2026-06-24 14:33:10 | INFO | src.jobs_xlsx.trendforce.get_dx_comp_index | TrendForce metadata loaded | symbols=117
2026-06-24 14:33:11 | INFO | src.jobs_xlsx.trendforce.get_dx_comp_index | TrendForce sheet loaded | file=DRAM.xlsx | sheet=DRAM | mode=multi_field | rows=304 | columns=25
2026-06-24 14:33:11 | INFO | src.jobs_xlsx.trendforce.get_dx_comp_index | TrendForce sheet transformed | file=DRAM.xlsx | sheet=DRAM | category=DRAM | sub_category=DDR | rows=6342
2026-06-24 14:33:11 | INFO | src.jobs_xlsx.trendforce.get_dx_comp_index | TrendForce sheet loaded | file=DRAM.xlsx | sheet=DRAM Contract | mode=multi_field | rows=6 | columns=25
2026-06-24 14:33:11 | INFO | src.jobs_xlsx.trendforce.get_dx_comp_index | TrendForce sheet transformed | file=DRAM.xlsx | sheet=DRAM Contract | category=DRAM | sub_category=DDR | rows=111
2026-06-24 14:33:11 | INFO | src.jobs_xlsx.trendforce.get_dx_comp_index | TrendForce sheet loaded | file=DRAM.xlsx | sheet=Module | mode=multi_field | rows=32 | columns=22
2026-06-24 14:54:33 | INFO | src.jobs_xlsx.trendforce.get_dx_comp_index | TrendForce industry data job started | input_dir=C:\Users\krm\PycharmProjects\AlternativeData\data\industry\TrendForce | metadata_path=C:\Users\krm\PycharmProjects\AlternativeData\data\metadata.xlsx
2026-06-24 14:54:33 | INFO | src.jobs_xlsx.trendforce.get_dx_comp_index | TrendForce metadata loaded | symbols=122
2026-06-24 14:54:33 | INFO | src.jobs_xlsx.trendforce.get_dx_comp_index | TrendForce sheet loaded | file=DRAM.xlsx | sheet=DRAM | mode=multi_field | rows=304 | columns=25
2026-06-24 14:54:33 | INFO | src.jobs_xlsx.trendforce.get_dx_comp_index | TrendForce sheet transformed | file=DRAM.xlsx | sheet=DRAM | category=DRAM | sub_category=DDR | rows=6342
2026-06-24 14:54:33 | INFO | src.jobs_xlsx.trendforce.get_dx_comp_index | TrendForce sheet loaded | file=DRAM.xlsx | sheet=DRAM Contract | mode=multi_field | rows=6 | columns=25
2026-06-24 14:54:33 | INFO | src.jobs_xlsx.trendforce.get_dx_comp_index | TrendForce sheet transformed | file=DRAM.xlsx | sheet=DRAM Contract | category=DRAM | sub_category=DDR | rows=111
2026-06-24 14:54:33 | INFO | src.jobs_xlsx.trendforce.get_dx_comp_index | TrendForce sheet loaded | file=DRAM.xlsx | sheet=Module | mode=multi_field | rows=32 | columns=22
2026-06-24 14:54:33 | INFO | src.jobs_xlsx.trendforce.get_dx_comp_index | TrendForce sheet transformed | file=DRAM.xlsx | sheet=Module | category=DRAM | sub_category=Module | rows=288
2026-06-24 14:54:33 | INFO | src.jobs_xlsx.trendforce.get_dx_comp_index | TrendForce sheet loaded | file=DRAM.xlsx | sheet=GDDR | mode=multi_field | rows=32 | columns=10
2026-06-24 14:54:33 | INFO | src.jobs_xlsx.trendforce.get_dx_comp_index | TrendForce sheet transformed | file=DRAM.xlsx | sheet=GDDR | category=DRAM | sub_category=GDDR | rows=192
2026-06-24 14:54:33 | INFO | src.jobs_xlsx.trendforce.get_dx_comp_index | TrendForce workbook transformed | file=DRAM.xlsx | rows=6933
2026-06-24 14:54:33 | INFO | src.jobs_xlsx.trendforce.get_dx_comp_index | TrendForce sheet loaded | file=NAND Flash.xlsx | sheet=Flash | mode=multi_field | rows=32 | columns=16
2026-06-24 14:54:33 | INFO | src.jobs_xlsx.trendforce.get_dx_comp_index | TrendForce sheet transformed | file=NAND Flash.xlsx | sheet=Flash | category=Flash Memory | sub_category=NAND | rows=384
2026-06-24 14:54:33 | INFO | src.jobs_xlsx.trendforce.get_dx_comp_index | TrendForce sheet loaded | file=NAND Flash.xlsx | sheet=Flash Contract | mode=multi_field | rows=5 | columns=13
2026-06-24 14:54:33 | INFO | src.jobs_xlsx.trendforce.get_dx_comp_index | TrendForce sheet transformed | file=NAND Flash.xlsx | sheet=Flash Contract | category=Flash Memory | sub_category=NAND | rows=42
2026-06-24 14:54:33 | INFO | src.jobs_xlsx.trendforce.get_dx_comp_index | TrendForce sheet loaded | file=NAND Flash.xlsx | sheet=Wafer | mode=multi_field | rows=32 | columns=13
2026-06-24 14:54:33 | INFO | src.jobs_xlsx.trendforce.get_dx_comp_index | TrendForce sheet transformed | file=NAND Flash.xlsx | sheet=Wafer | category=Flash Memory | sub_category=Wafer | rows=288
2026-06-24 14:54:33 | INFO | src.jobs_xlsx.trendforce.get_dx_comp_index | TrendForce sheet loaded | file=NAND Flash.xlsx | sheet=Memory Card | mode=multi_field | rows=32 | columns=16
2026-06-24 14:54:33 | INFO | src.jobs_xlsx.trendforce.get_dx_comp_index | TrendForce sheet transformed | file=NAND Flash.xlsx | sheet=Memory Card | category=Flash Memory | sub_category=Micro SD | rows=384
2026-06-24 14:54:33 | INFO | src.jobs_xlsx.trendforce.get_dx_comp_index | TrendForce sheet loaded | file=NAND Flash.xlsx | sheet=PC-Client OEM SSD | mode=multi_field | rows=3 | columns=13
2026-06-24 14:54:33 | INFO | src.jobs_xlsx.trendforce.get_dx_comp_index | TrendForce sheet transformed | file=NAND Flash.xlsx | sheet=PC-Client OEM SSD | category=Flash Memory | sub_category=SSD | rows=27
2026-06-24 14:54:33 | INFO | src.jobs_xlsx.trendforce.get_dx_comp_index | TrendForce sheet loaded | file=NAND Flash.xlsx | sheet=SSD Street | mode=multi_field | rows=16 | columns=28
2026-06-24 14:54:33 | INFO | src.jobs_xlsx.trendforce.get_dx_comp_index | TrendForce sheet transformed | file=NAND Flash.xlsx | sheet=SSD Street | category=Flash Memory | sub_category=SSD | rows=237
2026-06-24 14:54:33 | INFO | src.jobs_xlsx.trendforce.get_dx_comp_index | TrendForce workbook transformed | file=NAND Flash.xlsx | rows=1362
2026-06-24 14:54:33 | INFO | src.jobs_xlsx.trendforce.get_dx_comp_index | TrendForce sheet loaded | file=PV.xlsx | sheet=Polysilicon | mode=multi_field | rows=20 | columns=16
2026-06-24 14:54:33 | INFO | src.jobs_xlsx.trendforce.get_dx_comp_index | TrendForce sheet transformed | file=PV.xlsx | sheet=Polysilicon | category=PV | sub_category=Polysilicon | rows=240
2026-06-24 14:54:33 | INFO | src.jobs_xlsx.trendforce.get_dx_comp_index | TrendForce sheet loaded | file=PV.xlsx | sheet=Wafer | mode=multi_field | rows=20 | columns=13
2026-06-24 14:54:33 | INFO | src.jobs_xlsx.trendforce.get_dx_comp_index | TrendForce sheet transformed | file=PV.xlsx | sheet=Wafer | category=PV | sub_category=Wafer | rows=180
2026-06-24 14:54:33 | INFO | src.jobs_xlsx.trendforce.get_dx_comp_index | TrendForce sheet loaded | file=PV.xlsx | sheet=Cell | mode=multi_field | rows=20 | columns=13
2026-06-24 14:54:33 | INFO | src.jobs_xlsx.trendforce.get_dx_comp_index | TrendForce sheet transformed | file=PV.xlsx | sheet=Cell | category=PV | sub_category=Cell | rows=180
2026-06-24 14:54:33 | INFO | src.jobs_xlsx.trendforce.get_dx_comp_index | TrendForce sheet loaded | file=PV.xlsx | sheet=Module | mode=multi_field | rows=20 | columns=10
2026-06-24 14:54:34 | INFO | src.jobs_xlsx.trendforce.get_dx_comp_index | TrendForce sheet transformed | file=PV.xlsx | sheet=Module | category=PV | sub_category=Module | rows=120
2026-06-24 14:54:34 | INFO | src.jobs_xlsx.trendforce.get_dx_comp_index | TrendForce sheet loaded | file=PV.xlsx | sheet=PV Glass | mode=multi_field | rows=20 | columns=13
2026-06-24 14:54:34 | INFO | src.jobs_xlsx.trendforce.get_dx_comp_index | TrendForce sheet transformed | file=PV.xlsx | sheet=PV Glass | category=PV | sub_category=PV Glass | rows=180
2026-06-24 14:54:34 | INFO | src.jobs_xlsx.trendforce.get_dx_comp_index | TrendForce workbook transformed | file=PV.xlsx | rows=900
2026-06-24 14:54:34 | INFO | src.jobs_xlsx.trendforce.get_dx_comp_index | TrendForce sheet loaded | file=TFT LCD.xlsx | sheet=Large Size Panel | mode=multi_field | rows=5 | columns=16
2026-06-24 14:54:34 | INFO | src.jobs_xlsx.trendforce.get_dx_comp_index | TrendForce sheet transformed | file=TFT LCD.xlsx | sheet=Large Size Panel | category=TFTLCD | sub_category=Large Panel | rows=45
2026-06-24 14:54:34 | INFO | src.jobs_xlsx.trendforce.get_dx_comp_index | TrendForce sheet loaded | file=TFT LCD.xlsx | sheet=LCD Smartphone Panel | mode=multi_field | rows=6 | columns=12
2026-06-24 14:54:34 | INFO | src.jobs_xlsx.trendforce.get_dx_comp_index | TrendForce sheet transformed | file=TFT LCD.xlsx | sheet=LCD Smartphone Panel | category=TFTLCD | sub_category=Smartphone Panel | rows=36
2026-06-24 14:54:34 | INFO | src.jobs_xlsx.trendforce.get_dx_comp_index | TrendForce sheet loaded | file=TFT LCD.xlsx | sheet=Street | mode=multi_field | rows=7 | columns=24
2026-06-24 14:54:34 | INFO | src.jobs_xlsx.trendforce.get_dx_comp_index | TrendForce sheet transformed | file=TFT LCD.xlsx | sheet=Street | category=TFTLCD | sub_category=LCD | rows=97
2026-06-24 14:54:34 | INFO | src.jobs_xlsx.trendforce.get_dx_comp_index | TrendForce sheet loaded | file=TFT LCD.xlsx | sheet=Large Size Panel Shipment | mode=multi_field | rows=6 | columns=14
2026-06-24 14:54:34 | INFO | src.jobs_xlsx.trendforce.get_dx_comp_index | TrendForce sheet transformed | file=TFT LCD.xlsx | sheet=Large Size Panel Shipment | category=TFTLCD | sub_category=Shipment | rows=60
2026-06-24 14:54:34 | INFO | src.jobs_xlsx.trendforce.get_dx_comp_index | TrendForce workbook transformed | file=TFT LCD.xlsx | rows=238
2026-06-24 14:54:34 | INFO | src.jobs_xlsx.trendforce.get_dx_comp_index | TrendForce sheet loaded | file=Li-Ion Battery.xlsx | sheet=Battery Cell & Pack | mode=single_value | rows=6 | columns=11
2026-06-24 14:54:34 | INFO | src.jobs_xlsx.trendforce.get_dx_comp_index | TrendForce sheet transformed | file=Li-Ion Battery.xlsx | sheet=Battery Cell & Pack | category=Battery | sub_category=None | rows=42
2026-06-24 14:54:34 | INFO | src.jobs_xlsx.trendforce.get_dx_comp_index | TrendForce sheet loaded | file=Li-Ion Battery.xlsx | sheet=Precursor and Cathode Material | mode=single_value | rows=6 | columns=14
2026-06-24 14:54:34 | INFO | src.jobs_xlsx.trendforce.get_dx_comp_index | TrendForce sheet transformed | file=Li-Ion Battery.xlsx | sheet=Precursor and Cathode Material | category=Battery | sub_category=None | rows=60
2026-06-24 14:54:34 | INFO | src.jobs_xlsx.trendforce.get_dx_comp_index | TrendForce sheet loaded | file=Li-Ion Battery.xlsx | sheet=Anode Material | mode=single_value | rows=6 | columns=12
2026-06-24 14:54:34 | INFO | src.jobs_xlsx.trendforce.get_dx_comp_index | TrendForce sheet transformed | file=Li-Ion Battery.xlsx | sheet=Anode Material | category=Battery | sub_category=Anode Material | rows=48
2026-06-24 14:54:34 | INFO | src.jobs_xlsx.trendforce.get_dx_comp_index | TrendForce sheet loaded | file=Li-Ion Battery.xlsx | sheet=Separator | mode=single_value | rows=6 | columns=9
2026-06-24 14:54:34 | INFO | src.jobs_xlsx.trendforce.get_dx_comp_index | TrendForce sheet transformed | file=Li-Ion Battery.xlsx | sheet=Separator | category=Battery | sub_category=Separator | rows=30
2026-06-24 14:54:34 | INFO | src.jobs_xlsx.trendforce.get_dx_comp_index | TrendForce sheet loaded | file=Li-Ion Battery.xlsx | sheet=Electrolyte | mode=single_value | rows=6 | columns=8
2026-06-24 14:54:34 | INFO | src.jobs_xlsx.trendforce.get_dx_comp_index | TrendForce sheet transformed | file=Li-Ion Battery.xlsx | sheet=Electrolyte | category=Battery | sub_category=Electrolyte | rows=24
2026-06-24 14:54:34 | INFO | src.jobs_xlsx.trendforce.get_dx_comp_index | TrendForce sheet loaded | file=Li-Ion Battery.xlsx | sheet=Li & Co & Ni | mode=single_value | rows=6 | columns=12
2026-06-24 14:54:34 | INFO | src.jobs_xlsx.trendforce.get_dx_comp_index | TrendForce sheet transformed | file=Li-Ion Battery.xlsx | sheet=Li & Co & Ni | category=Battery | sub_category=LiCoNi | rows=48
2026-06-24 14:54:34 | INFO | src.jobs_xlsx.trendforce.get_dx_comp_index | TrendForce sheet loaded | file=Li-Ion Battery.xlsx | sheet=Other | mode=single_value | rows=6 | columns=6
2026-06-24 14:54:34 | INFO | src.jobs_xlsx.trendforce.get_dx_comp_index | TrendForce sheet transformed | file=Li-Ion Battery.xlsx | sheet=Other | category=Battery | sub_category=Other | rows=12
2026-06-24 14:54:34 | INFO | src.jobs_xlsx.trendforce.get_dx_comp_index | TrendForce workbook transformed | file=Li-Ion Battery.xlsx | rows=264
2026-06-24 14:54:34 | INFO | src.jobs_xlsx.trendforce.get_dx_comp_index | TrendForce industry Parquet saved | output_path=C:\Users\krm\PycharmProjects\AlternativeData\data_lake\raw\industry\components\dx_components.parquet | rows=9697
2026-06-27 11:21:04 | INFO | src.jobs_xlsx.trendforce.get_dx_comp_index | TrendForce industry data job started | input_dir=C:\Users\Geust\PycharmProjects\AlternativeData\data\industry\TrendForce | metadata_path=C:\Users\Geust\PycharmProjects\AlternativeData\data\metadata.xlsx
2026-06-27 11:21:04 | INFO | src.jobs_xlsx.trendforce.get_dx_comp_index | TrendForce metadata loaded | symbols=122
2026-06-27 11:21:04 | INFO | src.jobs_xlsx.trendforce.get_dx_comp_index | TrendForce sheet loaded | file=DRAM.xlsx | sheet=DRAM | mode=multi_field | rows=310 | columns=25
2026-06-27 11:21:05 | INFO | src.jobs_xlsx.trendforce.get_dx_comp_index | TrendForce sheet transformed | file=DRAM.xlsx | sheet=DRAM | category=DRAM | sub_category=DDR | rows=6510
2026-06-27 11:21:05 | INFO | src.jobs_xlsx.trendforce.get_dx_comp_index | TrendForce sheet loaded | file=DRAM.xlsx | sheet=DRAM Contract | mode=multi_field | rows=6 | columns=25
2026-06-27 11:21:05 | INFO | src.jobs_xlsx.trendforce.get_dx_comp_index | TrendForce sheet transformed | file=DRAM.xlsx | sheet=DRAM Contract | category=DRAM | sub_category=DDR | rows=111
2026-06-27 11:21:05 | INFO | src.jobs_xlsx.trendforce.get_dx_comp_index | TrendForce sheet loaded | file=DRAM.xlsx | sheet=Module | mode=multi_field | rows=32 | columns=22
2026-06-27 11:21:05 | INFO | src.jobs_xlsx.trendforce.get_dx_comp_index | TrendForce sheet transformed | file=DRAM.xlsx | sheet=Module | category=DRAM | sub_category=Module | rows=288
2026-06-27 11:21:05 | INFO | src.jobs_xlsx.trendforce.get_dx_comp_index | TrendForce sheet loaded | file=DRAM.xlsx | sheet=GDDR | mode=multi_field | rows=32 | columns=10
2026-06-27 11:21:05 | INFO | src.jobs_xlsx.trendforce.get_dx_comp_index | TrendForce sheet transformed | file=DRAM.xlsx | sheet=GDDR | category=DRAM | sub_category=GDDR | rows=192
2026-06-27 11:21:05 | INFO | src.jobs_xlsx.trendforce.get_dx_comp_index | TrendForce workbook transformed | file=DRAM.xlsx | rows=7101
2026-06-27 11:21:05 | INFO | src.jobs_xlsx.trendforce.get_dx_comp_index | TrendForce sheet loaded | file=NAND Flash.xlsx | sheet=Flash | mode=multi_field | rows=32 | columns=16
2026-06-27 11:21:05 | INFO | src.jobs_xlsx.trendforce.get_dx_comp_index | TrendForce sheet transformed | file=NAND Flash.xlsx | sheet=Flash | category=Flash Memory | sub_category=NAND | rows=384
2026-06-27 11:21:05 | INFO | src.jobs_xlsx.trendforce.get_dx_comp_index | TrendForce sheet loaded | file=NAND Flash.xlsx | sheet=Flash Contract | mode=multi_field | rows=5 | columns=13
2026-06-27 11:21:05 | INFO | src.jobs_xlsx.trendforce.get_dx_comp_index | TrendForce sheet transformed | file=NAND Flash.xlsx | sheet=Flash Contract | category=Flash Memory | sub_category=NAND | rows=42
2026-06-27 11:21:05 | INFO | src.jobs_xlsx.trendforce.get_dx_comp_index | TrendForce sheet loaded | file=NAND Flash.xlsx | sheet=Wafer | mode=multi_field | rows=32 | columns=13
2026-06-27 11:21:05 | INFO | src.jobs_xlsx.trendforce.get_dx_comp_index | TrendForce sheet transformed | file=NAND Flash.xlsx | sheet=Wafer | category=Flash Memory | sub_category=Wafer | rows=288
2026-06-27 11:21:05 | INFO | src.jobs_xlsx.trendforce.get_dx_comp_index | TrendForce sheet loaded | file=NAND Flash.xlsx | sheet=Memory Card | mode=multi_field | rows=32 | columns=16
2026-06-27 11:21:05 | INFO | src.jobs_xlsx.trendforce.get_dx_comp_index | TrendForce sheet transformed | file=NAND Flash.xlsx | sheet=Memory Card | category=Flash Memory | sub_category=Micro SD | rows=384
2026-06-27 11:21:05 | INFO | src.jobs_xlsx.trendforce.get_dx_comp_index | TrendForce sheet loaded | file=NAND Flash.xlsx | sheet=PC-Client OEM SSD | mode=multi_field | rows=3 | columns=13
2026-06-27 11:21:05 | INFO | src.jobs_xlsx.trendforce.get_dx_comp_index | TrendForce sheet transformed | file=NAND Flash.xlsx | sheet=PC-Client OEM SSD | category=Flash Memory | sub_category=SSD | rows=27
2026-06-27 11:21:05 | INFO | src.jobs_xlsx.trendforce.get_dx_comp_index | TrendForce sheet loaded | file=NAND Flash.xlsx | sheet=SSD Street | mode=multi_field | rows=16 | columns=28
2026-06-27 11:21:05 | INFO | src.jobs_xlsx.trendforce.get_dx_comp_index | TrendForce sheet transformed | file=NAND Flash.xlsx | sheet=SSD Street | category=Flash Memory | sub_category=SSD | rows=237
2026-06-27 11:21:05 | INFO | src.jobs_xlsx.trendforce.get_dx_comp_index | TrendForce workbook transformed | file=NAND Flash.xlsx | rows=1362
2026-06-27 11:21:05 | INFO | src.jobs_xlsx.trendforce.get_dx_comp_index | TrendForce sheet loaded | file=PV.xlsx | sheet=Polysilicon | mode=multi_field | rows=21 | columns=16
2026-06-27 11:21:05 | INFO | src.jobs_xlsx.trendforce.get_dx_comp_index | TrendForce sheet transformed | file=PV.xlsx | sheet=Polysilicon | category=PV | sub_category=Polysilicon | rows=252
2026-06-27 11:21:05 | INFO | src.jobs_xlsx.trendforce.get_dx_comp_index | TrendForce sheet loaded | file=PV.xlsx | sheet=Wafer | mode=multi_field | rows=21 | columns=13
2026-06-27 11:21:05 | INFO | src.jobs_xlsx.trendforce.get_dx_comp_index | TrendForce sheet transformed | file=PV.xlsx | sheet=Wafer | category=PV | sub_category=Wafer | rows=189
2026-06-27 11:21:05 | INFO | src.jobs_xlsx.trendforce.get_dx_comp_index | TrendForce sheet loaded | file=PV.xlsx | sheet=Cell | mode=multi_field | rows=21 | columns=13
2026-06-27 11:21:06 | INFO | src.jobs_xlsx.trendforce.get_dx_comp_index | TrendForce sheet transformed | file=PV.xlsx | sheet=Cell | category=PV | sub_category=Cell | rows=189
2026-06-27 11:21:06 | INFO | src.jobs_xlsx.trendforce.get_dx_comp_index | TrendForce sheet loaded | file=PV.xlsx | sheet=Module | mode=multi_field | rows=21 | columns=10
2026-06-27 11:21:06 | INFO | src.jobs_xlsx.trendforce.get_dx_comp_index | TrendForce sheet transformed | file=PV.xlsx | sheet=Module | category=PV | sub_category=Module | rows=126
2026-06-27 11:21:06 | INFO | src.jobs_xlsx.trendforce.get_dx_comp_index | TrendForce sheet loaded | file=PV.xlsx | sheet=PV Glass | mode=multi_field | rows=21 | columns=13
2026-06-27 11:21:06 | INFO | src.jobs_xlsx.trendforce.get_dx_comp_index | TrendForce sheet transformed | file=PV.xlsx | sheet=PV Glass | category=PV | sub_category=PV Glass | rows=189
2026-06-27 11:21:06 | INFO | src.jobs_xlsx.trendforce.get_dx_comp_index | TrendForce workbook transformed | file=PV.xlsx | rows=945
2026-06-27 11:21:06 | INFO | src.jobs_xlsx.trendforce.get_dx_comp_index | TrendForce sheet loaded | file=TFT LCD.xlsx | sheet=Large Size Panel | mode=multi_field | rows=6 | columns=16
2026-06-27 11:21:06 | INFO | src.jobs_xlsx.trendforce.get_dx_comp_index | TrendForce sheet transformed | file=TFT LCD.xlsx | sheet=Large Size Panel | category=TFTLCD | sub_category=Large Panel | rows=54
2026-06-27 11:21:06 | INFO | src.jobs_xlsx.trendforce.get_dx_comp_index | TrendForce sheet loaded | file=TFT LCD.xlsx | sheet=LCD Smartphone Panel | mode=multi_field | rows=6 | columns=12
2026-06-27 11:21:06 | INFO | src.jobs_xlsx.trendforce.get_dx_comp_index | TrendForce sheet transformed | file=TFT LCD.xlsx | sheet=LCD Smartphone Panel | category=TFTLCD | sub_category=Smartphone Panel | rows=36
2026-06-27 11:21:06 | INFO | src.jobs_xlsx.trendforce.get_dx_comp_index | TrendForce sheet loaded | file=TFT LCD.xlsx | sheet=Street | mode=multi_field | rows=7 | columns=24
2026-06-27 11:21:06 | INFO | src.jobs_xlsx.trendforce.get_dx_comp_index | TrendForce sheet transformed | file=TFT LCD.xlsx | sheet=Street | category=TFTLCD | sub_category=LCD | rows=97
2026-06-27 11:21:06 | INFO | src.jobs_xlsx.trendforce.get_dx_comp_index | TrendForce sheet loaded | file=TFT LCD.xlsx | sheet=Large Size Panel Shipment | mode=multi_field | rows=7 | columns=14
2026-06-27 11:21:06 | INFO | src.jobs_xlsx.trendforce.get_dx_comp_index | TrendForce sheet transformed | file=TFT LCD.xlsx | sheet=Large Size Panel Shipment | category=TFTLCD | sub_category=Shipment | rows=70
2026-06-27 11:21:06 | INFO | src.jobs_xlsx.trendforce.get_dx_comp_index | TrendForce workbook transformed | file=TFT LCD.xlsx | rows=257
2026-06-27 11:21:06 | INFO | src.jobs_xlsx.trendforce.get_dx_comp_index | TrendForce sheet loaded | file=Li-Ion Battery.xlsx | sheet=Battery Cell & Pack | mode=single_value | rows=6 | columns=11
2026-06-27 11:21:06 | INFO | src.jobs_xlsx.trendforce.get_dx_comp_index | TrendForce sheet transformed | file=Li-Ion Battery.xlsx | sheet=Battery Cell & Pack | category=Battery | sub_category=None | rows=42
2026-06-27 11:21:06 | INFO | src.jobs_xlsx.trendforce.get_dx_comp_index | TrendForce sheet loaded | file=Li-Ion Battery.xlsx | sheet=Precursor and Cathode Material | mode=single_value | rows=6 | columns=14
2026-06-27 11:21:06 | INFO | src.jobs_xlsx.trendforce.get_dx_comp_index | TrendForce sheet transformed | file=Li-Ion Battery.xlsx | sheet=Precursor and Cathode Material | category=Battery | sub_category=None | rows=60
2026-06-27 11:21:06 | INFO | src.jobs_xlsx.trendforce.get_dx_comp_index | TrendForce sheet loaded | file=Li-Ion Battery.xlsx | sheet=Anode Material | mode=single_value | rows=6 | columns=12
2026-06-27 11:21:06 | INFO | src.jobs_xlsx.trendforce.get_dx_comp_index | TrendForce sheet transformed | file=Li-Ion Battery.xlsx | sheet=Anode Material | category=Battery | sub_category=Anode Material | rows=48
2026-06-27 11:21:06 | INFO | src.jobs_xlsx.trendforce.get_dx_comp_index | TrendForce sheet loaded | file=Li-Ion Battery.xlsx | sheet=Separator | mode=single_value | rows=6 | columns=9
2026-06-27 11:21:06 | INFO | src.jobs_xlsx.trendforce.get_dx_comp_index | TrendForce sheet transformed | file=Li-Ion Battery.xlsx | sheet=Separator | category=Battery | sub_category=Separator | rows=30
2026-06-27 11:21:06 | INFO | src.jobs_xlsx.trendforce.get_dx_comp_index | TrendForce sheet loaded | file=Li-Ion Battery.xlsx | sheet=Electrolyte | mode=single_value | rows=6 | columns=8
2026-06-27 11:21:06 | INFO | src.jobs_xlsx.trendforce.get_dx_comp_index | TrendForce sheet transformed | file=Li-Ion Battery.xlsx | sheet=Electrolyte | category=Battery | sub_category=Electrolyte | rows=24
2026-06-27 11:21:06 | INFO | src.jobs_xlsx.trendforce.get_dx_comp_index | TrendForce sheet loaded | file=Li-Ion Battery.xlsx | sheet=Li & Co & Ni | mode=single_value | rows=6 | columns=12
2026-06-27 11:21:06 | INFO | src.jobs_xlsx.trendforce.get_dx_comp_index | TrendForce sheet transformed | file=Li-Ion Battery.xlsx | sheet=Li & Co & Ni | category=Battery | sub_category=LiCoNi | rows=48
2026-06-27 11:21:06 | INFO | src.jobs_xlsx.trendforce.get_dx_comp_index | TrendForce sheet loaded | file=Li-Ion Battery.xlsx | sheet=Other | mode=single_value | rows=6 | columns=6
2026-06-27 11:21:06 | INFO | src.jobs_xlsx.trendforce.get_dx_comp_index | TrendForce sheet transformed | file=Li-Ion Battery.xlsx | sheet=Other | category=Battery | sub_category=Other | rows=12
2026-06-27 11:21:06 | INFO | src.jobs_xlsx.trendforce.get_dx_comp_index | TrendForce workbook transformed | file=Li-Ion Battery.xlsx | rows=264
2026-06-27 11:21:06 | INFO | src.jobs_xlsx.trendforce.get_dx_comp_index | TrendForce industry Parquet saved | output_path=C:\Users\Geust\PycharmProjects\AlternativeData\data_lake\raw\industry\components\dx_components.parquet | rows=9929
2026-06-27 15:21:42 | INFO | src.jobs_xlsx.trendforce.get_dx_comp_index | TrendForce industry data job started | input_dir=/Users/tommy/Desktop/Pycharm/FinancialData/data/industry/TrendForce | metadata_path=/Users/tommy/Desktop/Pycharm/FinancialData/data/metadata.xlsx
2026-06-27 15:21:42 | INFO | src.jobs_xlsx.trendforce.get_dx_comp_index | TrendForce metadata loaded | symbols=122
2026-06-27 15:21:42 | INFO | src.jobs_xlsx.trendforce.get_dx_comp_index | TrendForce sheet loaded | file=DRAM.xlsx | sheet=DRAM | mode=multi_field | rows=310 | columns=25
2026-06-27 15:21:42 | INFO | src.jobs_xlsx.trendforce.get_dx_comp_index | TrendForce sheet transformed | file=DRAM.xlsx | sheet=DRAM | category=DRAM | sub_category=DDR | rows=6510
2026-06-27 15:21:42 | INFO | src.jobs_xlsx.trendforce.get_dx_comp_index | TrendForce sheet loaded | file=DRAM.xlsx | sheet=DRAM Contract | mode=multi_field | rows=6 | columns=25
2026-06-27 15:21:42 | INFO | src.jobs_xlsx.trendforce.get_dx_comp_index | TrendForce sheet transformed | file=DRAM.xlsx | sheet=DRAM Contract | category=DRAM | sub_category=DDR | rows=111
2026-06-27 15:21:42 | INFO | src.jobs_xlsx.trendforce.get_dx_comp_index | TrendForce sheet loaded | file=DRAM.xlsx | sheet=Module | mode=multi_field | rows=32 | columns=22
2026-06-27 15:21:42 | INFO | src.jobs_xlsx.trendforce.get_dx_comp_index | TrendForce sheet transformed | file=DRAM.xlsx | sheet=Module | category=DRAM | sub_category=Module | rows=288
2026-06-27 15:21:42 | INFO | src.jobs_xlsx.trendforce.get_dx_comp_index | TrendForce sheet loaded | file=DRAM.xlsx | sheet=GDDR | mode=multi_field | rows=32 | columns=10
2026-06-27 15:21:42 | INFO | src.jobs_xlsx.trendforce.get_dx_comp_index | TrendForce sheet transformed | file=DRAM.xlsx | sheet=GDDR | category=DRAM | sub_category=GDDR | rows=192
2026-06-27 15:21:42 | INFO | src.jobs_xlsx.trendforce.get_dx_comp_index | TrendForce workbook transformed | file=DRAM.xlsx | rows=7101
2026-06-27 15:21:44 | INFO | src.jobs_xlsx.trendforce.get_dx_comp_index | TrendForce sheet loaded | file=NAND Flash.xlsx | sheet=Flash | mode=multi_field | rows=32 | columns=16
2026-06-27 15:21:44 | INFO | src.jobs_xlsx.trendforce.get_dx_comp_index | TrendForce sheet transformed | file=NAND Flash.xlsx | sheet=Flash | category=Flash Memory | sub_category=NAND | rows=384
2026-06-27 15:21:44 | INFO | src.jobs_xlsx.trendforce.get_dx_comp_index | TrendForce sheet loaded | file=NAND Flash.xlsx | sheet=Flash Contract | mode=multi_field | rows=5 | columns=13
2026-06-27 15:21:44 | INFO | src.jobs_xlsx.trendforce.get_dx_comp_index | TrendForce sheet transformed | file=NAND Flash.xlsx | sheet=Flash Contract | category=Flash Memory | sub_category=NAND | rows=42
2026-06-27 15:21:44 | INFO | src.jobs_xlsx.trendforce.get_dx_comp_index | TrendForce sheet loaded | file=NAND Flash.xlsx | sheet=Wafer | mode=multi_field | rows=32 | columns=13
2026-06-27 15:21:44 | INFO | src.jobs_xlsx.trendforce.get_dx_comp_index | TrendForce sheet transformed | file=NAND Flash.xlsx | sheet=Wafer | category=Flash Memory | sub_category=Wafer | rows=288
2026-06-27 15:21:44 | INFO | src.jobs_xlsx.trendforce.get_dx_comp_index | TrendForce sheet loaded | file=NAND Flash.xlsx | sheet=Memory Card | mode=multi_field | rows=32 | columns=16
2026-06-27 15:21:44 | INFO | src.jobs_xlsx.trendforce.get_dx_comp_index | TrendForce sheet transformed | file=NAND Flash.xlsx | sheet=Memory Card | category=Flash Memory | sub_category=Micro SD | rows=384
2026-06-27 15:21:44 | INFO | src.jobs_xlsx.trendforce.get_dx_comp_index | TrendForce sheet loaded | file=NAND Flash.xlsx | sheet=PC-Client OEM SSD | mode=multi_field | rows=3 | columns=13
2026-06-27 15:21:44 | INFO | src.jobs_xlsx.trendforce.get_dx_comp_index | TrendForce sheet transformed | file=NAND Flash.xlsx | sheet=PC-Client OEM SSD | category=Flash Memory | sub_category=SSD | rows=27
2026-06-27 15:21:44 | INFO | src.jobs_xlsx.trendforce.get_dx_comp_index | TrendForce sheet loaded | file=NAND Flash.xlsx | sheet=SSD Street | mode=multi_field | rows=16 | columns=28
2026-06-27 15:21:44 | INFO | src.jobs_xlsx.trendforce.get_dx_comp_index | TrendForce sheet transformed | file=NAND Flash.xlsx | sheet=SSD Street | category=Flash Memory | sub_category=SSD | rows=237
2026-06-27 15:21:44 | INFO | src.jobs_xlsx.trendforce.get_dx_comp_index | TrendForce workbook transformed | file=NAND Flash.xlsx | rows=1362
2026-06-27 15:21:44 | INFO | src.jobs_xlsx.trendforce.get_dx_comp_index | TrendForce sheet loaded | file=PV.xlsx | sheet=Polysilicon | mode=multi_field | rows=21 | columns=16
2026-06-27 15:21:44 | INFO | src.jobs_xlsx.trendforce.get_dx_comp_index | TrendForce sheet transformed | file=PV.xlsx | sheet=Polysilicon | category=PV | sub_category=Polysilicon | rows=252
2026-06-27 15:21:44 | INFO | src.jobs_xlsx.trendforce.get_dx_comp_index | TrendForce sheet loaded | file=PV.xlsx | sheet=Wafer | mode=multi_field | rows=21 | columns=13
2026-06-27 15:21:44 | INFO | src.jobs_xlsx.trendforce.get_dx_comp_index | TrendForce sheet transformed | file=PV.xlsx | sheet=Wafer | category=PV | sub_category=Wafer | rows=189
2026-06-27 15:21:44 | INFO | src.jobs_xlsx.trendforce.get_dx_comp_index | TrendForce sheet loaded | file=PV.xlsx | sheet=Cell | mode=multi_field | rows=21 | columns=13
2026-06-27 15:21:44 | INFO | src.jobs_xlsx.trendforce.get_dx_comp_index | TrendForce sheet transformed | file=PV.xlsx | sheet=Cell | category=PV | sub_category=Cell | rows=189
2026-06-27 15:21:44 | INFO | src.jobs_xlsx.trendforce.get_dx_comp_index | TrendForce sheet loaded | file=PV.xlsx | sheet=Module | mode=multi_field | rows=21 | columns=10
2026-06-27 15:21:44 | INFO | src.jobs_xlsx.trendforce.get_dx_comp_index | TrendForce sheet transformed | file=PV.xlsx | sheet=Module | category=PV | sub_category=Module | rows=126
2026-06-27 15:21:44 | INFO | src.jobs_xlsx.trendforce.get_dx_comp_index | TrendForce sheet loaded | file=PV.xlsx | sheet=PV Glass | mode=multi_field | rows=21 | columns=13
2026-06-27 15:21:44 | INFO | src.jobs_xlsx.trendforce.get_dx_comp_index | TrendForce sheet transformed | file=PV.xlsx | sheet=PV Glass | category=PV | sub_category=PV Glass | rows=189
2026-06-27 15:21:44 | INFO | src.jobs_xlsx.trendforce.get_dx_comp_index | TrendForce workbook transformed | file=PV.xlsx | rows=945
2026-06-27 15:21:44 | INFO | src.jobs_xlsx.trendforce.get_dx_comp_index | TrendForce sheet loaded | file=TFT LCD.xlsx | sheet=Large Size Panel | mode=multi_field | rows=6 | columns=16
2026-06-27 15:21:44 | INFO | src.jobs_xlsx.trendforce.get_dx_comp_index | TrendForce sheet transformed | file=TFT LCD.xlsx | sheet=Large Size Panel | category=TFTLCD | sub_category=Large Panel | rows=54
2026-06-27 15:21:44 | INFO | src.jobs_xlsx.trendforce.get_dx_comp_index | TrendForce sheet loaded | file=TFT LCD.xlsx | sheet=LCD Smartphone Panel | mode=multi_field | rows=6 | columns=12
2026-06-27 15:21:44 | INFO | src.jobs_xlsx.trendforce.get_dx_comp_index | TrendForce sheet transformed | file=TFT LCD.xlsx | sheet=LCD Smartphone Panel | category=TFTLCD | sub_category=Smartphone Panel | rows=36
2026-06-27 15:21:44 | INFO | src.jobs_xlsx.trendforce.get_dx_comp_index | TrendForce sheet loaded | file=TFT LCD.xlsx | sheet=Street | mode=multi_field | rows=7 | columns=24
2026-06-27 15:21:44 | INFO | src.jobs_xlsx.trendforce.get_dx_comp_index | TrendForce sheet transformed | file=TFT LCD.xlsx | sheet=Street | category=TFTLCD | sub_category=LCD | rows=97
2026-06-27 15:21:44 | INFO | src.jobs_xlsx.trendforce.get_dx_comp_index | TrendForce sheet loaded | file=TFT LCD.xlsx | sheet=Large Size Panel Shipment | mode=multi_field | rows=7 | columns=14
2026-06-27 15:21:44 | INFO | src.jobs_xlsx.trendforce.get_dx_comp_index | TrendForce sheet transformed | file=TFT LCD.xlsx | sheet=Large Size Panel Shipment | category=TFTLCD | sub_category=Shipment | rows=70
2026-06-27 15:21:44 | INFO | src.jobs_xlsx.trendforce.get_dx_comp_index | TrendForce workbook transformed | file=TFT LCD.xlsx | rows=257
2026-06-27 15:21:44 | INFO | src.jobs_xlsx.trendforce.get_dx_comp_index | TrendForce sheet loaded | file=Li-Ion Battery.xlsx | sheet=Battery Cell & Pack | mode=single_value | rows=6 | columns=11
2026-06-27 15:21:44 | INFO | src.jobs_xlsx.trendforce.get_dx_comp_index | TrendForce sheet transformed | file=Li-Ion Battery.xlsx | sheet=Battery Cell & Pack | category=Battery | sub_category=None | rows=42
2026-06-27 15:21:44 | INFO | src.jobs_xlsx.trendforce.get_dx_comp_index | TrendForce sheet loaded | file=Li-Ion Battery.xlsx | sheet=Precursor and Cathode Material | mode=single_value | rows=6 | columns=14
2026-06-27 15:21:44 | INFO | src.jobs_xlsx.trendforce.get_dx_comp_index | TrendForce sheet transformed | file=Li-Ion Battery.xlsx | sheet=Precursor and Cathode Material | category=Battery | sub_category=None | rows=60
2026-06-27 15:21:44 | INFO | src.jobs_xlsx.trendforce.get_dx_comp_index | TrendForce sheet loaded | file=Li-Ion Battery.xlsx | sheet=Anode Material | mode=single_value | rows=6 | columns=12
2026-06-27 15:21:44 | INFO | src.jobs_xlsx.trendforce.get_dx_comp_index | TrendForce sheet transformed | file=Li-Ion Battery.xlsx | sheet=Anode Material | category=Battery | sub_category=Anode Material | rows=48
2026-06-27 15:21:44 | INFO | src.jobs_xlsx.trendforce.get_dx_comp_index | TrendForce sheet loaded | file=Li-Ion Battery.xlsx | sheet=Separator | mode=single_value | rows=6 | columns=9
2026-06-27 15:21:44 | INFO | src.jobs_xlsx.trendforce.get_dx_comp_index | TrendForce sheet transformed | file=Li-Ion Battery.xlsx | sheet=Separator | category=Battery | sub_category=Separator | rows=30
2026-06-27 15:21:44 | INFO | src.jobs_xlsx.trendforce.get_dx_comp_index | TrendForce sheet loaded | file=Li-Ion Battery.xlsx | sheet=Electrolyte | mode=single_value | rows=6 | columns=8
2026-06-27 15:21:44 | INFO | src.jobs_xlsx.trendforce.get_dx_comp_index | TrendForce sheet transformed | file=Li-Ion Battery.xlsx | sheet=Electrolyte | category=Battery | sub_category=Electrolyte | rows=24
2026-06-27 15:21:44 | INFO | src.jobs_xlsx.trendforce.get_dx_comp_index | TrendForce sheet loaded | file=Li-Ion Battery.xlsx | sheet=Li & Co & Ni | mode=single_value | rows=6 | columns=12
2026-06-27 15:21:44 | INFO | src.jobs_xlsx.trendforce.get_dx_comp_index | TrendForce sheet transformed | file=Li-Ion Battery.xlsx | sheet=Li & Co & Ni | category=Battery | sub_category=LiCoNi | rows=48
2026-06-27 15:21:44 | INFO | src.jobs_xlsx.trendforce.get_dx_comp_index | TrendForce sheet loaded | file=Li-Ion Battery.xlsx | sheet=Other | mode=single_value | rows=6 | columns=6
2026-06-27 15:21:44 | INFO | src.jobs_xlsx.trendforce.get_dx_comp_index | TrendForce sheet transformed | file=Li-Ion Battery.xlsx | sheet=Other | category=Battery | sub_category=Other | rows=12
2026-06-27 15:21:44 | INFO | src.jobs_xlsx.trendforce.get_dx_comp_index | TrendForce workbook transformed | file=Li-Ion Battery.xlsx | rows=264
2026-06-27 15:21:44 | INFO | src.jobs_xlsx.trendforce.get_dx_comp_index | TrendForce industry Parquet saved | output_path=/Users/tommy/Desktop/Pycharm/FinancialData/data_lake/raw/industry/components/dx_components.parquet | rows=9929
2026-06-27 21:18:00 | INFO | src.jobs_xlsx.trendforce.get_dx_comp_index | TrendForce industry data job started | input_dir=/Users/tommy/Desktop/Pycharm/FinancialData/data/industry/TrendForce | metadata_path=/Users/tommy/Desktop/Pycharm/FinancialData/data/metadata.xlsx
2026-06-27 21:18:00 | INFO | src.jobs_xlsx.trendforce.get_dx_comp_index | TrendForce metadata loaded | symbols=122
2026-06-27 21:18:00 | INFO | src.jobs_xlsx.trendforce.get_dx_comp_index | TrendForce sheet loaded | file=DRAM.xlsx | sheet=DRAM | mode=multi_field | rows=310 | columns=25
2026-06-27 21:18:00 | INFO | src.jobs_xlsx.trendforce.get_dx_comp_index | TrendForce sheet transformed | file=DRAM.xlsx | sheet=DRAM | category=DRAM | sub_category=DDR | rows=6510
2026-06-27 21:18:00 | INFO | src.jobs_xlsx.trendforce.get_dx_comp_index | TrendForce sheet loaded | file=DRAM.xlsx | sheet=DRAM Contract | mode=multi_field | rows=6 | columns=25
2026-06-27 21:18:00 | INFO | src.jobs_xlsx.trendforce.get_dx_comp_index | TrendForce sheet transformed | file=DRAM.xlsx | sheet=DRAM Contract | category=DRAM | sub_category=DDR | rows=111
2026-06-27 21:18:00 | INFO | src.jobs_xlsx.trendforce.get_dx_comp_index | TrendForce sheet loaded | file=DRAM.xlsx | sheet=Module | mode=multi_field | rows=32 | columns=22
2026-06-27 21:18:00 | INFO | src.jobs_xlsx.trendforce.get_dx_comp_index | TrendForce sheet transformed | file=DRAM.xlsx | sheet=Module | category=DRAM | sub_category=Module | rows=288
2026-06-27 21:18:00 | INFO | src.jobs_xlsx.trendforce.get_dx_comp_index | TrendForce sheet loaded | file=DRAM.xlsx | sheet=GDDR | mode=multi_field | rows=32 | columns=10
2026-06-27 21:18:00 | INFO | src.jobs_xlsx.trendforce.get_dx_comp_index | TrendForce sheet transformed | file=DRAM.xlsx | sheet=GDDR | category=DRAM | sub_category=GDDR | rows=192
2026-06-27 21:18:00 | INFO | src.jobs_xlsx.trendforce.get_dx_comp_index | TrendForce workbook transformed | file=DRAM.xlsx | rows=7101
2026-06-27 21:18:00 | INFO | src.jobs_xlsx.trendforce.get_dx_comp_index | TrendForce sheet loaded | file=NAND Flash.xlsx | sheet=Flash | mode=multi_field | rows=32 | columns=16
2026-06-27 21:18:00 | INFO | src.jobs_xlsx.trendforce.get_dx_comp_index | TrendForce sheet transformed | file=NAND Flash.xlsx | sheet=Flash | category=Flash Memory | sub_category=NAND | rows=384
2026-06-27 21:18:00 | INFO | src.jobs_xlsx.trendforce.get_dx_comp_index | TrendForce sheet loaded | file=NAND Flash.xlsx | sheet=Flash Contract | mode=multi_field | rows=5 | columns=13
2026-06-27 21:18:00 | INFO | src.jobs_xlsx.trendforce.get_dx_comp_index | TrendForce sheet transformed | file=NAND Flash.xlsx | sheet=Flash Contract | category=Flash Memory | sub_category=NAND | rows=42
2026-06-27 21:18:00 | INFO | src.jobs_xlsx.trendforce.get_dx_comp_index | TrendForce sheet loaded | file=NAND Flash.xlsx | sheet=Wafer | mode=multi_field | rows=32 | columns=13
2026-06-27 21:18:00 | INFO | src.jobs_xlsx.trendforce.get_dx_comp_index | TrendForce sheet transformed | file=NAND Flash.xlsx | sheet=Wafer | category=Flash Memory | sub_category=Wafer | rows=288
2026-06-27 21:18:00 | INFO | src.jobs_xlsx.trendforce.get_dx_comp_index | TrendForce sheet loaded | file=NAND Flash.xlsx | sheet=Memory Card | mode=multi_field | rows=32 | columns=16
2026-06-27 21:18:00 | INFO | src.jobs_xlsx.trendforce.get_dx_comp_index | TrendForce sheet transformed | file=NAND Flash.xlsx | sheet=Memory Card | category=Flash Memory | sub_category=Micro SD | rows=384
2026-06-27 21:18:00 | INFO | src.jobs_xlsx.trendforce.get_dx_comp_index | TrendForce sheet loaded | file=NAND Flash.xlsx | sheet=PC-Client OEM SSD | mode=multi_field | rows=3 | columns=13
2026-06-27 21:18:00 | INFO | src.jobs_xlsx.trendforce.get_dx_comp_index | TrendForce sheet transformed | file=NAND Flash.xlsx | sheet=PC-Client OEM SSD | category=Flash Memory | sub_category=SSD | rows=27
2026-06-27 21:18:00 | INFO | src.jobs_xlsx.trendforce.get_dx_comp_index | TrendForce sheet loaded | file=NAND Flash.xlsx | sheet=SSD Street | mode=multi_field | rows=16 | columns=28
2026-06-27 21:18:00 | INFO | src.jobs_xlsx.trendforce.get_dx_comp_index | TrendForce sheet transformed | file=NAND Flash.xlsx | sheet=SSD Street | category=Flash Memory | sub_category=SSD | rows=237
2026-06-27 21:18:00 | INFO | src.jobs_xlsx.trendforce.get_dx_comp_index | TrendForce workbook transformed | file=NAND Flash.xlsx | rows=1362
2026-06-27 21:18:00 | INFO | src.jobs_xlsx.trendforce.get_dx_comp_index | TrendForce sheet loaded | file=PV.xlsx | sheet=Polysilicon | mode=multi_field | rows=21 | columns=16
2026-06-27 21:18:00 | INFO | src.jobs_xlsx.trendforce.get_dx_comp_index | TrendForce sheet transformed | file=PV.xlsx | sheet=Polysilicon | category=PV | sub_category=Polysilicon | rows=252
2026-06-27 21:18:00 | INFO | src.jobs_xlsx.trendforce.get_dx_comp_index | TrendForce sheet loaded | file=PV.xlsx | sheet=Wafer | mode=multi_field | rows=21 | columns=13
2026-06-27 21:18:00 | INFO | src.jobs_xlsx.trendforce.get_dx_comp_index | TrendForce sheet transformed | file=PV.xlsx | sheet=Wafer | category=PV | sub_category=Wafer | rows=189
2026-06-27 21:18:00 | INFO | src.jobs_xlsx.trendforce.get_dx_comp_index | TrendForce sheet loaded | file=PV.xlsx | sheet=Cell | mode=multi_field | rows=21 | columns=13
2026-06-27 21:18:00 | INFO | src.jobs_xlsx.trendforce.get_dx_comp_index | TrendForce sheet transformed | file=PV.xlsx | sheet=Cell | category=PV | sub_category=Cell | rows=189
2026-06-27 21:18:00 | INFO | src.jobs_xlsx.trendforce.get_dx_comp_index | TrendForce sheet loaded | file=PV.xlsx | sheet=Module | mode=multi_field | rows=21 | columns=10
2026-06-27 21:18:00 | INFO | src.jobs_xlsx.trendforce.get_dx_comp_index | TrendForce sheet transformed | file=PV.xlsx | sheet=Module | category=PV | sub_category=Module | rows=126
2026-06-27 21:18:00 | INFO | src.jobs_xlsx.trendforce.get_dx_comp_index | TrendForce sheet loaded | file=PV.xlsx | sheet=PV Glass | mode=multi_field | rows=21 | columns=13
2026-06-27 21:18:00 | INFO | src.jobs_xlsx.trendforce.get_dx_comp_index | TrendForce sheet transformed | file=PV.xlsx | sheet=PV Glass | category=PV | sub_category=PV Glass | rows=189
2026-06-27 21:18:00 | INFO | src.jobs_xlsx.trendforce.get_dx_comp_index | TrendForce workbook transformed | file=PV.xlsx | rows=945
2026-06-27 21:18:00 | INFO | src.jobs_xlsx.trendforce.get_dx_comp_index | TrendForce sheet loaded | file=TFT LCD.xlsx | sheet=Large Size Panel | mode=multi_field | rows=6 | columns=16
2026-06-27 21:18:00 | INFO | src.jobs_xlsx.trendforce.get_dx_comp_index | TrendForce sheet transformed | file=TFT LCD.xlsx | sheet=Large Size Panel | category=TFTLCD | sub_category=Large Panel | rows=54
2026-06-27 21:18:00 | INFO | src.jobs_xlsx.trendforce.get_dx_comp_index | TrendForce sheet loaded | file=TFT LCD.xlsx | sheet=LCD Smartphone Panel | mode=multi_field | rows=6 | columns=12
2026-06-27 21:18:00 | INFO | src.jobs_xlsx.trendforce.get_dx_comp_index | TrendForce sheet transformed | file=TFT LCD.xlsx | sheet=LCD Smartphone Panel | category=TFTLCD | sub_category=Smartphone Panel | rows=36
2026-06-27 21:18:00 | INFO | src.jobs_xlsx.trendforce.get_dx_comp_index | TrendForce sheet loaded | file=TFT LCD.xlsx | sheet=Street | mode=multi_field | rows=7 | columns=24
2026-06-27 21:18:00 | INFO | src.jobs_xlsx.trendforce.get_dx_comp_index | TrendForce sheet transformed | file=TFT LCD.xlsx | sheet=Street | category=TFTLCD | sub_category=LCD | rows=97
2026-06-27 21:18:00 | INFO | src.jobs_xlsx.trendforce.get_dx_comp_index | TrendForce sheet loaded | file=TFT LCD.xlsx | sheet=Large Size Panel Shipment | mode=multi_field | rows=7 | columns=14
2026-06-27 21:18:00 | INFO | src.jobs_xlsx.trendforce.get_dx_comp_index | TrendForce sheet transformed | file=TFT LCD.xlsx | sheet=Large Size Panel Shipment | category=TFTLCD | sub_category=Shipment | rows=70
2026-06-27 21:18:00 | INFO | src.jobs_xlsx.trendforce.get_dx_comp_index | TrendForce workbook transformed | file=TFT LCD.xlsx | rows=257
2026-06-27 21:18:00 | INFO | src.jobs_xlsx.trendforce.get_dx_comp_index | TrendForce sheet loaded | file=Li-Ion Battery.xlsx | sheet=Battery Cell & Pack | mode=single_value | rows=6 | columns=11
2026-06-27 21:18:00 | INFO | src.jobs_xlsx.trendforce.get_dx_comp_index | TrendForce sheet transformed | file=Li-Ion Battery.xlsx | sheet=Battery Cell & Pack | category=Battery | sub_category=None | rows=42
2026-06-27 21:18:00 | INFO | src.jobs_xlsx.trendforce.get_dx_comp_index | TrendForce sheet loaded | file=Li-Ion Battery.xlsx | sheet=Precursor and Cathode Material | mode=single_value | rows=6 | columns=14
2026-06-27 21:18:00 | INFO | src.jobs_xlsx.trendforce.get_dx_comp_index | TrendForce sheet transformed | file=Li-Ion Battery.xlsx | sheet=Precursor and Cathode Material | category=Battery | sub_category=None | rows=60
2026-06-27 21:18:00 | INFO | src.jobs_xlsx.trendforce.get_dx_comp_index | TrendForce sheet loaded | file=Li-Ion Battery.xlsx | sheet=Anode Material | mode=single_value | rows=6 | columns=12
2026-06-27 21:18:00 | INFO | src.jobs_xlsx.trendforce.get_dx_comp_index | TrendForce sheet transformed | file=Li-Ion Battery.xlsx | sheet=Anode Material | category=Battery | sub_category=Anode Material | rows=48
2026-06-27 21:18:00 | INFO | src.jobs_xlsx.trendforce.get_dx_comp_index | TrendForce sheet loaded | file=Li-Ion Battery.xlsx | sheet=Separator | mode=single_value | rows=6 | columns=9
2026-06-27 21:18:00 | INFO | src.jobs_xlsx.trendforce.get_dx_comp_index | TrendForce sheet transformed | file=Li-Ion Battery.xlsx | sheet=Separator | category=Battery | sub_category=Separator | rows=30
2026-06-27 21:18:00 | INFO | src.jobs_xlsx.trendforce.get_dx_comp_index | TrendForce sheet loaded | file=Li-Ion Battery.xlsx | sheet=Electrolyte | mode=single_value | rows=6 | columns=8
2026-06-27 21:18:00 | INFO | src.jobs_xlsx.trendforce.get_dx_comp_index | TrendForce sheet transformed | file=Li-Ion Battery.xlsx | sheet=Electrolyte | category=Battery | sub_category=Electrolyte | rows=24
2026-06-27 21:18:00 | INFO | src.jobs_xlsx.trendforce.get_dx_comp_index | TrendForce sheet loaded | file=Li-Ion Battery.xlsx | sheet=Li & Co & Ni | mode=single_value | rows=6 | columns=12
2026-06-27 21:18:00 | INFO | src.jobs_xlsx.trendforce.get_dx_comp_index | TrendForce sheet transformed | file=Li-Ion Battery.xlsx | sheet=Li & Co & Ni | category=Battery | sub_category=LiCoNi | rows=48
2026-06-27 21:18:00 | INFO | src.jobs_xlsx.trendforce.get_dx_comp_index | TrendForce sheet loaded | file=Li-Ion Battery.xlsx | sheet=Other | mode=single_value | rows=6 | columns=6
2026-06-27 21:18:00 | INFO | src.jobs_xlsx.trendforce.get_dx_comp_index | TrendForce sheet transformed | file=Li-Ion Battery.xlsx | sheet=Other | category=Battery | sub_category=Other | rows=12
2026-06-27 21:18:00 | INFO | src.jobs_xlsx.trendforce.get_dx_comp_index | TrendForce workbook transformed | file=Li-Ion Battery.xlsx | rows=264
2026-06-27 21:18:00 | INFO | src.jobs_xlsx.trendforce.get_dx_comp_index | TrendForce industry Parquet saved | output_path=/Users/tommy/Desktop/Pycharm/FinancialData/data_lake/raw/industry/components/dx_components.parquet | rows=9929
2026-06-27 21:20:33 | INFO | src.jobs_xlsx.trendforce.get_dx_comp_index | TrendForce industry data job started | input_dir=/Users/tommy/Desktop/Pycharm/FinancialData/data/industry/TrendForce | metadata_path=/Users/tommy/Desktop/Pycharm/FinancialData/data/metadata.xlsx
2026-06-27 21:20:33 | INFO | src.jobs_xlsx.trendforce.get_dx_comp_index | TrendForce metadata loaded | symbols=122
2026-06-27 21:20:33 | INFO | src.jobs_xlsx.trendforce.get_dx_comp_index | TrendForce sheet loaded | file=DRAM.xlsx | sheet=DRAM | mode=multi_field | rows=310 | columns=25
2026-06-27 21:20:33 | INFO | src.jobs_xlsx.trendforce.get_dx_comp_index | TrendForce sheet transformed | file=DRAM.xlsx | sheet=DRAM | category=DRAM | sub_category=DDR | rows=6510
2026-06-27 21:20:33 | INFO | src.jobs_xlsx.trendforce.get_dx_comp_index | TrendForce sheet loaded | file=DRAM.xlsx | sheet=DRAM Contract | mode=multi_field | rows=6 | columns=25
2026-06-27 21:20:33 | INFO | src.jobs_xlsx.trendforce.get_dx_comp_index | TrendForce sheet transformed | file=DRAM.xlsx | sheet=DRAM Contract | category=DRAM | sub_category=DDR | rows=111
2026-06-27 21:20:33 | INFO | src.jobs_xlsx.trendforce.get_dx_comp_index | TrendForce sheet loaded | file=DRAM.xlsx | sheet=Module | mode=multi_field | rows=32 | columns=22
2026-06-27 21:20:33 | INFO | src.jobs_xlsx.trendforce.get_dx_comp_index | TrendForce sheet transformed | file=DRAM.xlsx | sheet=Module | category=DRAM | sub_category=Module | rows=288
2026-06-27 21:20:33 | INFO | src.jobs_xlsx.trendforce.get_dx_comp_index | TrendForce sheet loaded | file=DRAM.xlsx | sheet=GDDR | mode=multi_field | rows=32 | columns=10
2026-06-27 21:20:33 | INFO | src.jobs_xlsx.trendforce.get_dx_comp_index | TrendForce sheet transformed | file=DRAM.xlsx | sheet=GDDR | category=DRAM | sub_category=GDDR | rows=192
2026-06-27 21:20:33 | INFO | src.jobs_xlsx.trendforce.get_dx_comp_index | TrendForce workbook transformed | file=DRAM.xlsx | rows=7101
2026-06-27 21:20:33 | INFO | src.jobs_xlsx.trendforce.get_dx_comp_index | TrendForce sheet loaded | file=NAND Flash.xlsx | sheet=Flash | mode=multi_field | rows=32 | columns=16
2026-06-27 21:20:33 | INFO | src.jobs_xlsx.trendforce.get_dx_comp_index | TrendForce sheet transformed | file=NAND Flash.xlsx | sheet=Flash | category=Flash Memory | sub_category=NAND | rows=384
2026-06-27 21:20:33 | INFO | src.jobs_xlsx.trendforce.get_dx_comp_index | TrendForce sheet loaded | file=NAND Flash.xlsx | sheet=Flash Contract | mode=multi_field | rows=5 | columns=13
2026-06-27 21:20:33 | INFO | src.jobs_xlsx.trendforce.get_dx_comp_index | TrendForce sheet transformed | file=NAND Flash.xlsx | sheet=Flash Contract | category=Flash Memory | sub_category=NAND | rows=42
2026-06-27 21:20:33 | INFO | src.jobs_xlsx.trendforce.get_dx_comp_index | TrendForce sheet loaded | file=NAND Flash.xlsx | sheet=Wafer | mode=multi_field | rows=32 | columns=13
2026-06-27 21:20:33 | INFO | src.jobs_xlsx.trendforce.get_dx_comp_index | TrendForce sheet transformed | file=NAND Flash.xlsx | sheet=Wafer | category=Flash Memory | sub_category=Wafer | rows=288
2026-06-27 21:20:33 | INFO | src.jobs_xlsx.trendforce.get_dx_comp_index | TrendForce sheet loaded | file=NAND Flash.xlsx | sheet=Memory Card | mode=multi_field | rows=32 | columns=16
2026-06-27 21:20:33 | INFO | src.jobs_xlsx.trendforce.get_dx_comp_index | TrendForce sheet transformed | file=NAND Flash.xlsx | sheet=Memory Card | category=Flash Memory | sub_category=Micro SD | rows=384
2026-06-27 21:20:33 | INFO | src.jobs_xlsx.trendforce.get_dx_comp_index | TrendForce sheet loaded | file=NAND Flash.xlsx | sheet=PC-Client OEM SSD | mode=multi_field | rows=3 | columns=13
2026-06-27 21:20:33 | INFO | src.jobs_xlsx.trendforce.get_dx_comp_index | TrendForce sheet transformed | file=NAND Flash.xlsx | sheet=PC-Client OEM SSD | category=Flash Memory | sub_category=SSD | rows=27
2026-06-27 21:20:33 | INFO | src.jobs_xlsx.trendforce.get_dx_comp_index | TrendForce sheet loaded | file=NAND Flash.xlsx | sheet=SSD Street | mode=multi_field | rows=16 | columns=28
2026-06-27 21:20:33 | INFO | src.jobs_xlsx.trendforce.get_dx_comp_index | TrendForce sheet transformed | file=NAND Flash.xlsx | sheet=SSD Street | category=Flash Memory | sub_category=SSD | rows=237
2026-06-27 21:20:33 | INFO | src.jobs_xlsx.trendforce.get_dx_comp_index | TrendForce workbook transformed | file=NAND Flash.xlsx | rows=1362
2026-06-27 21:20:33 | INFO | src.jobs_xlsx.trendforce.get_dx_comp_index | TrendForce sheet loaded | file=PV.xlsx | sheet=Polysilicon | mode=multi_field | rows=21 | columns=16
2026-06-27 21:20:33 | INFO | src.jobs_xlsx.trendforce.get_dx_comp_index | TrendForce sheet transformed | file=PV.xlsx | sheet=Polysilicon | category=PV | sub_category=Polysilicon | rows=252
2026-06-27 21:20:33 | INFO | src.jobs_xlsx.trendforce.get_dx_comp_index | TrendForce sheet loaded | file=PV.xlsx | sheet=Wafer | mode=multi_field | rows=21 | columns=13
2026-06-27 21:20:33 | INFO | src.jobs_xlsx.trendforce.get_dx_comp_index | TrendForce sheet transformed | file=PV.xlsx | sheet=Wafer | category=PV | sub_category=Wafer | rows=189
2026-06-27 21:20:33 | INFO | src.jobs_xlsx.trendforce.get_dx_comp_index | TrendForce sheet loaded | file=PV.xlsx | sheet=Cell | mode=multi_field | rows=21 | columns=13
2026-06-27 21:20:33 | INFO | src.jobs_xlsx.trendforce.get_dx_comp_index | TrendForce sheet transformed | file=PV.xlsx | sheet=Cell | category=PV | sub_category=Cell | rows=189
2026-06-27 21:20:33 | INFO | src.jobs_xlsx.trendforce.get_dx_comp_index | TrendForce sheet loaded | file=PV.xlsx | sheet=Module | mode=multi_field | rows=21 | columns=10
2026-06-27 21:20:33 | INFO | src.jobs_xlsx.trendforce.get_dx_comp_index | TrendForce sheet transformed | file=PV.xlsx | sheet=Module | category=PV | sub_category=Module | rows=126
2026-06-27 21:20:33 | INFO | src.jobs_xlsx.trendforce.get_dx_comp_index | TrendForce sheet loaded | file=PV.xlsx | sheet=PV Glass | mode=multi_field | rows=21 | columns=13
2026-06-27 21:20:33 | INFO | src.jobs_xlsx.trendforce.get_dx_comp_index | TrendForce sheet transformed | file=PV.xlsx | sheet=PV Glass | category=PV | sub_category=PV Glass | rows=189
2026-06-27 21:20:33 | INFO | src.jobs_xlsx.trendforce.get_dx_comp_index | TrendForce workbook transformed | file=PV.xlsx | rows=945
2026-06-27 21:20:33 | INFO | src.jobs_xlsx.trendforce.get_dx_comp_index | TrendForce sheet loaded | file=TFT LCD.xlsx | sheet=Large Size Panel | mode=multi_field | rows=6 | columns=16
2026-06-27 21:20:33 | INFO | src.jobs_xlsx.trendforce.get_dx_comp_index | TrendForce sheet transformed | file=TFT LCD.xlsx | sheet=Large Size Panel | category=TFTLCD | sub_category=Large Panel | rows=54
2026-06-27 21:20:33 | INFO | src.jobs_xlsx.trendforce.get_dx_comp_index | TrendForce sheet loaded | file=TFT LCD.xlsx | sheet=LCD Smartphone Panel | mode=multi_field | rows=6 | columns=12
2026-06-27 21:20:33 | INFO | src.jobs_xlsx.trendforce.get_dx_comp_index | TrendForce sheet transformed | file=TFT LCD.xlsx | sheet=LCD Smartphone Panel | category=TFTLCD | sub_category=Smartphone Panel | rows=36
2026-06-27 21:20:33 | INFO | src.jobs_xlsx.trendforce.get_dx_comp_index | TrendForce sheet loaded | file=TFT LCD.xlsx | sheet=Street | mode=multi_field | rows=7 | columns=24
2026-06-27 21:20:33 | INFO | src.jobs_xlsx.trendforce.get_dx_comp_index | TrendForce sheet transformed | file=TFT LCD.xlsx | sheet=Street | category=TFTLCD | sub_category=LCD | rows=97
2026-06-27 21:20:33 | INFO | src.jobs_xlsx.trendforce.get_dx_comp_index | TrendForce sheet loaded | file=TFT LCD.xlsx | sheet=Large Size Panel Shipment | mode=multi_field | rows=7 | columns=14
2026-06-27 21:20:33 | INFO | src.jobs_xlsx.trendforce.get_dx_comp_index | TrendForce sheet transformed | file=TFT LCD.xlsx | sheet=Large Size Panel Shipment | category=TFTLCD | sub_category=Shipment | rows=70
2026-06-27 21:20:33 | INFO | src.jobs_xlsx.trendforce.get_dx_comp_index | TrendForce workbook transformed | file=TFT LCD.xlsx | rows=257
2026-06-27 21:20:33 | INFO | src.jobs_xlsx.trendforce.get_dx_comp_index | TrendForce sheet loaded | file=Li-Ion Battery.xlsx | sheet=Battery Cell & Pack | mode=single_value | rows=6 | columns=11
2026-06-27 21:20:33 | INFO | src.jobs_xlsx.trendforce.get_dx_comp_index | TrendForce sheet transformed | file=Li-Ion Battery.xlsx | sheet=Battery Cell & Pack | category=Battery | sub_category=None | rows=42
2026-06-27 21:20:33 | INFO | src.jobs_xlsx.trendforce.get_dx_comp_index | TrendForce sheet loaded | file=Li-Ion Battery.xlsx | sheet=Precursor and Cathode Material | mode=single_value | rows=6 | columns=14
2026-06-27 21:20:33 | INFO | src.jobs_xlsx.trendforce.get_dx_comp_index | TrendForce sheet transformed | file=Li-Ion Battery.xlsx | sheet=Precursor and Cathode Material | category=Battery | sub_category=None | rows=60
2026-06-27 21:20:33 | INFO | src.jobs_xlsx.trendforce.get_dx_comp_index | TrendForce sheet loaded | file=Li-Ion Battery.xlsx | sheet=Anode Material | mode=single_value | rows=6 | columns=12
2026-06-27 21:20:33 | INFO | src.jobs_xlsx.trendforce.get_dx_comp_index | TrendForce sheet transformed | file=Li-Ion Battery.xlsx | sheet=Anode Material | category=Battery | sub_category=Anode Material | rows=48
2026-06-27 21:20:33 | INFO | src.jobs_xlsx.trendforce.get_dx_comp_index | TrendForce sheet loaded | file=Li-Ion Battery.xlsx | sheet=Separator | mode=single_value | rows=6 | columns=9
2026-06-27 21:20:33 | INFO | src.jobs_xlsx.trendforce.get_dx_comp_index | TrendForce sheet transformed | file=Li-Ion Battery.xlsx | sheet=Separator | category=Battery | sub_category=Separator | rows=30
2026-06-27 21:20:33 | INFO | src.jobs_xlsx.trendforce.get_dx_comp_index | TrendForce sheet loaded | file=Li-Ion Battery.xlsx | sheet=Electrolyte | mode=single_value | rows=6 | columns=8
2026-06-27 21:20:33 | INFO | src.jobs_xlsx.trendforce.get_dx_comp_index | TrendForce sheet transformed | file=Li-Ion Battery.xlsx | sheet=Electrolyte | category=Battery | sub_category=Electrolyte | rows=24
2026-06-27 21:20:33 | INFO | src.jobs_xlsx.trendforce.get_dx_comp_index | TrendForce sheet loaded | file=Li-Ion Battery.xlsx | sheet=Li & Co & Ni | mode=single_value | rows=6 | columns=12
2026-06-27 21:20:33 | INFO | src.jobs_xlsx.trendforce.get_dx_comp_index | TrendForce sheet transformed | file=Li-Ion Battery.xlsx | sheet=Li & Co & Ni | category=Battery | sub_category=LiCoNi | rows=48
2026-06-27 21:20:33 | INFO | src.jobs_xlsx.trendforce.get_dx_comp_index | TrendForce sheet loaded | file=Li-Ion Battery.xlsx | sheet=Other | mode=single_value | rows=6 | columns=6
2026-06-27 21:20:33 | INFO | src.jobs_xlsx.trendforce.get_dx_comp_index | TrendForce sheet transformed | file=Li-Ion Battery.xlsx | sheet=Other | category=Battery | sub_category=Other | rows=12
2026-06-27 21:20:33 | INFO | src.jobs_xlsx.trendforce.get_dx_comp_index | TrendForce workbook transformed | file=Li-Ion Battery.xlsx | rows=264
2026-06-27 21:20:33 | INFO | src.jobs_xlsx.trendforce.get_dx_comp_index | TrendForce industry Parquet saved | output_path=/Users/tommy/Desktop/Pycharm/FinancialData/data_lake/raw/industry/components/dx_components.parquet | rows=9929
2026-06-27 21:36:17 | INFO | src.jobs_xlsx.trendforce.get_dx_comp_index | TrendForce industry data job started | input_dir=/Users/tommy/Desktop/Pycharm/FinancialData/data/industry/TrendForce | metadata_path=/Users/tommy/Desktop/Pycharm/FinancialData/data/metadata.xlsx
2026-06-27 21:36:17 | INFO | src.jobs_xlsx.trendforce.get_dx_comp_index | TrendForce metadata loaded | symbols=122
2026-06-27 21:36:17 | INFO | src.jobs_xlsx.trendforce.get_dx_comp_index | TrendForce sheet loaded | file=DRAM.xlsx | sheet=DRAM | mode=multi_field | rows=310 | columns=25
2026-06-27 21:36:17 | INFO | src.jobs_xlsx.trendforce.get_dx_comp_index | TrendForce sheet transformed | file=DRAM.xlsx | sheet=DRAM | category=DRAM | sub_category=DDR | rows=6510
2026-06-27 21:36:17 | INFO | src.jobs_xlsx.trendforce.get_dx_comp_index | TrendForce sheet loaded | file=DRAM.xlsx | sheet=DRAM Contract | mode=multi_field | rows=6 | columns=25
2026-06-27 21:36:17 | INFO | src.jobs_xlsx.trendforce.get_dx_comp_index | TrendForce sheet transformed | file=DRAM.xlsx | sheet=DRAM Contract | category=DRAM | sub_category=DDR | rows=111
2026-06-27 21:36:17 | INFO | src.jobs_xlsx.trendforce.get_dx_comp_index | TrendForce sheet loaded | file=DRAM.xlsx | sheet=Module | mode=multi_field | rows=32 | columns=22
2026-06-27 21:36:17 | INFO | src.jobs_xlsx.trendforce.get_dx_comp_index | TrendForce sheet transformed | file=DRAM.xlsx | sheet=Module | category=DRAM | sub_category=Module | rows=288
2026-06-27 21:36:17 | INFO | src.jobs_xlsx.trendforce.get_dx_comp_index | TrendForce sheet loaded | file=DRAM.xlsx | sheet=GDDR | mode=multi_field | rows=32 | columns=10
2026-06-27 21:36:17 | INFO | src.jobs_xlsx.trendforce.get_dx_comp_index | TrendForce sheet transformed | file=DRAM.xlsx | sheet=GDDR | category=DRAM | sub_category=GDDR | rows=192
2026-06-27 21:36:17 | INFO | src.jobs_xlsx.trendforce.get_dx_comp_index | TrendForce workbook transformed | file=DRAM.xlsx | rows=7101
2026-06-27 21:36:17 | INFO | src.jobs_xlsx.trendforce.get_dx_comp_index | TrendForce sheet loaded | file=NAND Flash.xlsx | sheet=Flash | mode=multi_field | rows=32 | columns=16
2026-06-27 21:36:17 | INFO | src.jobs_xlsx.trendforce.get_dx_comp_index | TrendForce sheet transformed | file=NAND Flash.xlsx | sheet=Flash | category=Flash Memory | sub_category=NAND | rows=384
2026-06-27 21:36:17 | INFO | src.jobs_xlsx.trendforce.get_dx_comp_index | TrendForce sheet loaded | file=NAND Flash.xlsx | sheet=Flash Contract | mode=multi_field | rows=5 | columns=13
2026-06-27 21:36:17 | INFO | src.jobs_xlsx.trendforce.get_dx_comp_index | TrendForce sheet transformed | file=NAND Flash.xlsx | sheet=Flash Contract | category=Flash Memory | sub_category=NAND | rows=42
2026-06-27 21:36:17 | INFO | src.jobs_xlsx.trendforce.get_dx_comp_index | TrendForce sheet loaded | file=NAND Flash.xlsx | sheet=Wafer | mode=multi_field | rows=32 | columns=13
2026-06-27 21:36:17 | INFO | src.jobs_xlsx.trendforce.get_dx_comp_index | TrendForce sheet transformed | file=NAND Flash.xlsx | sheet=Wafer | category=Flash Memory | sub_category=Wafer | rows=288
2026-06-27 21:36:17 | INFO | src.jobs_xlsx.trendforce.get_dx_comp_index | TrendForce sheet loaded | file=NAND Flash.xlsx | sheet=Memory Card | mode=multi_field | rows=32 | columns=16
2026-06-27 21:36:17 | INFO | src.jobs_xlsx.trendforce.get_dx_comp_index | TrendForce sheet transformed | file=NAND Flash.xlsx | sheet=Memory Card | category=Flash Memory | sub_category=Micro SD | rows=384
2026-06-27 21:36:17 | INFO | src.jobs_xlsx.trendforce.get_dx_comp_index | TrendForce sheet loaded | file=NAND Flash.xlsx | sheet=PC-Client OEM SSD | mode=multi_field | rows=3 | columns=13
2026-06-27 21:36:17 | INFO | src.jobs_xlsx.trendforce.get_dx_comp_index | TrendForce sheet transformed | file=NAND Flash.xlsx | sheet=PC-Client OEM SSD | category=Flash Memory | sub_category=SSD | rows=27
2026-06-27 21:36:17 | INFO | src.jobs_xlsx.trendforce.get_dx_comp_index | TrendForce sheet loaded | file=NAND Flash.xlsx | sheet=SSD Street | mode=multi_field | rows=16 | columns=28
2026-06-27 21:36:17 | INFO | src.jobs_xlsx.trendforce.get_dx_comp_index | TrendForce sheet transformed | file=NAND Flash.xlsx | sheet=SSD Street | category=Flash Memory | sub_category=SSD | rows=237
2026-06-27 21:36:17 | INFO | src.jobs_xlsx.trendforce.get_dx_comp_index | TrendForce workbook transformed | file=NAND Flash.xlsx | rows=1362
2026-06-27 21:36:17 | INFO | src.jobs_xlsx.trendforce.get_dx_comp_index | TrendForce sheet loaded | file=PV.xlsx | sheet=Polysilicon | mode=multi_field | rows=21 | columns=16
2026-06-27 21:36:17 | INFO | src.jobs_xlsx.trendforce.get_dx_comp_index | TrendForce sheet transformed | file=PV.xlsx | sheet=Polysilicon | category=PV | sub_category=Polysilicon | rows=252
2026-06-27 21:36:17 | INFO | src.jobs_xlsx.trendforce.get_dx_comp_index | TrendForce sheet loaded | file=PV.xlsx | sheet=Wafer | mode=multi_field | rows=21 | columns=13
2026-06-27 21:36:17 | INFO | src.jobs_xlsx.trendforce.get_dx_comp_index | TrendForce sheet transformed | file=PV.xlsx | sheet=Wafer | category=PV | sub_category=Wafer | rows=189
2026-06-27 21:36:17 | INFO | src.jobs_xlsx.trendforce.get_dx_comp_index | TrendForce sheet loaded | file=PV.xlsx | sheet=Cell | mode=multi_field | rows=21 | columns=13
2026-06-27 21:36:17 | INFO | src.jobs_xlsx.trendforce.get_dx_comp_index | TrendForce sheet transformed | file=PV.xlsx | sheet=Cell | category=PV | sub_category=Cell | rows=189
2026-06-27 21:36:17 | INFO | src.jobs_xlsx.trendforce.get_dx_comp_index | TrendForce sheet loaded | file=PV.xlsx | sheet=Module | mode=multi_field | rows=21 | columns=10
2026-06-27 21:36:17 | INFO | src.jobs_xlsx.trendforce.get_dx_comp_index | TrendForce sheet transformed | file=PV.xlsx | sheet=Module | category=PV | sub_category=Module | rows=126
2026-06-27 21:36:17 | INFO | src.jobs_xlsx.trendforce.get_dx_comp_index | TrendForce sheet loaded | file=PV.xlsx | sheet=PV Glass | mode=multi_field | rows=21 | columns=13
2026-06-27 21:36:17 | INFO | src.jobs_xlsx.trendforce.get_dx_comp_index | TrendForce sheet transformed | file=PV.xlsx | sheet=PV Glass | category=PV | sub_category=PV Glass | rows=189
2026-06-27 21:36:17 | INFO | src.jobs_xlsx.trendforce.get_dx_comp_index | TrendForce workbook transformed | file=PV.xlsx | rows=945
2026-06-27 21:36:17 | INFO | src.jobs_xlsx.trendforce.get_dx_comp_index | TrendForce sheet loaded | file=TFT LCD.xlsx | sheet=Large Size Panel | mode=multi_field | rows=6 | columns=16
2026-06-27 21:36:17 | INFO | src.jobs_xlsx.trendforce.get_dx_comp_index | TrendForce sheet transformed | file=TFT LCD.xlsx | sheet=Large Size Panel | category=TFTLCD | sub_category=Large Panel | rows=54
2026-06-27 21:36:17 | INFO | src.jobs_xlsx.trendforce.get_dx_comp_index | TrendForce sheet loaded | file=TFT LCD.xlsx | sheet=LCD Smartphone Panel | mode=multi_field | rows=6 | columns=12
2026-06-27 21:36:17 | INFO | src.jobs_xlsx.trendforce.get_dx_comp_index | TrendForce sheet transformed | file=TFT LCD.xlsx | sheet=LCD Smartphone Panel | category=TFTLCD | sub_category=Smartphone Panel | rows=36
2026-06-27 21:36:17 | INFO | src.jobs_xlsx.trendforce.get_dx_comp_index | TrendForce sheet loaded | file=TFT LCD.xlsx | sheet=Street | mode=multi_field | rows=7 | columns=24
2026-06-27 21:36:17 | INFO | src.jobs_xlsx.trendforce.get_dx_comp_index | TrendForce sheet transformed | file=TFT LCD.xlsx | sheet=Street | category=TFTLCD | sub_category=LCD | rows=97
2026-06-27 21:36:17 | INFO | src.jobs_xlsx.trendforce.get_dx_comp_index | TrendForce sheet loaded | file=TFT LCD.xlsx | sheet=Large Size Panel Shipment | mode=multi_field | rows=7 | columns=14
2026-06-27 21:36:17 | INFO | src.jobs_xlsx.trendforce.get_dx_comp_index | TrendForce sheet transformed | file=TFT LCD.xlsx | sheet=Large Size Panel Shipment | category=TFTLCD | sub_category=Shipment | rows=70
2026-06-27 21:36:17 | INFO | src.jobs_xlsx.trendforce.get_dx_comp_index | TrendForce workbook transformed | file=TFT LCD.xlsx | rows=257
2026-06-27 21:36:17 | INFO | src.jobs_xlsx.trendforce.get_dx_comp_index | TrendForce sheet loaded | file=Li-Ion Battery.xlsx | sheet=Battery Cell & Pack | mode=single_value | rows=6 | columns=11
2026-06-27 21:36:17 | INFO | src.jobs_xlsx.trendforce.get_dx_comp_index | TrendForce sheet transformed | file=Li-Ion Battery.xlsx | sheet=Battery Cell & Pack | category=Battery | sub_category=None | rows=42
2026-06-27 21:36:17 | INFO | src.jobs_xlsx.trendforce.get_dx_comp_index | TrendForce sheet loaded | file=Li-Ion Battery.xlsx | sheet=Precursor and Cathode Material | mode=single_value | rows=6 | columns=14
2026-06-27 21:36:17 | INFO | src.jobs_xlsx.trendforce.get_dx_comp_index | TrendForce sheet transformed | file=Li-Ion Battery.xlsx | sheet=Precursor and Cathode Material | category=Battery | sub_category=None | rows=60
2026-06-27 21:36:17 | INFO | src.jobs_xlsx.trendforce.get_dx_comp_index | TrendForce sheet loaded | file=Li-Ion Battery.xlsx | sheet=Anode Material | mode=single_value | rows=6 | columns=12
2026-06-27 21:36:17 | INFO | src.jobs_xlsx.trendforce.get_dx_comp_index | TrendForce sheet transformed | file=Li-Ion Battery.xlsx | sheet=Anode Material | category=Battery | sub_category=Anode Material | rows=48
2026-06-27 21:36:17 | INFO | src.jobs_xlsx.trendforce.get_dx_comp_index | TrendForce sheet loaded | file=Li-Ion Battery.xlsx | sheet=Separator | mode=single_value | rows=6 | columns=9
2026-06-27 21:36:17 | INFO | src.jobs_xlsx.trendforce.get_dx_comp_index | TrendForce sheet transformed | file=Li-Ion Battery.xlsx | sheet=Separator | category=Battery | sub_category=Separator | rows=30
2026-06-27 21:36:17 | INFO | src.jobs_xlsx.trendforce.get_dx_comp_index | TrendForce sheet loaded | file=Li-Ion Battery.xlsx | sheet=Electrolyte | mode=single_value | rows=6 | columns=8
2026-06-27 21:36:17 | INFO | src.jobs_xlsx.trendforce.get_dx_comp_index | TrendForce sheet transformed | file=Li-Ion Battery.xlsx | sheet=Electrolyte | category=Battery | sub_category=Electrolyte | rows=24
2026-06-27 21:36:17 | INFO | src.jobs_xlsx.trendforce.get_dx_comp_index | TrendForce sheet loaded | file=Li-Ion Battery.xlsx | sheet=Li & Co & Ni | mode=single_value | rows=6 | columns=12
2026-06-27 21:36:17 | INFO | src.jobs_xlsx.trendforce.get_dx_comp_index | TrendForce sheet transformed | file=Li-Ion Battery.xlsx | sheet=Li & Co & Ni | category=Battery | sub_category=LiCoNi | rows=48
2026-06-27 21:36:17 | INFO | src.jobs_xlsx.trendforce.get_dx_comp_index | TrendForce sheet loaded | file=Li-Ion Battery.xlsx | sheet=Other | mode=single_value | rows=6 | columns=6
2026-06-27 21:36:17 | INFO | src.jobs_xlsx.trendforce.get_dx_comp_index | TrendForce sheet transformed | file=Li-Ion Battery.xlsx | sheet=Other | category=Battery | sub_category=Other | rows=12
2026-06-27 21:36:17 | INFO | src.jobs_xlsx.trendforce.get_dx_comp_index | TrendForce workbook transformed | file=Li-Ion Battery.xlsx | rows=264
2026-06-27 21:36:17 | INFO | src.jobs_xlsx.trendforce.get_dx_comp_index | TrendForce industry Parquet saved | output_path=/Users/tommy/Desktop/Pycharm/FinancialData/data_lake/raw/industry/components/dx_components.parquet | rows=9929
2026-06-29 13:36:38 | INFO | src.jobs_xlsx.trendforce.get_dx_comp_index | TrendForce industry data job started | input_dir=C:\Users\krm\PycharmProjects\AlternativeData\data\industry\TrendForce | metadata_path=C:\Users\krm\PycharmProjects\AlternativeData\data\metadata.xlsx
2026-06-29 13:36:38 | INFO | src.jobs_xlsx.trendforce.get_dx_comp_index | TrendForce metadata loaded | symbols=122
2026-06-29 13:36:38 | INFO | src.jobs_xlsx.trendforce.get_dx_comp_index | TrendForce sheet loaded | file=DRAM.xlsx | sheet=DRAM | mode=multi_field | rows=313 | columns=25
2026-06-29 13:36:38 | INFO | src.jobs_xlsx.trendforce.get_dx_comp_index | TrendForce sheet transformed | file=DRAM.xlsx | sheet=DRAM | category=DRAM | sub_category=DDR | rows=6531
2026-06-29 13:36:38 | INFO | src.jobs_xlsx.trendforce.get_dx_comp_index | TrendForce sheet loaded | file=DRAM.xlsx | sheet=DRAM Contract | mode=multi_field | rows=6 | columns=25
2026-06-29 13:36:38 | INFO | src.jobs_xlsx.trendforce.get_dx_comp_index | TrendForce sheet transformed | file=DRAM.xlsx | sheet=DRAM Contract | category=DRAM | sub_category=DDR | rows=111
2026-06-29 13:36:38 | INFO | src.jobs_xlsx.trendforce.get_dx_comp_index | TrendForce sheet loaded | file=DRAM.xlsx | sheet=Module | mode=multi_field | rows=33 | columns=22
2026-06-29 13:36:38 | INFO | src.jobs_xlsx.trendforce.get_dx_comp_index | TrendForce sheet transformed | file=DRAM.xlsx | sheet=Module | category=DRAM | sub_category=Module | rows=288
2026-06-29 13:36:38 | INFO | src.jobs_xlsx.trendforce.get_dx_comp_index | TrendForce sheet loaded | file=DRAM.xlsx | sheet=GDDR | mode=multi_field | rows=33 | columns=10
2026-06-29 13:36:38 | INFO | src.jobs_xlsx.trendforce.get_dx_comp_index | TrendForce sheet transformed | file=DRAM.xlsx | sheet=GDDR | category=DRAM | sub_category=GDDR | rows=192
2026-06-29 13:36:38 | INFO | src.jobs_xlsx.trendforce.get_dx_comp_index | TrendForce workbook transformed | file=DRAM.xlsx | rows=7122
2026-06-29 13:36:39 | INFO | src.jobs_xlsx.trendforce.get_dx_comp_index | TrendForce sheet loaded | file=NAND Flash.xlsx | sheet=Flash | mode=multi_field | rows=32 | columns=16
2026-06-29 13:36:39 | INFO | src.jobs_xlsx.trendforce.get_dx_comp_index | TrendForce sheet transformed | file=NAND Flash.xlsx | sheet=Flash | category=Flash Memory | sub_category=NAND | rows=384
2026-06-29 13:36:39 | INFO | src.jobs_xlsx.trendforce.get_dx_comp_index | TrendForce sheet loaded | file=NAND Flash.xlsx | sheet=Flash Contract | mode=multi_field | rows=5 | columns=13
2026-06-29 13:36:39 | INFO | src.jobs_xlsx.trendforce.get_dx_comp_index | TrendForce sheet transformed | file=NAND Flash.xlsx | sheet=Flash Contract | category=Flash Memory | sub_category=NAND | rows=42
2026-06-29 13:36:39 | INFO | src.jobs_xlsx.trendforce.get_dx_comp_index | TrendForce sheet loaded | file=NAND Flash.xlsx | sheet=Wafer | mode=multi_field | rows=32 | columns=13
2026-06-29 13:36:39 | INFO | src.jobs_xlsx.trendforce.get_dx_comp_index | TrendForce sheet transformed | file=NAND Flash.xlsx | sheet=Wafer | category=Flash Memory | sub_category=Wafer | rows=288
2026-06-29 13:36:39 | INFO | src.jobs_xlsx.trendforce.get_dx_comp_index | TrendForce sheet loaded | file=NAND Flash.xlsx | sheet=Memory Card | mode=multi_field | rows=32 | columns=16
2026-06-29 13:36:39 | INFO | src.jobs_xlsx.trendforce.get_dx_comp_index | TrendForce sheet transformed | file=NAND Flash.xlsx | sheet=Memory Card | category=Flash Memory | sub_category=Micro SD | rows=384
2026-06-29 13:36:39 | INFO | src.jobs_xlsx.trendforce.get_dx_comp_index | TrendForce sheet loaded | file=NAND Flash.xlsx | sheet=PC-Client OEM SSD | mode=multi_field | rows=3 | columns=13
2026-06-29 13:36:39 | INFO | src.jobs_xlsx.trendforce.get_dx_comp_index | TrendForce sheet transformed | file=NAND Flash.xlsx | sheet=PC-Client OEM SSD | category=Flash Memory | sub_category=SSD | rows=27
2026-06-29 13:36:39 | INFO | src.jobs_xlsx.trendforce.get_dx_comp_index | TrendForce sheet loaded | file=NAND Flash.xlsx | sheet=SSD Street | mode=multi_field | rows=16 | columns=28
2026-06-29 13:36:39 | INFO | src.jobs_xlsx.trendforce.get_dx_comp_index | TrendForce sheet transformed | file=NAND Flash.xlsx | sheet=SSD Street | category=Flash Memory | sub_category=SSD | rows=237
2026-06-29 13:36:39 | INFO | src.jobs_xlsx.trendforce.get_dx_comp_index | TrendForce workbook transformed | file=NAND Flash.xlsx | rows=1362
2026-06-29 13:36:39 | INFO | src.jobs_xlsx.trendforce.get_dx_comp_index | TrendForce sheet loaded | file=PV.xlsx | sheet=Polysilicon | mode=multi_field | rows=21 | columns=16
2026-06-29 13:36:39 | INFO | src.jobs_xlsx.trendforce.get_dx_comp_index | TrendForce sheet transformed | file=PV.xlsx | sheet=Polysilicon | category=PV | sub_category=Polysilicon | rows=252
2026-06-29 13:36:39 | INFO | src.jobs_xlsx.trendforce.get_dx_comp_index | TrendForce sheet loaded | file=PV.xlsx | sheet=Wafer | mode=multi_field | rows=21 | columns=13
2026-06-29 13:36:39 | INFO | src.jobs_xlsx.trendforce.get_dx_comp_index | TrendForce sheet transformed | file=PV.xlsx | sheet=Wafer | category=PV | sub_category=Wafer | rows=189
2026-06-29 13:36:39 | INFO | src.jobs_xlsx.trendforce.get_dx_comp_index | TrendForce sheet loaded | file=PV.xlsx | sheet=Cell | mode=multi_field | rows=21 | columns=13
2026-06-29 13:36:39 | INFO | src.jobs_xlsx.trendforce.get_dx_comp_index | TrendForce sheet transformed | file=PV.xlsx | sheet=Cell | category=PV | sub_category=Cell | rows=189
2026-06-29 13:36:39 | INFO | src.jobs_xlsx.trendforce.get_dx_comp_index | TrendForce sheet loaded | file=PV.xlsx | sheet=Module | mode=multi_field | rows=21 | columns=10
2026-06-29 13:36:39 | INFO | src.jobs_xlsx.trendforce.get_dx_comp_index | TrendForce sheet transformed | file=PV.xlsx | sheet=Module | category=PV | sub_category=Module | rows=126
2026-06-29 13:36:39 | INFO | src.jobs_xlsx.trendforce.get_dx_comp_index | TrendForce sheet loaded | file=PV.xlsx | sheet=PV Glass | mode=multi_field | rows=21 | columns=13
2026-06-29 13:36:39 | INFO | src.jobs_xlsx.trendforce.get_dx_comp_index | TrendForce sheet transformed | file=PV.xlsx | sheet=PV Glass | category=PV | sub_category=PV Glass | rows=189
2026-06-29 13:36:39 | INFO | src.jobs_xlsx.trendforce.get_dx_comp_index | TrendForce workbook transformed | file=PV.xlsx | rows=945
2026-06-29 13:36:39 | INFO | src.jobs_xlsx.trendforce.get_dx_comp_index | TrendForce sheet loaded | file=TFT LCD.xlsx | sheet=Large Size Panel | mode=multi_field | rows=6 | columns=16
2026-06-29 13:36:39 | INFO | src.jobs_xlsx.trendforce.get_dx_comp_index | TrendForce sheet transformed | file=TFT LCD.xlsx | sheet=Large Size Panel | category=TFTLCD | sub_category=Large Panel | rows=54
2026-06-29 13:36:39 | INFO | src.jobs_xlsx.trendforce.get_dx_comp_index | TrendForce sheet loaded | file=TFT LCD.xlsx | sheet=LCD Smartphone Panel | mode=multi_field | rows=6 | columns=12
2026-06-29 13:36:39 | INFO | src.jobs_xlsx.trendforce.get_dx_comp_index | TrendForce sheet transformed | file=TFT LCD.xlsx | sheet=LCD Smartphone Panel | category=TFTLCD | sub_category=Smartphone Panel | rows=36
2026-06-29 13:36:39 | INFO | src.jobs_xlsx.trendforce.get_dx_comp_index | TrendForce sheet loaded | file=TFT LCD.xlsx | sheet=Street | mode=multi_field | rows=7 | columns=24
2026-06-29 13:36:39 | INFO | src.jobs_xlsx.trendforce.get_dx_comp_index | TrendForce sheet transformed | file=TFT LCD.xlsx | sheet=Street | category=TFTLCD | sub_category=LCD | rows=97
2026-06-29 13:36:39 | INFO | src.jobs_xlsx.trendforce.get_dx_comp_index | TrendForce sheet loaded | file=TFT LCD.xlsx | sheet=Large Size Panel Shipment | mode=multi_field | rows=7 | columns=14
2026-06-29 13:36:39 | INFO | src.jobs_xlsx.trendforce.get_dx_comp_index | TrendForce sheet transformed | file=TFT LCD.xlsx | sheet=Large Size Panel Shipment | category=TFTLCD | sub_category=Shipment | rows=70
2026-06-29 13:36:39 | INFO | src.jobs_xlsx.trendforce.get_dx_comp_index | TrendForce workbook transformed | file=TFT LCD.xlsx | rows=257
2026-06-29 13:36:40 | INFO | src.jobs_xlsx.trendforce.get_dx_comp_index | TrendForce sheet loaded | file=Li-Ion Battery.xlsx | sheet=Battery Cell & Pack | mode=single_value | rows=6 | columns=11
2026-06-29 13:36:40 | INFO | src.jobs_xlsx.trendforce.get_dx_comp_index | TrendForce sheet transformed | file=Li-Ion Battery.xlsx | sheet=Battery Cell & Pack | category=Battery | sub_category=None | rows=42
2026-06-29 13:36:40 | INFO | src.jobs_xlsx.trendforce.get_dx_comp_index | TrendForce sheet loaded | file=Li-Ion Battery.xlsx | sheet=Precursor and Cathode Material | mode=single_value | rows=6 | columns=14
2026-06-29 13:36:40 | INFO | src.jobs_xlsx.trendforce.get_dx_comp_index | TrendForce sheet transformed | file=Li-Ion Battery.xlsx | sheet=Precursor and Cathode Material | category=Battery | sub_category=None | rows=60
2026-06-29 13:36:40 | INFO | src.jobs_xlsx.trendforce.get_dx_comp_index | TrendForce sheet loaded | file=Li-Ion Battery.xlsx | sheet=Anode Material | mode=single_value | rows=6 | columns=12
2026-06-29 13:36:40 | INFO | src.jobs_xlsx.trendforce.get_dx_comp_index | TrendForce sheet transformed | file=Li-Ion Battery.xlsx | sheet=Anode Material | category=Battery | sub_category=Anode Material | rows=48
2026-06-29 13:36:40 | INFO | src.jobs_xlsx.trendforce.get_dx_comp_index | TrendForce sheet loaded | file=Li-Ion Battery.xlsx | sheet=Separator | mode=single_value | rows=6 | columns=9
2026-06-29 13:36:40 | INFO | src.jobs_xlsx.trendforce.get_dx_comp_index | TrendForce sheet transformed | file=Li-Ion Battery.xlsx | sheet=Separator | category=Battery | sub_category=Separator | rows=30
2026-06-29 13:36:40 | INFO | src.jobs_xlsx.trendforce.get_dx_comp_index | TrendForce sheet loaded | file=Li-Ion Battery.xlsx | sheet=Electrolyte | mode=single_value | rows=6 | columns=8
2026-06-29 13:36:40 | INFO | src.jobs_xlsx.trendforce.get_dx_comp_index | TrendForce sheet transformed | file=Li-Ion Battery.xlsx | sheet=Electrolyte | category=Battery | sub_category=Electrolyte | rows=24
2026-06-29 13:36:40 | INFO | src.jobs_xlsx.trendforce.get_dx_comp_index | TrendForce sheet loaded | file=Li-Ion Battery.xlsx | sheet=Li & Co & Ni | mode=single_value | rows=6 | columns=12
2026-06-29 13:36:40 | INFO | src.jobs_xlsx.trendforce.get_dx_comp_index | TrendForce sheet transformed | file=Li-Ion Battery.xlsx | sheet=Li & Co & Ni | category=Battery | sub_category=LiCoNi | rows=48
2026-06-29 13:36:40 | INFO | src.jobs_xlsx.trendforce.get_dx_comp_index | TrendForce sheet loaded | file=Li-Ion Battery.xlsx | sheet=Other | mode=single_value | rows=6 | columns=6
2026-06-29 13:36:40 | INFO | src.jobs_xlsx.trendforce.get_dx_comp_index | TrendForce sheet transformed | file=Li-Ion Battery.xlsx | sheet=Other | category=Battery | sub_category=Other | rows=12
2026-06-29 13:36:40 | INFO | src.jobs_xlsx.trendforce.get_dx_comp_index | TrendForce workbook transformed | file=Li-Ion Battery.xlsx | rows=264
2026-06-29 13:36:40 | INFO | src.jobs_xlsx.trendforce.get_dx_comp_index | TrendForce industry Parquet saved | output_path=C:\Users\krm\PycharmProjects\AlternativeData\data_lake\raw\industry\components\dx_components.parquet | rows=9950
2026-06-29 18:08:19 | INFO | src.jobs_xlsx.trendforce.get_dx_comp_index | TrendForce industry data job started | input_dir=C:\Users\krm\PycharmProjects\AlternativeData\data\industry\TrendForce | metadata_path=C:\Users\krm\PycharmProjects\AlternativeData\data\metadata.xlsx
2026-06-29 18:08:19 | INFO | src.jobs_xlsx.trendforce.get_dx_comp_index | TrendForce metadata loaded | symbols=122
2026-06-29 18:08:19 | INFO | src.jobs_xlsx.trendforce.get_dx_comp_index | TrendForce sheet loaded | file=DRAM.xlsx | sheet=DRAM | mode=multi_field | rows=313 | columns=25
2026-06-29 18:08:19 | INFO | src.jobs_xlsx.trendforce.get_dx_comp_index | TrendForce sheet transformed | file=DRAM.xlsx | sheet=DRAM | category=DRAM | sub_category=DDR | rows=6552
2026-06-29 18:08:19 | INFO | src.jobs_xlsx.trendforce.get_dx_comp_index | TrendForce sheet loaded | file=DRAM.xlsx | sheet=DRAM Contract | mode=multi_field | rows=6 | columns=25
2026-06-29 18:08:19 | INFO | src.jobs_xlsx.trendforce.get_dx_comp_index | TrendForce sheet transformed | file=DRAM.xlsx | sheet=DRAM Contract | category=DRAM | sub_category=DDR | rows=111
2026-06-29 18:08:19 | INFO | src.jobs_xlsx.trendforce.get_dx_comp_index | TrendForce sheet loaded | file=DRAM.xlsx | sheet=Module | mode=multi_field | rows=33 | columns=22
2026-06-29 18:08:19 | INFO | src.jobs_xlsx.trendforce.get_dx_comp_index | TrendForce sheet transformed | file=DRAM.xlsx | sheet=Module | category=DRAM | sub_category=Module | rows=297
2026-06-29 18:08:19 | INFO | src.jobs_xlsx.trendforce.get_dx_comp_index | TrendForce sheet loaded | file=DRAM.xlsx | sheet=GDDR | mode=multi_field | rows=33 | columns=10
2026-06-29 18:08:19 | INFO | src.jobs_xlsx.trendforce.get_dx_comp_index | TrendForce sheet transformed | file=DRAM.xlsx | sheet=GDDR | category=DRAM | sub_category=GDDR | rows=198
2026-06-29 18:08:19 | INFO | src.jobs_xlsx.trendforce.get_dx_comp_index | TrendForce workbook transformed | file=DRAM.xlsx | rows=7158
2026-06-29 18:08:19 | INFO | src.jobs_xlsx.trendforce.get_dx_comp_index | TrendForce sheet loaded | file=NAND Flash.xlsx | sheet=Flash | mode=multi_field | rows=33 | columns=16
2026-06-29 18:08:19 | INFO | src.jobs_xlsx.trendforce.get_dx_comp_index | TrendForce sheet transformed | file=NAND Flash.xlsx | sheet=Flash | category=Flash Memory | sub_category=NAND | rows=396
2026-06-29 18:08:19 | INFO | src.jobs_xlsx.trendforce.get_dx_comp_index | TrendForce sheet loaded | file=NAND Flash.xlsx | sheet=Flash Contract | mode=multi_field | rows=5 | columns=13
2026-06-29 18:08:19 | INFO | src.jobs_xlsx.trendforce.get_dx_comp_index | TrendForce sheet transformed | file=NAND Flash.xlsx | sheet=Flash Contract | category=Flash Memory | sub_category=NAND | rows=42
2026-06-29 18:08:19 | INFO | src.jobs_xlsx.trendforce.get_dx_comp_index | TrendForce sheet loaded | file=NAND Flash.xlsx | sheet=Wafer | mode=multi_field | rows=33 | columns=13
2026-06-29 18:08:19 | INFO | src.jobs_xlsx.trendforce.get_dx_comp_index | TrendForce sheet transformed | file=NAND Flash.xlsx | sheet=Wafer | category=Flash Memory | sub_category=Wafer | rows=297
2026-06-29 18:08:19 | INFO | src.jobs_xlsx.trendforce.get_dx_comp_index | TrendForce sheet loaded | file=NAND Flash.xlsx | sheet=Memory Card | mode=multi_field | rows=33 | columns=16
2026-06-29 18:08:19 | INFO | src.jobs_xlsx.trendforce.get_dx_comp_index | TrendForce sheet transformed | file=NAND Flash.xlsx | sheet=Memory Card | category=Flash Memory | sub_category=Micro SD | rows=396
2026-06-29 18:08:19 | INFO | src.jobs_xlsx.trendforce.get_dx_comp_index | TrendForce sheet loaded | file=NAND Flash.xlsx | sheet=PC-Client OEM SSD | mode=multi_field | rows=3 | columns=13
2026-06-29 18:08:19 | INFO | src.jobs_xlsx.trendforce.get_dx_comp_index | TrendForce sheet transformed | file=NAND Flash.xlsx | sheet=PC-Client OEM SSD | category=Flash Memory | sub_category=SSD | rows=27
2026-06-29 18:08:19 | INFO | src.jobs_xlsx.trendforce.get_dx_comp_index | TrendForce sheet loaded | file=NAND Flash.xlsx | sheet=SSD Street | mode=multi_field | rows=17 | columns=28
2026-06-29 18:08:19 | INFO | src.jobs_xlsx.trendforce.get_dx_comp_index | TrendForce sheet transformed | file=NAND Flash.xlsx | sheet=SSD Street | category=Flash Memory | sub_category=SSD | rows=252
2026-06-29 18:08:19 | INFO | src.jobs_xlsx.trendforce.get_dx_comp_index | TrendForce workbook transformed | file=NAND Flash.xlsx | rows=1410
2026-06-29 18:08:19 | INFO | src.jobs_xlsx.trendforce.get_dx_comp_index | TrendForce sheet loaded | file=PV.xlsx | sheet=Polysilicon | mode=multi_field | rows=21 | columns=16
2026-06-29 18:08:19 | INFO | src.jobs_xlsx.trendforce.get_dx_comp_index | TrendForce sheet transformed | file=PV.xlsx | sheet=Polysilicon | category=PV | sub_category=Polysilicon | rows=252
2026-06-29 18:08:19 | INFO | src.jobs_xlsx.trendforce.get_dx_comp_index | TrendForce sheet loaded | file=PV.xlsx | sheet=Wafer | mode=multi_field | rows=21 | columns=13
2026-06-29 18:08:19 | INFO | src.jobs_xlsx.trendforce.get_dx_comp_index | TrendForce sheet transformed | file=PV.xlsx | sheet=Wafer | category=PV | sub_category=Wafer | rows=189
2026-06-29 18:08:19 | INFO | src.jobs_xlsx.trendforce.get_dx_comp_index | TrendForce sheet loaded | file=PV.xlsx | sheet=Cell | mode=multi_field | rows=21 | columns=13
2026-06-29 18:08:19 | INFO | src.jobs_xlsx.trendforce.get_dx_comp_index | TrendForce sheet transformed | file=PV.xlsx | sheet=Cell | category=PV | sub_category=Cell | rows=189
2026-06-29 18:08:19 | INFO | src.jobs_xlsx.trendforce.get_dx_comp_index | TrendForce sheet loaded | file=PV.xlsx | sheet=Module | mode=multi_field | rows=21 | columns=10
2026-06-29 18:08:19 | INFO | src.jobs_xlsx.trendforce.get_dx_comp_index | TrendForce sheet transformed | file=PV.xlsx | sheet=Module | category=PV | sub_category=Module | rows=126
2026-06-29 18:08:19 | INFO | src.jobs_xlsx.trendforce.get_dx_comp_index | TrendForce sheet loaded | file=PV.xlsx | sheet=PV Glass | mode=multi_field | rows=21 | columns=13
2026-06-29 18:08:19 | INFO | src.jobs_xlsx.trendforce.get_dx_comp_index | TrendForce sheet transformed | file=PV.xlsx | sheet=PV Glass | category=PV | sub_category=PV Glass | rows=189
2026-06-29 18:08:19 | INFO | src.jobs_xlsx.trendforce.get_dx_comp_index | TrendForce workbook transformed | file=PV.xlsx | rows=945
2026-06-29 18:08:19 | INFO | src.jobs_xlsx.trendforce.get_dx_comp_index | TrendForce sheet loaded | file=TFT LCD.xlsx | sheet=Large Size Panel | mode=multi_field | rows=6 | columns=16
2026-06-29 18:08:19 | INFO | src.jobs_xlsx.trendforce.get_dx_comp_index | TrendForce sheet transformed | file=TFT LCD.xlsx | sheet=Large Size Panel | category=TFTLCD | sub_category=Large Panel | rows=54
2026-06-29 18:08:20 | INFO | src.jobs_xlsx.trendforce.get_dx_comp_index | TrendForce sheet loaded | file=TFT LCD.xlsx | sheet=LCD Smartphone Panel | mode=multi_field | rows=6 | columns=12
2026-06-29 18:08:20 | INFO | src.jobs_xlsx.trendforce.get_dx_comp_index | TrendForce sheet transformed | file=TFT LCD.xlsx | sheet=LCD Smartphone Panel | category=TFTLCD | sub_category=Smartphone Panel | rows=36
2026-06-29 18:08:20 | INFO | src.jobs_xlsx.trendforce.get_dx_comp_index | TrendForce sheet loaded | file=TFT LCD.xlsx | sheet=Street | mode=multi_field | rows=7 | columns=24
2026-06-29 18:08:20 | INFO | src.jobs_xlsx.trendforce.get_dx_comp_index | TrendForce sheet transformed | file=TFT LCD.xlsx | sheet=Street | category=TFTLCD | sub_category=LCD | rows=97
2026-06-29 18:08:20 | INFO | src.jobs_xlsx.trendforce.get_dx_comp_index | TrendForce sheet loaded | file=TFT LCD.xlsx | sheet=Large Size Panel Shipment | mode=multi_field | rows=7 | columns=14
2026-06-29 18:08:20 | INFO | src.jobs_xlsx.trendforce.get_dx_comp_index | TrendForce sheet transformed | file=TFT LCD.xlsx | sheet=Large Size Panel Shipment | category=TFTLCD | sub_category=Shipment | rows=70
2026-06-29 18:08:20 | INFO | src.jobs_xlsx.trendforce.get_dx_comp_index | TrendForce workbook transformed | file=TFT LCD.xlsx | rows=257
2026-06-29 18:08:20 | INFO | src.jobs_xlsx.trendforce.get_dx_comp_index | TrendForce sheet loaded | file=Li-Ion Battery.xlsx | sheet=Battery Cell & Pack | mode=single_value | rows=6 | columns=11
2026-06-29 18:08:20 | INFO | src.jobs_xlsx.trendforce.get_dx_comp_index | TrendForce sheet transformed | file=Li-Ion Battery.xlsx | sheet=Battery Cell & Pack | category=Battery | sub_category=None | rows=42
2026-06-29 18:08:20 | INFO | src.jobs_xlsx.trendforce.get_dx_comp_index | TrendForce sheet loaded | file=Li-Ion Battery.xlsx | sheet=Precursor and Cathode Material | mode=single_value | rows=6 | columns=14
2026-06-29 18:08:20 | INFO | src.jobs_xlsx.trendforce.get_dx_comp_index | TrendForce sheet transformed | file=Li-Ion Battery.xlsx | sheet=Precursor and Cathode Material | category=Battery | sub_category=None | rows=60
2026-06-29 18:08:20 | INFO | src.jobs_xlsx.trendforce.get_dx_comp_index | TrendForce sheet loaded | file=Li-Ion Battery.xlsx | sheet=Anode Material | mode=single_value | rows=6 | columns=12
2026-06-29 18:08:20 | INFO | src.jobs_xlsx.trendforce.get_dx_comp_index | TrendForce sheet transformed | file=Li-Ion Battery.xlsx | sheet=Anode Material | category=Battery | sub_category=Anode Material | rows=48
2026-06-29 18:08:20 | INFO | src.jobs_xlsx.trendforce.get_dx_comp_index | TrendForce sheet loaded | file=Li-Ion Battery.xlsx | sheet=Separator | mode=single_value | rows=6 | columns=9
2026-06-29 18:08:20 | INFO | src.jobs_xlsx.trendforce.get_dx_comp_index | TrendForce sheet transformed | file=Li-Ion Battery.xlsx | sheet=Separator | category=Battery | sub_category=Separator | rows=30
2026-06-29 18:08:20 | INFO | src.jobs_xlsx.trendforce.get_dx_comp_index | TrendForce sheet loaded | file=Li-Ion Battery.xlsx | sheet=Electrolyte | mode=single_value | rows=6 | columns=8
2026-06-29 18:08:20 | INFO | src.jobs_xlsx.trendforce.get_dx_comp_index | TrendForce sheet transformed | file=Li-Ion Battery.xlsx | sheet=Electrolyte | category=Battery | sub_category=Electrolyte | rows=24
2026-06-29 18:08:20 | INFO | src.jobs_xlsx.trendforce.get_dx_comp_index | TrendForce sheet loaded | file=Li-Ion Battery.xlsx | sheet=Li & Co & Ni | mode=single_value | rows=6 | columns=12
2026-06-29 18:08:20 | INFO | src.jobs_xlsx.trendforce.get_dx_comp_index | TrendForce sheet transformed | file=Li-Ion Battery.xlsx | sheet=Li & Co & Ni | category=Battery | sub_category=LiCoNi | rows=48
2026-06-29 18:08:20 | INFO | src.jobs_xlsx.trendforce.get_dx_comp_index | TrendForce sheet loaded | file=Li-Ion Battery.xlsx | sheet=Other | mode=single_value | rows=6 | columns=6
2026-06-29 18:08:20 | INFO | src.jobs_xlsx.trendforce.get_dx_comp_index | TrendForce sheet transformed | file=Li-Ion Battery.xlsx | sheet=Other | category=Battery | sub_category=Other | rows=12
2026-06-29 18:08:20 | INFO | src.jobs_xlsx.trendforce.get_dx_comp_index | TrendForce workbook transformed | file=Li-Ion Battery.xlsx | rows=264
2026-06-29 18:08:20 | INFO | src.jobs_xlsx.trendforce.get_dx_comp_index | TrendForce industry Parquet saved | output_path=C:\Users\krm\PycharmProjects\AlternativeData\data_lake\raw\industry\components\dx_components.parquet | rows=10034
2026-06-30 11:23:30 | INFO | src.jobs_xlsx.trendforce.get_dx_comp_index | TrendForce industry data job started | input_dir=C:\Users\krm\PycharmProjects\AlternativeData\data\industry\TrendForce | metadata_path=C:\Users\krm\PycharmProjects\AlternativeData\data\metadata.xlsx
2026-06-30 11:23:30 | INFO | src.jobs_xlsx.trendforce.get_dx_comp_index | TrendForce metadata loaded | symbols=122
2026-06-30 11:23:30 | INFO | src.jobs_xlsx.trendforce.get_dx_comp_index | TrendForce sheet loaded | file=DRAM.xlsx | sheet=DRAM | mode=multi_field | rows=313 | columns=25
2026-06-30 11:23:30 | INFO | src.jobs_xlsx.trendforce.get_dx_comp_index | TrendForce sheet transformed | file=DRAM.xlsx | sheet=DRAM | category=DRAM | sub_category=DDR | rows=6573
2026-06-30 11:23:30 | INFO | src.jobs_xlsx.trendforce.get_dx_comp_index | TrendForce sheet loaded | file=DRAM.xlsx | sheet=DRAM Contract | mode=multi_field | rows=6 | columns=25
2026-06-30 11:23:30 | INFO | src.jobs_xlsx.trendforce.get_dx_comp_index | TrendForce sheet transformed | file=DRAM.xlsx | sheet=DRAM Contract | category=DRAM | sub_category=DDR | rows=111
2026-06-30 11:23:30 | INFO | src.jobs_xlsx.trendforce.get_dx_comp_index | TrendForce sheet loaded | file=DRAM.xlsx | sheet=Module | mode=multi_field | rows=33 | columns=22
2026-06-30 11:23:30 | INFO | src.jobs_xlsx.trendforce.get_dx_comp_index | TrendForce sheet transformed | file=DRAM.xlsx | sheet=Module | category=DRAM | sub_category=Module | rows=297
2026-06-30 11:23:30 | INFO | src.jobs_xlsx.trendforce.get_dx_comp_index | TrendForce sheet loaded | file=DRAM.xlsx | sheet=GDDR | mode=multi_field | rows=33 | columns=10
2026-06-30 11:23:30 | INFO | src.jobs_xlsx.trendforce.get_dx_comp_index | TrendForce sheet transformed | file=DRAM.xlsx | sheet=GDDR | category=DRAM | sub_category=GDDR | rows=198
2026-06-30 11:23:30 | INFO | src.jobs_xlsx.trendforce.get_dx_comp_index | TrendForce workbook transformed | file=DRAM.xlsx | rows=7179
2026-06-30 11:23:30 | INFO | src.jobs_xlsx.trendforce.get_dx_comp_index | TrendForce sheet loaded | file=NAND Flash.xlsx | sheet=Flash | mode=multi_field | rows=33 | columns=16
2026-06-30 11:23:30 | INFO | src.jobs_xlsx.trendforce.get_dx_comp_index | TrendForce sheet transformed | file=NAND Flash.xlsx | sheet=Flash | category=Flash Memory | sub_category=NAND | rows=396
2026-06-30 11:23:30 | INFO | src.jobs_xlsx.trendforce.get_dx_comp_index | TrendForce sheet loaded | file=NAND Flash.xlsx | sheet=Flash Contract | mode=multi_field | rows=5 | columns=13
2026-06-30 11:23:30 | INFO | src.jobs_xlsx.trendforce.get_dx_comp_index | TrendForce sheet transformed | file=NAND Flash.xlsx | sheet=Flash Contract | category=Flash Memory | sub_category=NAND | rows=42
2026-06-30 11:23:30 | INFO | src.jobs_xlsx.trendforce.get_dx_comp_index | TrendForce sheet loaded | file=NAND Flash.xlsx | sheet=Wafer | mode=multi_field | rows=33 | columns=13
2026-06-30 11:23:30 | INFO | src.jobs_xlsx.trendforce.get_dx_comp_index | TrendForce sheet transformed | file=NAND Flash.xlsx | sheet=Wafer | category=Flash Memory | sub_category=Wafer | rows=297
2026-06-30 11:23:31 | INFO | src.jobs_xlsx.trendforce.get_dx_comp_index | TrendForce sheet loaded | file=NAND Flash.xlsx | sheet=Memory Card | mode=multi_field | rows=33 | columns=16
2026-06-30 11:23:31 | INFO | src.jobs_xlsx.trendforce.get_dx_comp_index | TrendForce sheet transformed | file=NAND Flash.xlsx | sheet=Memory Card | category=Flash Memory | sub_category=Micro SD | rows=396
2026-06-30 11:23:31 | INFO | src.jobs_xlsx.trendforce.get_dx_comp_index | TrendForce sheet loaded | file=NAND Flash.xlsx | sheet=PC-Client OEM SSD | mode=multi_field | rows=3 | columns=13
2026-06-30 11:23:31 | INFO | src.jobs_xlsx.trendforce.get_dx_comp_index | TrendForce sheet transformed | file=NAND Flash.xlsx | sheet=PC-Client OEM SSD | category=Flash Memory | sub_category=SSD | rows=27
2026-06-30 11:23:31 | INFO | src.jobs_xlsx.trendforce.get_dx_comp_index | TrendForce sheet loaded | file=NAND Flash.xlsx | sheet=SSD Street | mode=multi_field | rows=17 | columns=28
2026-06-30 11:23:31 | INFO | src.jobs_xlsx.trendforce.get_dx_comp_index | TrendForce sheet transformed | file=NAND Flash.xlsx | sheet=SSD Street | category=Flash Memory | sub_category=SSD | rows=252
2026-06-30 11:23:31 | INFO | src.jobs_xlsx.trendforce.get_dx_comp_index | TrendForce workbook transformed | file=NAND Flash.xlsx | rows=1410
2026-06-30 11:23:31 | INFO | src.jobs_xlsx.trendforce.get_dx_comp_index | TrendForce sheet loaded | file=PV.xlsx | sheet=Polysilicon | mode=multi_field | rows=21 | columns=16
2026-06-30 11:23:31 | INFO | src.jobs_xlsx.trendforce.get_dx_comp_index | TrendForce sheet transformed | file=PV.xlsx | sheet=Polysilicon | category=PV | sub_category=Polysilicon | rows=252
2026-06-30 11:23:31 | INFO | src.jobs_xlsx.trendforce.get_dx_comp_index | TrendForce sheet loaded | file=PV.xlsx | sheet=Wafer | mode=multi_field | rows=21 | columns=13
2026-06-30 11:23:31 | INFO | src.jobs_xlsx.trendforce.get_dx_comp_index | TrendForce sheet transformed | file=PV.xlsx | sheet=Wafer | category=PV | sub_category=Wafer | rows=189
2026-06-30 11:23:31 | INFO | src.jobs_xlsx.trendforce.get_dx_comp_index | TrendForce sheet loaded | file=PV.xlsx | sheet=Cell | mode=multi_field | rows=21 | columns=13
2026-06-30 11:23:31 | INFO | src.jobs_xlsx.trendforce.get_dx_comp_index | TrendForce sheet transformed | file=PV.xlsx | sheet=Cell | category=PV | sub_category=Cell | rows=189
2026-06-30 11:23:31 | INFO | src.jobs_xlsx.trendforce.get_dx_comp_index | TrendForce sheet loaded | file=PV.xlsx | sheet=Module | mode=multi_field | rows=21 | columns=10
2026-06-30 11:23:31 | INFO | src.jobs_xlsx.trendforce.get_dx_comp_index | TrendForce sheet transformed | file=PV.xlsx | sheet=Module | category=PV | sub_category=Module | rows=126
2026-06-30 11:23:31 | INFO | src.jobs_xlsx.trendforce.get_dx_comp_index | TrendForce sheet loaded | file=PV.xlsx | sheet=PV Glass | mode=multi_field | rows=21 | columns=13
2026-06-30 11:23:31 | INFO | src.jobs_xlsx.trendforce.get_dx_comp_index | TrendForce sheet transformed | file=PV.xlsx | sheet=PV Glass | category=PV | sub_category=PV Glass | rows=189
2026-06-30 11:23:31 | INFO | src.jobs_xlsx.trendforce.get_dx_comp_index | TrendForce workbook transformed | file=PV.xlsx | rows=945
2026-06-30 11:23:31 | INFO | src.jobs_xlsx.trendforce.get_dx_comp_index | TrendForce sheet loaded | file=TFT LCD.xlsx | sheet=Large Size Panel | mode=multi_field | rows=6 | columns=16
2026-06-30 11:23:31 | INFO | src.jobs_xlsx.trendforce.get_dx_comp_index | TrendForce sheet transformed | file=TFT LCD.xlsx | sheet=Large Size Panel | category=TFTLCD | sub_category=Large Panel | rows=54
2026-06-30 11:23:31 | INFO | src.jobs_xlsx.trendforce.get_dx_comp_index | TrendForce sheet loaded | file=TFT LCD.xlsx | sheet=LCD Smartphone Panel | mode=multi_field | rows=6 | columns=12
2026-06-30 11:23:31 | INFO | src.jobs_xlsx.trendforce.get_dx_comp_index | TrendForce sheet transformed | file=TFT LCD.xlsx | sheet=LCD Smartphone Panel | category=TFTLCD | sub_category=Smartphone Panel | rows=36
2026-06-30 11:23:31 | INFO | src.jobs_xlsx.trendforce.get_dx_comp_index | TrendForce sheet loaded | file=TFT LCD.xlsx | sheet=Street | mode=multi_field | rows=7 | columns=24
2026-06-30 11:23:31 | INFO | src.jobs_xlsx.trendforce.get_dx_comp_index | TrendForce sheet transformed | file=TFT LCD.xlsx | sheet=Street | category=TFTLCD | sub_category=LCD | rows=97
2026-06-30 11:23:31 | INFO | src.jobs_xlsx.trendforce.get_dx_comp_index | TrendForce sheet loaded | file=TFT LCD.xlsx | sheet=Large Size Panel Shipment | mode=multi_field | rows=7 | columns=14
2026-06-30 11:23:31 | INFO | src.jobs_xlsx.trendforce.get_dx_comp_index | TrendForce sheet transformed | file=TFT LCD.xlsx | sheet=Large Size Panel Shipment | category=TFTLCD | sub_category=Shipment | rows=70
2026-06-30 11:23:31 | INFO | src.jobs_xlsx.trendforce.get_dx_comp_index | TrendForce workbook transformed | file=TFT LCD.xlsx | rows=257
2026-06-30 11:23:31 | INFO | src.jobs_xlsx.trendforce.get_dx_comp_index | TrendForce sheet loaded | file=Li-Ion Battery.xlsx | sheet=Battery Cell & Pack | mode=single_value | rows=6 | columns=11
2026-06-30 11:23:31 | INFO | src.jobs_xlsx.trendforce.get_dx_comp_index | TrendForce sheet transformed | file=Li-Ion Battery.xlsx | sheet=Battery Cell & Pack | category=Battery | sub_category=None | rows=42
2026-06-30 11:23:31 | INFO | src.jobs_xlsx.trendforce.get_dx_comp_index | TrendForce sheet loaded | file=Li-Ion Battery.xlsx | sheet=Precursor and Cathode Material | mode=single_value | rows=6 | columns=14
2026-06-30 11:23:31 | INFO | src.jobs_xlsx.trendforce.get_dx_comp_index | TrendForce sheet transformed | file=Li-Ion Battery.xlsx | sheet=Precursor and Cathode Material | category=Battery | sub_category=None | rows=60
2026-06-30 11:23:31 | INFO | src.jobs_xlsx.trendforce.get_dx_comp_index | TrendForce sheet loaded | file=Li-Ion Battery.xlsx | sheet=Anode Material | mode=single_value | rows=6 | columns=12
2026-06-30 11:23:31 | INFO | src.jobs_xlsx.trendforce.get_dx_comp_index | TrendForce sheet transformed | file=Li-Ion Battery.xlsx | sheet=Anode Material | category=Battery | sub_category=Anode Material | rows=48
2026-06-30 11:23:31 | INFO | src.jobs_xlsx.trendforce.get_dx_comp_index | TrendForce sheet loaded | file=Li-Ion Battery.xlsx | sheet=Separator | mode=single_value | rows=6 | columns=9
2026-06-30 11:23:31 | INFO | src.jobs_xlsx.trendforce.get_dx_comp_index | TrendForce sheet transformed | file=Li-Ion Battery.xlsx | sheet=Separator | category=Battery | sub_category=Separator | rows=30
2026-06-30 11:23:31 | INFO | src.jobs_xlsx.trendforce.get_dx_comp_index | TrendForce sheet loaded | file=Li-Ion Battery.xlsx | sheet=Electrolyte | mode=single_value | rows=6 | columns=8
2026-06-30 11:23:31 | INFO | src.jobs_xlsx.trendforce.get_dx_comp_index | TrendForce sheet transformed | file=Li-Ion Battery.xlsx | sheet=Electrolyte | category=Battery | sub_category=Electrolyte | rows=24
2026-06-30 11:23:31 | INFO | src.jobs_xlsx.trendforce.get_dx_comp_index | TrendForce sheet loaded | file=Li-Ion Battery.xlsx | sheet=Li & Co & Ni | mode=single_value | rows=6 | columns=12
2026-06-30 11:23:31 | INFO | src.jobs_xlsx.trendforce.get_dx_comp_index | TrendForce sheet transformed | file=Li-Ion Battery.xlsx | sheet=Li & Co & Ni | category=Battery | sub_category=LiCoNi | rows=48
2026-06-30 11:23:31 | INFO | src.jobs_xlsx.trendforce.get_dx_comp_index | TrendForce sheet loaded | file=Li-Ion Battery.xlsx | sheet=Other | mode=single_value | rows=6 | columns=6
2026-06-30 11:23:31 | INFO | src.jobs_xlsx.trendforce.get_dx_comp_index | TrendForce sheet transformed | file=Li-Ion Battery.xlsx | sheet=Other | category=Battery | sub_category=Other | rows=12
2026-06-30 11:23:31 | INFO | src.jobs_xlsx.trendforce.get_dx_comp_index | TrendForce workbook transformed | file=Li-Ion Battery.xlsx | rows=264
2026-06-30 11:23:31 | INFO | src.jobs_xlsx.trendforce.get_dx_comp_index | TrendForce industry Parquet saved | output_path=C:\Users\krm\PycharmProjects\AlternativeData\data_lake\raw\industry\components\dx_components.parquet | rows=10055
2026-07-02 01:42:50 | INFO | src.jobs_xlsx.trendforce.get_dx_comp_index | TrendForce industry data job started | input_dir=C:\Users\Geust\PycharmProjects\AlternativeData\data\industry\TrendForce | metadata_path=C:\Users\Geust\PycharmProjects\AlternativeData\data\metadata.xlsx
2026-07-02 01:42:50 | INFO | src.jobs_xlsx.trendforce.get_dx_comp_index | TrendForce metadata loaded | symbols=122
2026-07-02 01:42:50 | INFO | src.jobs_xlsx.trendforce.get_dx_comp_index | TrendForce sheet loaded | file=DRAM.xlsx | sheet=DRAM | mode=multi_field | rows=319 | columns=25
2026-07-02 01:42:51 | INFO | src.jobs_xlsx.trendforce.get_dx_comp_index | TrendForce sheet transformed | file=DRAM.xlsx | sheet=DRAM | category=DRAM | sub_category=DDR | rows=6699
2026-07-02 01:42:51 | INFO | src.jobs_xlsx.trendforce.get_dx_comp_index | TrendForce sheet loaded | file=DRAM.xlsx | sheet=DRAM Contract | mode=multi_field | rows=6 | columns=25
2026-07-02 01:42:51 | INFO | src.jobs_xlsx.trendforce.get_dx_comp_index | TrendForce sheet transformed | file=DRAM.xlsx | sheet=DRAM Contract | category=DRAM | sub_category=DDR | rows=111
2026-07-02 01:42:51 | INFO | src.jobs_xlsx.trendforce.get_dx_comp_index | TrendForce sheet loaded | file=DRAM.xlsx | sheet=Module | mode=multi_field | rows=33 | columns=22
2026-07-02 01:42:51 | INFO | src.jobs_xlsx.trendforce.get_dx_comp_index | TrendForce sheet transformed | file=DRAM.xlsx | sheet=Module | category=DRAM | sub_category=Module | rows=297
2026-07-02 01:42:51 | INFO | src.jobs_xlsx.trendforce.get_dx_comp_index | TrendForce sheet loaded | file=DRAM.xlsx | sheet=GDDR | mode=multi_field | rows=33 | columns=10
2026-07-02 01:42:51 | INFO | src.jobs_xlsx.trendforce.get_dx_comp_index | TrendForce sheet transformed | file=DRAM.xlsx | sheet=GDDR | category=DRAM | sub_category=GDDR | rows=198
2026-07-02 01:42:51 | INFO | src.jobs_xlsx.trendforce.get_dx_comp_index | TrendForce workbook transformed | file=DRAM.xlsx | rows=7305
2026-07-02 01:42:51 | INFO | src.jobs_xlsx.trendforce.get_dx_comp_index | TrendForce sheet loaded | file=NAND Flash.xlsx | sheet=Flash | mode=multi_field | rows=33 | columns=16
2026-07-02 01:42:51 | INFO | src.jobs_xlsx.trendforce.get_dx_comp_index | TrendForce sheet transformed | file=NAND Flash.xlsx | sheet=Flash | category=Flash Memory | sub_category=NAND | rows=396
2026-07-02 01:42:51 | INFO | src.jobs_xlsx.trendforce.get_dx_comp_index | TrendForce sheet loaded | file=NAND Flash.xlsx | sheet=Flash Contract | mode=multi_field | rows=5 | columns=13
2026-07-02 01:42:51 | INFO | src.jobs_xlsx.trendforce.get_dx_comp_index | TrendForce sheet transformed | file=NAND Flash.xlsx | sheet=Flash Contract | category=Flash Memory | sub_category=NAND | rows=42
2026-07-02 01:42:51 | INFO | src.jobs_xlsx.trendforce.get_dx_comp_index | TrendForce sheet loaded | file=NAND Flash.xlsx | sheet=Wafer | mode=multi_field | rows=33 | columns=13
2026-07-02 01:42:51 | INFO | src.jobs_xlsx.trendforce.get_dx_comp_index | TrendForce sheet transformed | file=NAND Flash.xlsx | sheet=Wafer | category=Flash Memory | sub_category=Wafer | rows=297
2026-07-02 01:42:51 | INFO | src.jobs_xlsx.trendforce.get_dx_comp_index | TrendForce sheet loaded | file=NAND Flash.xlsx | sheet=Memory Card | mode=multi_field | rows=33 | columns=16
2026-07-02 01:42:51 | INFO | src.jobs_xlsx.trendforce.get_dx_comp_index | TrendForce sheet transformed | file=NAND Flash.xlsx | sheet=Memory Card | category=Flash Memory | sub_category=Micro SD | rows=396
2026-07-02 01:42:51 | INFO | src.jobs_xlsx.trendforce.get_dx_comp_index | TrendForce sheet loaded | file=NAND Flash.xlsx | sheet=PC-Client OEM SSD | mode=multi_field | rows=3 | columns=13
2026-07-02 01:42:51 | INFO | src.jobs_xlsx.trendforce.get_dx_comp_index | TrendForce sheet transformed | file=NAND Flash.xlsx | sheet=PC-Client OEM SSD | category=Flash Memory | sub_category=SSD | rows=27
2026-07-02 01:42:51 | INFO | src.jobs_xlsx.trendforce.get_dx_comp_index | TrendForce sheet loaded | file=NAND Flash.xlsx | sheet=SSD Street | mode=multi_field | rows=17 | columns=28
2026-07-02 01:42:51 | INFO | src.jobs_xlsx.trendforce.get_dx_comp_index | TrendForce sheet transformed | file=NAND Flash.xlsx | sheet=SSD Street | category=Flash Memory | sub_category=SSD | rows=252
2026-07-02 01:42:51 | INFO | src.jobs_xlsx.trendforce.get_dx_comp_index | TrendForce workbook transformed | file=NAND Flash.xlsx | rows=1410
2026-07-02 01:42:51 | INFO | src.jobs_xlsx.trendforce.get_dx_comp_index | TrendForce sheet loaded | file=PV.xlsx | sheet=Polysilicon | mode=multi_field | rows=21 | columns=16
2026-07-02 01:42:51 | INFO | src.jobs_xlsx.trendforce.get_dx_comp_index | TrendForce sheet transformed | file=PV.xlsx | sheet=Polysilicon | category=PV | sub_category=Polysilicon | rows=252
2026-07-02 01:42:51 | INFO | src.jobs_xlsx.trendforce.get_dx_comp_index | TrendForce sheet loaded | file=PV.xlsx | sheet=Wafer | mode=multi_field | rows=21 | columns=13
2026-07-02 01:42:51 | INFO | src.jobs_xlsx.trendforce.get_dx_comp_index | TrendForce sheet transformed | file=PV.xlsx | sheet=Wafer | category=PV | sub_category=Wafer | rows=189
2026-07-02 01:42:51 | INFO | src.jobs_xlsx.trendforce.get_dx_comp_index | TrendForce sheet loaded | file=PV.xlsx | sheet=Cell | mode=multi_field | rows=21 | columns=13
2026-07-02 01:42:51 | INFO | src.jobs_xlsx.trendforce.get_dx_comp_index | TrendForce sheet transformed | file=PV.xlsx | sheet=Cell | category=PV | sub_category=Cell | rows=189
2026-07-02 01:42:51 | INFO | src.jobs_xlsx.trendforce.get_dx_comp_index | TrendForce sheet loaded | file=PV.xlsx | sheet=Module | mode=multi_field | rows=21 | columns=10
2026-07-02 01:42:52 | INFO | src.jobs_xlsx.trendforce.get_dx_comp_index | TrendForce sheet transformed | file=PV.xlsx | sheet=Module | category=PV | sub_category=Module | rows=126
2026-07-02 01:42:52 | INFO | src.jobs_xlsx.trendforce.get_dx_comp_index | TrendForce sheet loaded | file=PV.xlsx | sheet=PV Glass | mode=multi_field | rows=21 | columns=13
2026-07-02 01:42:52 | INFO | src.jobs_xlsx.trendforce.get_dx_comp_index | TrendForce sheet transformed | file=PV.xlsx | sheet=PV Glass | category=PV | sub_category=PV Glass | rows=189
2026-07-02 01:42:52 | INFO | src.jobs_xlsx.trendforce.get_dx_comp_index | TrendForce workbook transformed | file=PV.xlsx | rows=945
2026-07-02 01:42:52 | INFO | src.jobs_xlsx.trendforce.get_dx_comp_index | TrendForce sheet loaded | file=TFT LCD.xlsx | sheet=Large Size Panel | mode=multi_field | rows=6 | columns=16
2026-07-02 01:42:52 | INFO | src.jobs_xlsx.trendforce.get_dx_comp_index | TrendForce sheet transformed | file=TFT LCD.xlsx | sheet=Large Size Panel | category=TFTLCD | sub_category=Large Panel | rows=54
2026-07-02 01:42:52 | INFO | src.jobs_xlsx.trendforce.get_dx_comp_index | TrendForce sheet loaded | file=TFT LCD.xlsx | sheet=LCD Smartphone Panel | mode=multi_field | rows=6 | columns=12
2026-07-02 01:42:52 | INFO | src.jobs_xlsx.trendforce.get_dx_comp_index | TrendForce sheet transformed | file=TFT LCD.xlsx | sheet=LCD Smartphone Panel | category=TFTLCD | sub_category=Smartphone Panel | rows=36
2026-07-02 01:42:52 | INFO | src.jobs_xlsx.trendforce.get_dx_comp_index | TrendForce sheet loaded | file=TFT LCD.xlsx | sheet=Street | mode=multi_field | rows=7 | columns=24
2026-07-02 01:42:52 | INFO | src.jobs_xlsx.trendforce.get_dx_comp_index | TrendForce sheet transformed | file=TFT LCD.xlsx | sheet=Street | category=TFTLCD | sub_category=LCD | rows=97
2026-07-02 01:42:52 | INFO | src.jobs_xlsx.trendforce.get_dx_comp_index | TrendForce sheet loaded | file=TFT LCD.xlsx | sheet=Large Size Panel Shipment | mode=multi_field | rows=7 | columns=14
2026-07-02 01:42:52 | INFO | src.jobs_xlsx.trendforce.get_dx_comp_index | TrendForce sheet transformed | file=TFT LCD.xlsx | sheet=Large Size Panel Shipment | category=TFTLCD | sub_category=Shipment | rows=70
2026-07-02 01:42:52 | INFO | src.jobs_xlsx.trendforce.get_dx_comp_index | TrendForce workbook transformed | file=TFT LCD.xlsx | rows=257
2026-07-02 01:42:52 | INFO | src.jobs_xlsx.trendforce.get_dx_comp_index | TrendForce sheet loaded | file=Li-Ion Battery.xlsx | sheet=Battery Cell & Pack | mode=single_value | rows=6 | columns=11
2026-07-02 01:42:52 | INFO | src.jobs_xlsx.trendforce.get_dx_comp_index | TrendForce sheet transformed | file=Li-Ion Battery.xlsx | sheet=Battery Cell & Pack | category=Battery | sub_category=None | rows=42
2026-07-02 01:42:52 | INFO | src.jobs_xlsx.trendforce.get_dx_comp_index | TrendForce sheet loaded | file=Li-Ion Battery.xlsx | sheet=Precursor and Cathode Material | mode=single_value | rows=6 | columns=14
2026-07-02 01:42:52 | INFO | src.jobs_xlsx.trendforce.get_dx_comp_index | TrendForce sheet transformed | file=Li-Ion Battery.xlsx | sheet=Precursor and Cathode Material | category=Battery | sub_category=None | rows=60
2026-07-02 01:42:52 | INFO | src.jobs_xlsx.trendforce.get_dx_comp_index | TrendForce sheet loaded | file=Li-Ion Battery.xlsx | sheet=Anode Material | mode=single_value | rows=6 | columns=12
2026-07-02 01:42:52 | INFO | src.jobs_xlsx.trendforce.get_dx_comp_index | TrendForce sheet transformed | file=Li-Ion Battery.xlsx | sheet=Anode Material | category=Battery | sub_category=Anode Material | rows=48
2026-07-02 01:42:52 | INFO | src.jobs_xlsx.trendforce.get_dx_comp_index | TrendForce sheet loaded | file=Li-Ion Battery.xlsx | sheet=Separator | mode=single_value | rows=6 | columns=9
2026-07-02 01:42:52 | INFO | src.jobs_xlsx.trendforce.get_dx_comp_index | TrendForce sheet transformed | file=Li-Ion Battery.xlsx | sheet=Separator | category=Battery | sub_category=Separator | rows=30
2026-07-02 01:42:52 | INFO | src.jobs_xlsx.trendforce.get_dx_comp_index | TrendForce sheet loaded | file=Li-Ion Battery.xlsx | sheet=Electrolyte | mode=single_value | rows=6 | columns=8
2026-07-02 01:42:52 | INFO | src.jobs_xlsx.trendforce.get_dx_comp_index | TrendForce sheet transformed | file=Li-Ion Battery.xlsx | sheet=Electrolyte | category=Battery | sub_category=Electrolyte | rows=24
2026-07-02 01:42:52 | INFO | src.jobs_xlsx.trendforce.get_dx_comp_index | TrendForce sheet loaded | file=Li-Ion Battery.xlsx | sheet=Li & Co & Ni | mode=single_value | rows=6 | columns=12
2026-07-02 01:42:52 | INFO | src.jobs_xlsx.trendforce.get_dx_comp_index | TrendForce sheet transformed | file=Li-Ion Battery.xlsx | sheet=Li & Co & Ni | category=Battery | sub_category=LiCoNi | rows=48
2026-07-02 01:42:52 | INFO | src.jobs_xlsx.trendforce.get_dx_comp_index | TrendForce sheet loaded | file=Li-Ion Battery.xlsx | sheet=Other | mode=single_value | rows=6 | columns=6
2026-07-02 01:42:52 | INFO | src.jobs_xlsx.trendforce.get_dx_comp_index | TrendForce sheet transformed | file=Li-Ion Battery.xlsx | sheet=Other | category=Battery | sub_category=Other | rows=12
2026-07-02 01:42:52 | INFO | src.jobs_xlsx.trendforce.get_dx_comp_index | TrendForce workbook transformed | file=Li-Ion Battery.xlsx | rows=264
2026-07-02 01:42:52 | INFO | src.jobs_xlsx.trendforce.get_dx_comp_index | TrendForce industry Parquet saved | output_path=C:\Users\Geust\PycharmProjects\AlternativeData\data_lake\raw\industry\components\dx_components.parquet | rows=10181
2026-07-02 18:02:13 | INFO | src.jobs_xlsx.trendforce.get_dx_comp_index | TrendForce industry data job started | input_dir=C:\Users\krm\PycharmProjects\AlternativeData\data\industry\TrendForce | metadata_path=C:\Users\krm\PycharmProjects\AlternativeData\data\metadata.xlsx
2026-07-02 18:02:13 | INFO | src.jobs_xlsx.trendforce.get_dx_comp_index | TrendForce metadata loaded | symbols=122
2026-07-02 18:02:13 | INFO | src.jobs_xlsx.trendforce.get_dx_comp_index | TrendForce sheet loaded | file=DRAM.xlsx | sheet=DRAM | mode=multi_field | rows=322 | columns=25
2026-07-02 18:02:13 | INFO | src.jobs_xlsx.trendforce.get_dx_comp_index | TrendForce sheet transformed | file=DRAM.xlsx | sheet=DRAM | category=DRAM | sub_category=DDR | rows=6720
2026-07-02 18:02:13 | INFO | src.jobs_xlsx.trendforce.get_dx_comp_index | TrendForce sheet loaded | file=DRAM.xlsx | sheet=DRAM Contract | mode=multi_field | rows=6 | columns=25
2026-07-02 18:02:14 | INFO | src.jobs_xlsx.trendforce.get_dx_comp_index | TrendForce sheet transformed | file=DRAM.xlsx | sheet=DRAM Contract | category=DRAM | sub_category=DDR | rows=111
2026-07-02 18:02:14 | INFO | src.jobs_xlsx.trendforce.get_dx_comp_index | TrendForce sheet loaded | file=DRAM.xlsx | sheet=Module | mode=multi_field | rows=33 | columns=22
2026-07-02 18:02:14 | INFO | src.jobs_xlsx.trendforce.get_dx_comp_index | TrendForce sheet transformed | file=DRAM.xlsx | sheet=Module | category=DRAM | sub_category=Module | rows=297
2026-07-02 18:02:14 | INFO | src.jobs_xlsx.trendforce.get_dx_comp_index | TrendForce sheet loaded | file=DRAM.xlsx | sheet=GDDR | mode=multi_field | rows=33 | columns=10
2026-07-02 18:02:14 | INFO | src.jobs_xlsx.trendforce.get_dx_comp_index | TrendForce sheet transformed | file=DRAM.xlsx | sheet=GDDR | category=DRAM | sub_category=GDDR | rows=198
2026-07-02 18:02:14 | INFO | src.jobs_xlsx.trendforce.get_dx_comp_index | TrendForce workbook transformed | file=DRAM.xlsx | rows=7326
2026-07-02 18:02:14 | INFO | src.jobs_xlsx.trendforce.get_dx_comp_index | TrendForce sheet loaded | file=NAND Flash.xlsx | sheet=Flash | mode=multi_field | rows=33 | columns=16
2026-07-02 18:02:14 | INFO | src.jobs_xlsx.trendforce.get_dx_comp_index | TrendForce sheet transformed | file=NAND Flash.xlsx | sheet=Flash | category=Flash Memory | sub_category=NAND | rows=396
2026-07-02 18:02:14 | INFO | src.jobs_xlsx.trendforce.get_dx_comp_index | TrendForce sheet loaded | file=NAND Flash.xlsx | sheet=Flash Contract | mode=multi_field | rows=5 | columns=13
2026-07-02 18:02:14 | INFO | src.jobs_xlsx.trendforce.get_dx_comp_index | TrendForce sheet transformed | file=NAND Flash.xlsx | sheet=Flash Contract | category=Flash Memory | sub_category=NAND | rows=42
2026-07-02 18:02:14 | INFO | src.jobs_xlsx.trendforce.get_dx_comp_index | TrendForce sheet loaded | file=NAND Flash.xlsx | sheet=Wafer | mode=multi_field | rows=33 | columns=13
2026-07-02 18:02:14 | INFO | src.jobs_xlsx.trendforce.get_dx_comp_index | TrendForce sheet transformed | file=NAND Flash.xlsx | sheet=Wafer | category=Flash Memory | sub_category=Wafer | rows=297
2026-07-02 18:02:14 | INFO | src.jobs_xlsx.trendforce.get_dx_comp_index | TrendForce sheet loaded | file=NAND Flash.xlsx | sheet=Memory Card | mode=multi_field | rows=33 | columns=16
2026-07-02 18:02:14 | INFO | src.jobs_xlsx.trendforce.get_dx_comp_index | TrendForce sheet transformed | file=NAND Flash.xlsx | sheet=Memory Card | category=Flash Memory | sub_category=Micro SD | rows=396
2026-07-02 18:02:14 | INFO | src.jobs_xlsx.trendforce.get_dx_comp_index | TrendForce sheet loaded | file=NAND Flash.xlsx | sheet=PC-Client OEM SSD | mode=multi_field | rows=3 | columns=13
2026-07-02 18:02:14 | INFO | src.jobs_xlsx.trendforce.get_dx_comp_index | TrendForce sheet transformed | file=NAND Flash.xlsx | sheet=PC-Client OEM SSD | category=Flash Memory | sub_category=SSD | rows=27
2026-07-02 18:02:14 | INFO | src.jobs_xlsx.trendforce.get_dx_comp_index | TrendForce sheet loaded | file=NAND Flash.xlsx | sheet=SSD Street | mode=multi_field | rows=17 | columns=28
2026-07-02 18:02:14 | INFO | src.jobs_xlsx.trendforce.get_dx_comp_index | TrendForce sheet transformed | file=NAND Flash.xlsx | sheet=SSD Street | category=Flash Memory | sub_category=SSD | rows=252
2026-07-02 18:02:14 | INFO | src.jobs_xlsx.trendforce.get_dx_comp_index | TrendForce workbook transformed | file=NAND Flash.xlsx | rows=1410
2026-07-02 18:02:14 | INFO | src.jobs_xlsx.trendforce.get_dx_comp_index | TrendForce sheet loaded | file=PV.xlsx | sheet=Polysilicon | mode=multi_field | rows=21 | columns=16
2026-07-02 18:02:14 | INFO | src.jobs_xlsx.trendforce.get_dx_comp_index | TrendForce sheet transformed | file=PV.xlsx | sheet=Polysilicon | category=PV | sub_category=Polysilicon | rows=252
2026-07-02 18:02:14 | INFO | src.jobs_xlsx.trendforce.get_dx_comp_index | TrendForce sheet loaded | file=PV.xlsx | sheet=Wafer | mode=multi_field | rows=21 | columns=13
2026-07-02 18:02:14 | INFO | src.jobs_xlsx.trendforce.get_dx_comp_index | TrendForce sheet transformed | file=PV.xlsx | sheet=Wafer | category=PV | sub_category=Wafer | rows=189
2026-07-02 18:02:14 | INFO | src.jobs_xlsx.trendforce.get_dx_comp_index | TrendForce sheet loaded | file=PV.xlsx | sheet=Cell | mode=multi_field | rows=21 | columns=13
2026-07-02 18:02:14 | INFO | src.jobs_xlsx.trendforce.get_dx_comp_index | TrendForce sheet transformed | file=PV.xlsx | sheet=Cell | category=PV | sub_category=Cell | rows=189
2026-07-02 18:02:14 | INFO | src.jobs_xlsx.trendforce.get_dx_comp_index | TrendForce sheet loaded | file=PV.xlsx | sheet=Module | mode=multi_field | rows=21 | columns=10
2026-07-02 18:02:14 | INFO | src.jobs_xlsx.trendforce.get_dx_comp_index | TrendForce sheet transformed | file=PV.xlsx | sheet=Module | category=PV | sub_category=Module | rows=126
2026-07-02 18:02:14 | INFO | src.jobs_xlsx.trendforce.get_dx_comp_index | TrendForce sheet loaded | file=PV.xlsx | sheet=PV Glass | mode=multi_field | rows=21 | columns=13
2026-07-02 18:02:14 | INFO | src.jobs_xlsx.trendforce.get_dx_comp_index | TrendForce sheet transformed | file=PV.xlsx | sheet=PV Glass | category=PV | sub_category=PV Glass | rows=189
2026-07-02 18:02:14 | INFO | src.jobs_xlsx.trendforce.get_dx_comp_index | TrendForce workbook transformed | file=PV.xlsx | rows=945
2026-07-02 18:02:14 | INFO | src.jobs_xlsx.trendforce.get_dx_comp_index | TrendForce sheet loaded | file=TFT LCD.xlsx | sheet=Large Size Panel | mode=multi_field | rows=6 | columns=16
2026-07-02 18:02:14 | INFO | src.jobs_xlsx.trendforce.get_dx_comp_index | TrendForce sheet transformed | file=TFT LCD.xlsx | sheet=Large Size Panel | category=TFTLCD | sub_category=Large Panel | rows=54
2026-07-02 18:02:14 | INFO | src.jobs_xlsx.trendforce.get_dx_comp_index | TrendForce sheet loaded | file=TFT LCD.xlsx | sheet=LCD Smartphone Panel | mode=multi_field | rows=6 | columns=12
2026-07-02 18:02:14 | INFO | src.jobs_xlsx.trendforce.get_dx_comp_index | TrendForce sheet transformed | file=TFT LCD.xlsx | sheet=LCD Smartphone Panel | category=TFTLCD | sub_category=Smartphone Panel | rows=36
2026-07-02 18:02:14 | INFO | src.jobs_xlsx.trendforce.get_dx_comp_index | TrendForce sheet loaded | file=TFT LCD.xlsx | sheet=Street | mode=multi_field | rows=7 | columns=24
2026-07-02 18:02:14 | INFO | src.jobs_xlsx.trendforce.get_dx_comp_index | TrendForce sheet transformed | file=TFT LCD.xlsx | sheet=Street | category=TFTLCD | sub_category=LCD | rows=97
2026-07-02 18:02:14 | INFO | src.jobs_xlsx.trendforce.get_dx_comp_index | TrendForce sheet loaded | file=TFT LCD.xlsx | sheet=Large Size Panel Shipment | mode=multi_field | rows=7 | columns=14
2026-07-02 18:02:14 | INFO | src.jobs_xlsx.trendforce.get_dx_comp_index | TrendForce sheet transformed | file=TFT LCD.xlsx | sheet=Large Size Panel Shipment | category=TFTLCD | sub_category=Shipment | rows=70
2026-07-02 18:02:14 | INFO | src.jobs_xlsx.trendforce.get_dx_comp_index | TrendForce workbook transformed | file=TFT LCD.xlsx | rows=257
2026-07-02 18:02:14 | INFO | src.jobs_xlsx.trendforce.get_dx_comp_index | TrendForce sheet loaded | file=Li-Ion Battery.xlsx | sheet=Battery Cell & Pack | mode=single_value | rows=6 | columns=11
2026-07-02 18:02:14 | INFO | src.jobs_xlsx.trendforce.get_dx_comp_index | TrendForce sheet transformed | file=Li-Ion Battery.xlsx | sheet=Battery Cell & Pack | category=Battery | sub_category=None | rows=42
2026-07-02 18:02:14 | INFO | src.jobs_xlsx.trendforce.get_dx_comp_index | TrendForce sheet loaded | file=Li-Ion Battery.xlsx | sheet=Precursor and Cathode Material | mode=single_value | rows=6 | columns=14
2026-07-02 18:02:15 | INFO | src.jobs_xlsx.trendforce.get_dx_comp_index | TrendForce sheet transformed | file=Li-Ion Battery.xlsx | sheet=Precursor and Cathode Material | category=Battery | sub_category=None | rows=60
2026-07-02 18:02:15 | INFO | src.jobs_xlsx.trendforce.get_dx_comp_index | TrendForce sheet loaded | file=Li-Ion Battery.xlsx | sheet=Anode Material | mode=single_value | rows=6 | columns=12
2026-07-02 18:02:15 | INFO | src.jobs_xlsx.trendforce.get_dx_comp_index | TrendForce sheet transformed | file=Li-Ion Battery.xlsx | sheet=Anode Material | category=Battery | sub_category=Anode Material | rows=48
2026-07-02 18:02:15 | INFO | src.jobs_xlsx.trendforce.get_dx_comp_index | TrendForce sheet loaded | file=Li-Ion Battery.xlsx | sheet=Separator | mode=single_value | rows=6 | columns=9
2026-07-02 18:02:15 | INFO | src.jobs_xlsx.trendforce.get_dx_comp_index | TrendForce sheet transformed | file=Li-Ion Battery.xlsx | sheet=Separator | category=Battery | sub_category=Separator | rows=30
2026-07-02 18:02:15 | INFO | src.jobs_xlsx.trendforce.get_dx_comp_index | TrendForce sheet loaded | file=Li-Ion Battery.xlsx | sheet=Electrolyte | mode=single_value | rows=6 | columns=8
2026-07-02 18:02:15 | INFO | src.jobs_xlsx.trendforce.get_dx_comp_index | TrendForce sheet transformed | file=Li-Ion Battery.xlsx | sheet=Electrolyte | category=Battery | sub_category=Electrolyte | rows=24
2026-07-02 18:02:15 | INFO | src.jobs_xlsx.trendforce.get_dx_comp_index | TrendForce sheet loaded | file=Li-Ion Battery.xlsx | sheet=Li & Co & Ni | mode=single_value | rows=6 | columns=12
2026-07-02 18:02:15 | INFO | src.jobs_xlsx.trendforce.get_dx_comp_index | TrendForce sheet transformed | file=Li-Ion Battery.xlsx | sheet=Li & Co & Ni | category=Battery | sub_category=LiCoNi | rows=48
2026-07-02 18:02:15 | INFO | src.jobs_xlsx.trendforce.get_dx_comp_index | TrendForce sheet loaded | file=Li-Ion Battery.xlsx | sheet=Other | mode=single_value | rows=6 | columns=6
2026-07-02 18:02:15 | INFO | src.jobs_xlsx.trendforce.get_dx_comp_index | TrendForce sheet transformed | file=Li-Ion Battery.xlsx | sheet=Other | category=Battery | sub_category=Other | rows=12
2026-07-02 18:02:15 | INFO | src.jobs_xlsx.trendforce.get_dx_comp_index | TrendForce workbook transformed | file=Li-Ion Battery.xlsx | rows=264
2026-07-02 18:02:15 | INFO | src.jobs_xlsx.trendforce.get_dx_comp_index | TrendForce industry Parquet saved | output_path=C:\Users\krm\PycharmProjects\AlternativeData\data_warehouse\raw\industry\components\dx_components.parquet | rows=10202
2026-07-02 18:12:40 | INFO | src.jobs_xlsx.trendforce.get_dx_comp_index | TrendForce industry data_lake job started | input_dir=C:\Users\krm\PycharmProjects\AlternativeData\data_lake\industry\TrendForce | metadata_path=C:\Users\krm\PycharmProjects\AlternativeData\data_lake\metadata.xlsx
2026-07-02 18:12:40 | INFO | src.jobs_xlsx.trendforce.get_dx_comp_index | TrendForce metadata loaded | symbols=122
2026-07-02 18:12:40 | INFO | src.jobs_xlsx.trendforce.get_dx_comp_index | TrendForce sheet loaded | file=DRAM.xlsx | sheet=DRAM | mode=multi_field | rows=322 | columns=25
2026-07-02 18:12:40 | INFO | src.jobs_xlsx.trendforce.get_dx_comp_index | TrendForce sheet transformed | file=DRAM.xlsx | sheet=DRAM | category=DRAM | sub_category=DDR | rows=6741
2026-07-02 18:12:40 | INFO | src.jobs_xlsx.trendforce.get_dx_comp_index | TrendForce sheet loaded | file=DRAM.xlsx | sheet=DRAM Contract | mode=multi_field | rows=6 | columns=25
2026-07-02 18:12:40 | INFO | src.jobs_xlsx.trendforce.get_dx_comp_index | TrendForce sheet transformed | file=DRAM.xlsx | sheet=DRAM Contract | category=DRAM | sub_category=DDR | rows=111
2026-07-02 18:12:40 | INFO | src.jobs_xlsx.trendforce.get_dx_comp_index | TrendForce sheet loaded | file=DRAM.xlsx | sheet=Module | mode=multi_field | rows=33 | columns=22
2026-07-02 18:12:40 | INFO | src.jobs_xlsx.trendforce.get_dx_comp_index | TrendForce sheet transformed | file=DRAM.xlsx | sheet=Module | category=DRAM | sub_category=Module | rows=297
2026-07-02 18:12:40 | INFO | src.jobs_xlsx.trendforce.get_dx_comp_index | TrendForce sheet loaded | file=DRAM.xlsx | sheet=GDDR | mode=multi_field | rows=33 | columns=10
2026-07-02 18:12:40 | INFO | src.jobs_xlsx.trendforce.get_dx_comp_index | TrendForce sheet transformed | file=DRAM.xlsx | sheet=GDDR | category=DRAM | sub_category=GDDR | rows=198
2026-07-02 18:12:40 | INFO | src.jobs_xlsx.trendforce.get_dx_comp_index | TrendForce workbook transformed | file=DRAM.xlsx | rows=7347
2026-07-02 18:12:40 | INFO | src.jobs_xlsx.trendforce.get_dx_comp_index | TrendForce sheet loaded | file=NAND Flash.xlsx | sheet=Flash | mode=multi_field | rows=33 | columns=16
2026-07-02 18:12:40 | INFO | src.jobs_xlsx.trendforce.get_dx_comp_index | TrendForce sheet transformed | file=NAND Flash.xlsx | sheet=Flash | category=Flash Memory | sub_category=NAND | rows=396
2026-07-02 18:12:40 | INFO | src.jobs_xlsx.trendforce.get_dx_comp_index | TrendForce sheet loaded | file=NAND Flash.xlsx | sheet=Flash Contract | mode=multi_field | rows=5 | columns=13
2026-07-02 18:12:40 | INFO | src.jobs_xlsx.trendforce.get_dx_comp_index | TrendForce sheet transformed | file=NAND Flash.xlsx | sheet=Flash Contract | category=Flash Memory | sub_category=NAND | rows=42
2026-07-02 18:12:40 | INFO | src.jobs_xlsx.trendforce.get_dx_comp_index | TrendForce sheet loaded | file=NAND Flash.xlsx | sheet=Wafer | mode=multi_field | rows=33 | columns=13
2026-07-02 18:12:40 | INFO | src.jobs_xlsx.trendforce.get_dx_comp_index | TrendForce sheet transformed | file=NAND Flash.xlsx | sheet=Wafer | category=Flash Memory | sub_category=Wafer | rows=297
2026-07-02 18:12:40 | INFO | src.jobs_xlsx.trendforce.get_dx_comp_index | TrendForce sheet loaded | file=NAND Flash.xlsx | sheet=Memory Card | mode=multi_field | rows=33 | columns=16
2026-07-02 18:12:40 | INFO | src.jobs_xlsx.trendforce.get_dx_comp_index | TrendForce sheet transformed | file=NAND Flash.xlsx | sheet=Memory Card | category=Flash Memory | sub_category=Micro SD | rows=396
2026-07-02 18:12:41 | INFO | src.jobs_xlsx.trendforce.get_dx_comp_index | TrendForce sheet loaded | file=NAND Flash.xlsx | sheet=PC-Client OEM SSD | mode=multi_field | rows=3 | columns=13
2026-07-02 18:12:41 | INFO | src.jobs_xlsx.trendforce.get_dx_comp_index | TrendForce sheet transformed | file=NAND Flash.xlsx | sheet=PC-Client OEM SSD | category=Flash Memory | sub_category=SSD | rows=27
2026-07-02 18:12:41 | INFO | src.jobs_xlsx.trendforce.get_dx_comp_index | TrendForce sheet loaded | file=NAND Flash.xlsx | sheet=SSD Street | mode=multi_field | rows=17 | columns=28
2026-07-02 18:12:41 | INFO | src.jobs_xlsx.trendforce.get_dx_comp_index | TrendForce sheet transformed | file=NAND Flash.xlsx | sheet=SSD Street | category=Flash Memory | sub_category=SSD | rows=252
2026-07-02 18:12:41 | INFO | src.jobs_xlsx.trendforce.get_dx_comp_index | TrendForce workbook transformed | file=NAND Flash.xlsx | rows=1410
2026-07-02 18:12:41 | INFO | src.jobs_xlsx.trendforce.get_dx_comp_index | TrendForce sheet loaded | file=PV.xlsx | sheet=Polysilicon | mode=multi_field | rows=21 | columns=16
2026-07-02 18:12:41 | INFO | src.jobs_xlsx.trendforce.get_dx_comp_index | TrendForce sheet transformed | file=PV.xlsx | sheet=Polysilicon | category=PV | sub_category=Polysilicon | rows=252
2026-07-02 18:12:41 | INFO | src.jobs_xlsx.trendforce.get_dx_comp_index | TrendForce sheet loaded | file=PV.xlsx | sheet=Wafer | mode=multi_field | rows=21 | columns=13
2026-07-02 18:12:41 | INFO | src.jobs_xlsx.trendforce.get_dx_comp_index | TrendForce sheet transformed | file=PV.xlsx | sheet=Wafer | category=PV | sub_category=Wafer | rows=189
2026-07-02 18:12:41 | INFO | src.jobs_xlsx.trendforce.get_dx_comp_index | TrendForce sheet loaded | file=PV.xlsx | sheet=Cell | mode=multi_field | rows=21 | columns=13
2026-07-02 18:12:41 | INFO | src.jobs_xlsx.trendforce.get_dx_comp_index | TrendForce sheet transformed | file=PV.xlsx | sheet=Cell | category=PV | sub_category=Cell | rows=189
2026-07-02 18:12:41 | INFO | src.jobs_xlsx.trendforce.get_dx_comp_index | TrendForce sheet loaded | file=PV.xlsx | sheet=Module | mode=multi_field | rows=21 | columns=10
2026-07-02 18:12:41 | INFO | src.jobs_xlsx.trendforce.get_dx_comp_index | TrendForce sheet transformed | file=PV.xlsx | sheet=Module | category=PV | sub_category=Module | rows=126
2026-07-02 18:12:41 | INFO | src.jobs_xlsx.trendforce.get_dx_comp_index | TrendForce sheet loaded | file=PV.xlsx | sheet=PV Glass | mode=multi_field | rows=21 | columns=13
2026-07-02 18:12:41 | INFO | src.jobs_xlsx.trendforce.get_dx_comp_index | TrendForce sheet transformed | file=PV.xlsx | sheet=PV Glass | category=PV | sub_category=PV Glass | rows=189
2026-07-02 18:12:41 | INFO | src.jobs_xlsx.trendforce.get_dx_comp_index | TrendForce workbook transformed | file=PV.xlsx | rows=945
2026-07-02 18:12:41 | INFO | src.jobs_xlsx.trendforce.get_dx_comp_index | TrendForce sheet loaded | file=TFT LCD.xlsx | sheet=Large Size Panel | mode=multi_field | rows=6 | columns=16
2026-07-02 18:12:41 | INFO | src.jobs_xlsx.trendforce.get_dx_comp_index | TrendForce sheet transformed | file=TFT LCD.xlsx | sheet=Large Size Panel | category=TFTLCD | sub_category=Large Panel | rows=54
2026-07-02 18:12:41 | INFO | src.jobs_xlsx.trendforce.get_dx_comp_index | TrendForce sheet loaded | file=TFT LCD.xlsx | sheet=LCD Smartphone Panel | mode=multi_field | rows=6 | columns=12
2026-07-02 18:12:41 | INFO | src.jobs_xlsx.trendforce.get_dx_comp_index | TrendForce sheet transformed | file=TFT LCD.xlsx | sheet=LCD Smartphone Panel | category=TFTLCD | sub_category=Smartphone Panel | rows=36
2026-07-02 18:12:41 | INFO | src.jobs_xlsx.trendforce.get_dx_comp_index | TrendForce sheet loaded | file=TFT LCD.xlsx | sheet=Street | mode=multi_field | rows=7 | columns=24
2026-07-02 18:12:41 | INFO | src.jobs_xlsx.trendforce.get_dx_comp_index | TrendForce sheet transformed | file=TFT LCD.xlsx | sheet=Street | category=TFTLCD | sub_category=LCD | rows=97
2026-07-02 18:12:41 | INFO | src.jobs_xlsx.trendforce.get_dx_comp_index | TrendForce sheet loaded | file=TFT LCD.xlsx | sheet=Large Size Panel Shipment | mode=multi_field | rows=7 | columns=14
2026-07-02 18:12:41 | INFO | src.jobs_xlsx.trendforce.get_dx_comp_index | TrendForce sheet transformed | file=TFT LCD.xlsx | sheet=Large Size Panel Shipment | category=TFTLCD | sub_category=Shipment | rows=70
2026-07-02 18:12:41 | INFO | src.jobs_xlsx.trendforce.get_dx_comp_index | TrendForce workbook transformed | file=TFT LCD.xlsx | rows=257
2026-07-02 18:12:41 | INFO | src.jobs_xlsx.trendforce.get_dx_comp_index | TrendForce sheet loaded | file=Li-Ion Battery.xlsx | sheet=Battery Cell & Pack | mode=single_value | rows=6 | columns=11
2026-07-02 18:12:41 | INFO | src.jobs_xlsx.trendforce.get_dx_comp_index | TrendForce sheet transformed | file=Li-Ion Battery.xlsx | sheet=Battery Cell & Pack | category=Battery | sub_category=None | rows=42
2026-07-02 18:12:41 | INFO | src.jobs_xlsx.trendforce.get_dx_comp_index | TrendForce sheet loaded | file=Li-Ion Battery.xlsx | sheet=Precursor and Cathode Material | mode=single_value | rows=6 | columns=14
2026-07-02 18:12:41 | INFO | src.jobs_xlsx.trendforce.get_dx_comp_index | TrendForce sheet transformed | file=Li-Ion Battery.xlsx | sheet=Precursor and Cathode Material | category=Battery | sub_category=None | rows=60
2026-07-02 18:12:41 | INFO | src.jobs_xlsx.trendforce.get_dx_comp_index | TrendForce sheet loaded | file=Li-Ion Battery.xlsx | sheet=Anode Material | mode=single_value | rows=6 | columns=12
2026-07-02 18:12:41 | INFO | src.jobs_xlsx.trendforce.get_dx_comp_index | TrendForce sheet transformed | file=Li-Ion Battery.xlsx | sheet=Anode Material | category=Battery | sub_category=Anode Material | rows=48
2026-07-02 18:12:41 | INFO | src.jobs_xlsx.trendforce.get_dx_comp_index | TrendForce sheet loaded | file=Li-Ion Battery.xlsx | sheet=Separator | mode=single_value | rows=6 | columns=9
2026-07-02 18:12:41 | INFO | src.jobs_xlsx.trendforce.get_dx_comp_index | TrendForce sheet transformed | file=Li-Ion Battery.xlsx | sheet=Separator | category=Battery | sub_category=Separator | rows=30
2026-07-02 18:12:41 | INFO | src.jobs_xlsx.trendforce.get_dx_comp_index | TrendForce sheet loaded | file=Li-Ion Battery.xlsx | sheet=Electrolyte | mode=single_value | rows=6 | columns=8
2026-07-02 18:12:41 | INFO | src.jobs_xlsx.trendforce.get_dx_comp_index | TrendForce sheet transformed | file=Li-Ion Battery.xlsx | sheet=Electrolyte | category=Battery | sub_category=Electrolyte | rows=24
2026-07-02 18:12:41 | INFO | src.jobs_xlsx.trendforce.get_dx_comp_index | TrendForce sheet loaded | file=Li-Ion Battery.xlsx | sheet=Li & Co & Ni | mode=single_value | rows=6 | columns=12
2026-07-02 18:12:41 | INFO | src.jobs_xlsx.trendforce.get_dx_comp_index | TrendForce sheet transformed | file=Li-Ion Battery.xlsx | sheet=Li & Co & Ni | category=Battery | sub_category=LiCoNi | rows=48
2026-07-02 18:12:41 | INFO | src.jobs_xlsx.trendforce.get_dx_comp_index | TrendForce sheet loaded | file=Li-Ion Battery.xlsx | sheet=Other | mode=single_value | rows=6 | columns=6
2026-07-02 18:12:41 | INFO | src.jobs_xlsx.trendforce.get_dx_comp_index | TrendForce sheet transformed | file=Li-Ion Battery.xlsx | sheet=Other | category=Battery | sub_category=Other | rows=12
2026-07-02 18:12:41 | INFO | src.jobs_xlsx.trendforce.get_dx_comp_index | TrendForce workbook transformed | file=Li-Ion Battery.xlsx | rows=264
2026-07-02 18:12:41 | INFO | src.jobs_xlsx.trendforce.get_dx_comp_index | TrendForce industry Parquet saved | output_path=C:\Users\krm\PycharmProjects\AlternativeData\data_warehouse\raw\industry\components\dx_components.parquet | rows=10223
2026-07-03 23:34:30 | INFO | src.jobs_xlsx.trendforce.get_dx_comp_index | TrendForce industry data_lake job started | input_dir=C:\Users\Geust\PycharmProjects\AlternativeData\data_lake\industry\TrendForce | metadata_path=C:\Users\Geust\PycharmProjects\AlternativeData\data_lake\metadata.xlsx
2026-07-03 23:34:30 | INFO | src.jobs_xlsx.trendforce.get_dx_comp_index | TrendForce metadata loaded | symbols=122
2026-07-03 23:34:30 | INFO | src.jobs_xlsx.trendforce.get_dx_comp_index | TrendForce sheet loaded | file=DRAM.xlsx | sheet=DRAM | mode=multi_field | rows=325 | columns=25
2026-07-03 23:34:30 | INFO | src.jobs_xlsx.trendforce.get_dx_comp_index | TrendForce sheet transformed | file=DRAM.xlsx | sheet=DRAM | category=DRAM | sub_category=DDR | rows=6804
2026-07-03 23:34:30 | INFO | src.jobs_xlsx.trendforce.get_dx_comp_index | TrendForce sheet loaded | file=DRAM.xlsx | sheet=DRAM Contract | mode=multi_field | rows=7 | columns=25
2026-07-03 23:34:30 | INFO | src.jobs_xlsx.trendforce.get_dx_comp_index | TrendForce sheet transformed | file=DRAM.xlsx | sheet=DRAM Contract | category=DRAM | sub_category=DDR | rows=132
2026-07-03 23:34:30 | INFO | src.jobs_xlsx.trendforce.get_dx_comp_index | TrendForce sheet loaded | file=DRAM.xlsx | sheet=Module | mode=multi_field | rows=33 | columns=22
2026-07-03 23:34:30 | INFO | src.jobs_xlsx.trendforce.get_dx_comp_index | TrendForce sheet transformed | file=DRAM.xlsx | sheet=Module | category=DRAM | sub_category=Module | rows=297
2026-07-03 23:34:30 | INFO | src.jobs_xlsx.trendforce.get_dx_comp_index | TrendForce sheet loaded | file=DRAM.xlsx | sheet=GDDR | mode=multi_field | rows=33 | columns=10
2026-07-03 23:34:30 | INFO | src.jobs_xlsx.trendforce.get_dx_comp_index | TrendForce sheet transformed | file=DRAM.xlsx | sheet=GDDR | category=DRAM | sub_category=GDDR | rows=198
2026-07-03 23:34:30 | INFO | src.jobs_xlsx.trendforce.get_dx_comp_index | TrendForce workbook transformed | file=DRAM.xlsx | rows=7431
2026-07-03 23:34:31 | INFO | src.jobs_xlsx.trendforce.get_dx_comp_index | TrendForce sheet loaded | file=NAND Flash.xlsx | sheet=Flash | mode=multi_field | rows=33 | columns=16
2026-07-03 23:34:31 | INFO | src.jobs_xlsx.trendforce.get_dx_comp_index | TrendForce sheet transformed | file=NAND Flash.xlsx | sheet=Flash | category=Flash Memory | sub_category=NAND | rows=396
2026-07-03 23:34:31 | INFO | src.jobs_xlsx.trendforce.get_dx_comp_index | TrendForce sheet loaded | file=NAND Flash.xlsx | sheet=Flash Contract | mode=multi_field | rows=5 | columns=13
2026-07-03 23:34:31 | INFO | src.jobs_xlsx.trendforce.get_dx_comp_index | TrendForce sheet transformed | file=NAND Flash.xlsx | sheet=Flash Contract | category=Flash Memory | sub_category=NAND | rows=42
2026-07-03 23:34:31 | INFO | src.jobs_xlsx.trendforce.get_dx_comp_index | TrendForce sheet loaded | file=NAND Flash.xlsx | sheet=Wafer | mode=multi_field | rows=33 | columns=13
2026-07-03 23:34:31 | INFO | src.jobs_xlsx.trendforce.get_dx_comp_index | TrendForce sheet transformed | file=NAND Flash.xlsx | sheet=Wafer | category=Flash Memory | sub_category=Wafer | rows=297
2026-07-03 23:34:31 | INFO | src.jobs_xlsx.trendforce.get_dx_comp_index | TrendForce sheet loaded | file=NAND Flash.xlsx | sheet=Memory Card | mode=multi_field | rows=33 | columns=16
2026-07-03 23:34:31 | INFO | src.jobs_xlsx.trendforce.get_dx_comp_index | TrendForce sheet transformed | file=NAND Flash.xlsx | sheet=Memory Card | category=Flash Memory | sub_category=Micro SD | rows=396
2026-07-03 23:34:31 | INFO | src.jobs_xlsx.trendforce.get_dx_comp_index | TrendForce sheet loaded | file=NAND Flash.xlsx | sheet=PC-Client OEM SSD | mode=multi_field | rows=3 | columns=13
2026-07-03 23:34:31 | INFO | src.jobs_xlsx.trendforce.get_dx_comp_index | TrendForce sheet transformed | file=NAND Flash.xlsx | sheet=PC-Client OEM SSD | category=Flash Memory | sub_category=SSD | rows=27
2026-07-03 23:34:31 | INFO | src.jobs_xlsx.trendforce.get_dx_comp_index | TrendForce sheet loaded | file=NAND Flash.xlsx | sheet=SSD Street | mode=multi_field | rows=17 | columns=28
2026-07-03 23:34:31 | INFO | src.jobs_xlsx.trendforce.get_dx_comp_index | TrendForce sheet transformed | file=NAND Flash.xlsx | sheet=SSD Street | category=Flash Memory | sub_category=SSD | rows=252
2026-07-03 23:34:31 | INFO | src.jobs_xlsx.trendforce.get_dx_comp_index | TrendForce workbook transformed | file=NAND Flash.xlsx | rows=1410
2026-07-03 23:34:31 | INFO | src.jobs_xlsx.trendforce.get_dx_comp_index | TrendForce sheet loaded | file=PV.xlsx | sheet=Polysilicon | mode=multi_field | rows=21 | columns=16
2026-07-03 23:34:31 | INFO | src.jobs_xlsx.trendforce.get_dx_comp_index | TrendForce sheet transformed | file=PV.xlsx | sheet=Polysilicon | category=PV | sub_category=Polysilicon | rows=252
2026-07-03 23:34:31 | INFO | src.jobs_xlsx.trendforce.get_dx_comp_index | TrendForce sheet loaded | file=PV.xlsx | sheet=Wafer | mode=multi_field | rows=21 | columns=13
2026-07-03 23:34:31 | INFO | src.jobs_xlsx.trendforce.get_dx_comp_index | TrendForce sheet transformed | file=PV.xlsx | sheet=Wafer | category=PV | sub_category=Wafer | rows=189
2026-07-03 23:34:31 | INFO | src.jobs_xlsx.trendforce.get_dx_comp_index | TrendForce sheet loaded | file=PV.xlsx | sheet=Cell | mode=multi_field | rows=21 | columns=13
2026-07-03 23:34:31 | INFO | src.jobs_xlsx.trendforce.get_dx_comp_index | TrendForce sheet transformed | file=PV.xlsx | sheet=Cell | category=PV | sub_category=Cell | rows=189
2026-07-03 23:34:31 | INFO | src.jobs_xlsx.trendforce.get_dx_comp_index | TrendForce sheet loaded | file=PV.xlsx | sheet=Module | mode=multi_field | rows=21 | columns=10
2026-07-03 23:34:31 | INFO | src.jobs_xlsx.trendforce.get_dx_comp_index | TrendForce sheet transformed | file=PV.xlsx | sheet=Module | category=PV | sub_category=Module | rows=126
2026-07-03 23:34:31 | INFO | src.jobs_xlsx.trendforce.get_dx_comp_index | TrendForce sheet loaded | file=PV.xlsx | sheet=PV Glass | mode=multi_field | rows=21 | columns=13
2026-07-03 23:34:31 | INFO | src.jobs_xlsx.trendforce.get_dx_comp_index | TrendForce sheet transformed | file=PV.xlsx | sheet=PV Glass | category=PV | sub_category=PV Glass | rows=189
2026-07-03 23:34:31 | INFO | src.jobs_xlsx.trendforce.get_dx_comp_index | TrendForce workbook transformed | file=PV.xlsx | rows=945
2026-07-03 23:34:31 | INFO | src.jobs_xlsx.trendforce.get_dx_comp_index | TrendForce sheet loaded | file=TFT LCD.xlsx | sheet=Large Size Panel | mode=multi_field | rows=6 | columns=16
2026-07-03 23:34:31 | INFO | src.jobs_xlsx.trendforce.get_dx_comp_index | TrendForce sheet transformed | file=TFT LCD.xlsx | sheet=Large Size Panel | category=TFTLCD | sub_category=Large Panel | rows=54
2026-07-03 23:34:31 | INFO | src.jobs_xlsx.trendforce.get_dx_comp_index | TrendForce sheet loaded | file=TFT LCD.xlsx | sheet=LCD Smartphone Panel | mode=multi_field | rows=6 | columns=12
2026-07-03 23:34:31 | INFO | src.jobs_xlsx.trendforce.get_dx_comp_index | TrendForce sheet transformed | file=TFT LCD.xlsx | sheet=LCD Smartphone Panel | category=TFTLCD | sub_category=Smartphone Panel | rows=36
2026-07-03 23:34:32 | INFO | src.jobs_xlsx.trendforce.get_dx_comp_index | TrendForce sheet loaded | file=TFT LCD.xlsx | sheet=Street | mode=multi_field | rows=7 | columns=24
2026-07-03 23:34:32 | INFO | src.jobs_xlsx.trendforce.get_dx_comp_index | TrendForce sheet transformed | file=TFT LCD.xlsx | sheet=Street | category=TFTLCD | sub_category=LCD | rows=97
2026-07-03 23:34:32 | INFO | src.jobs_xlsx.trendforce.get_dx_comp_index | TrendForce sheet loaded | file=TFT LCD.xlsx | sheet=Large Size Panel Shipment | mode=multi_field | rows=7 | columns=14
2026-07-03 23:34:32 | INFO | src.jobs_xlsx.trendforce.get_dx_comp_index | TrendForce sheet transformed | file=TFT LCD.xlsx | sheet=Large Size Panel Shipment | category=TFTLCD | sub_category=Shipment | rows=70
2026-07-03 23:34:32 | INFO | src.jobs_xlsx.trendforce.get_dx_comp_index | TrendForce workbook transformed | file=TFT LCD.xlsx | rows=257
2026-07-03 23:34:32 | INFO | src.jobs_xlsx.trendforce.get_dx_comp_index | TrendForce sheet loaded | file=Li-Ion Battery.xlsx | sheet=Battery Cell & Pack | mode=single_value | rows=6 | columns=11
2026-07-03 23:34:32 | INFO | src.jobs_xlsx.trendforce.get_dx_comp_index | TrendForce sheet transformed | file=Li-Ion Battery.xlsx | sheet=Battery Cell & Pack | category=Battery | sub_category=None | rows=42
2026-07-03 23:34:32 | INFO | src.jobs_xlsx.trendforce.get_dx_comp_index | TrendForce sheet loaded | file=Li-Ion Battery.xlsx | sheet=Precursor and Cathode Material | mode=single_value | rows=6 | columns=14
2026-07-03 23:34:32 | INFO | src.jobs_xlsx.trendforce.get_dx_comp_index | TrendForce sheet transformed | file=Li-Ion Battery.xlsx | sheet=Precursor and Cathode Material | category=Battery | sub_category=None | rows=60
2026-07-03 23:34:32 | INFO | src.jobs_xlsx.trendforce.get_dx_comp_index | TrendForce sheet loaded | file=Li-Ion Battery.xlsx | sheet=Anode Material | mode=single_value | rows=6 | columns=12
2026-07-03 23:34:32 | INFO | src.jobs_xlsx.trendforce.get_dx_comp_index | TrendForce sheet transformed | file=Li-Ion Battery.xlsx | sheet=Anode Material | category=Battery | sub_category=Anode Material | rows=48
2026-07-03 23:34:32 | INFO | src.jobs_xlsx.trendforce.get_dx_comp_index | TrendForce sheet loaded | file=Li-Ion Battery.xlsx | sheet=Separator | mode=single_value | rows=6 | columns=9
2026-07-03 23:34:32 | INFO | src.jobs_xlsx.trendforce.get_dx_comp_index | TrendForce sheet transformed | file=Li-Ion Battery.xlsx | sheet=Separator | category=Battery | sub_category=Separator | rows=30
2026-07-03 23:34:32 | INFO | src.jobs_xlsx.trendforce.get_dx_comp_index | TrendForce sheet loaded | file=Li-Ion Battery.xlsx | sheet=Electrolyte | mode=single_value | rows=6 | columns=8
2026-07-03 23:34:32 | INFO | src.jobs_xlsx.trendforce.get_dx_comp_index | TrendForce sheet transformed | file=Li-Ion Battery.xlsx | sheet=Electrolyte | category=Battery | sub_category=Electrolyte | rows=24
2026-07-03 23:34:32 | INFO | src.jobs_xlsx.trendforce.get_dx_comp_index | TrendForce sheet loaded | file=Li-Ion Battery.xlsx | sheet=Li & Co & Ni | mode=single_value | rows=6 | columns=12
2026-07-03 23:34:32 | INFO | src.jobs_xlsx.trendforce.get_dx_comp_index | TrendForce sheet transformed | file=Li-Ion Battery.xlsx | sheet=Li & Co & Ni | category=Battery | sub_category=LiCoNi | rows=48
2026-07-03 23:34:32 | INFO | src.jobs_xlsx.trendforce.get_dx_comp_index | TrendForce sheet loaded | file=Li-Ion Battery.xlsx | sheet=Other | mode=single_value | rows=6 | columns=6
2026-07-03 23:34:32 | INFO | src.jobs_xlsx.trendforce.get_dx_comp_index | TrendForce sheet transformed | file=Li-Ion Battery.xlsx | sheet=Other | category=Battery | sub_category=Other | rows=12
2026-07-03 23:34:32 | INFO | src.jobs_xlsx.trendforce.get_dx_comp_index | TrendForce workbook transformed | file=Li-Ion Battery.xlsx | rows=264
2026-07-03 23:34:32 | INFO | src.jobs_xlsx.trendforce.get_dx_comp_index | TrendForce industry Parquet saved | output_path=C:\Users\Geust\PycharmProjects\AlternativeData\data_warehouse\raw\industry\components\dx_components.parquet | rows=10307
2026-07-07 01:06:59 | INFO | src.jobs_xlsx.trendforce.get_dx_comp_index | TrendForce industry data_lake job started | input_dir=/Users/tommy/Desktop/Pycharm/FinancialData/data_lake/industry/TrendForce | metadata_path=/Users/tommy/Desktop/Pycharm/FinancialData/data_lake/metadata.xlsx
2026-07-07 01:06:59 | INFO | src.jobs_xlsx.trendforce.get_dx_comp_index | TrendForce metadata loaded | symbols=123
2026-07-07 01:06:59 | INFO | src.jobs_xlsx.trendforce.get_dx_comp_index | TrendForce sheet loaded | file=DRAM.xlsx | sheet=DRAM | mode=multi_field | rows=2249 | columns=28
2026-07-07 01:06:59 | INFO | src.jobs_xlsx.trendforce.get_dx_comp_index | TrendForce sheet transformed | file=DRAM.xlsx | sheet=DRAM | category=DRAM | sub_category=DDR | rows=16257
2026-07-07 01:06:59 | INFO | src.jobs_xlsx.trendforce.get_dx_comp_index | TrendForce sheet loaded | file=DRAM.xlsx | sheet=DRAM Contract | mode=multi_field | rows=7 | columns=25
2026-07-07 01:06:59 | INFO | src.jobs_xlsx.trendforce.get_dx_comp_index | TrendForce sheet transformed | file=DRAM.xlsx | sheet=DRAM Contract | category=DRAM | sub_category=DDR | rows=132
2026-07-07 01:06:59 | INFO | src.jobs_xlsx.trendforce.get_dx_comp_index | TrendForce sheet loaded | file=DRAM.xlsx | sheet=Module | mode=multi_field | rows=34 | columns=22
2026-07-07 01:06:59 | INFO | src.jobs_xlsx.trendforce.get_dx_comp_index | TrendForce sheet transformed | file=DRAM.xlsx | sheet=Module | category=DRAM | sub_category=Module | rows=306
2026-07-07 01:06:59 | INFO | src.jobs_xlsx.trendforce.get_dx_comp_index | TrendForce sheet loaded | file=DRAM.xlsx | sheet=GDDR | mode=multi_field | rows=34 | columns=10
2026-07-07 01:06:59 | INFO | src.jobs_xlsx.trendforce.get_dx_comp_index | TrendForce sheet transformed | file=DRAM.xlsx | sheet=GDDR | category=DRAM | sub_category=GDDR | rows=204
2026-07-07 01:06:59 | INFO | src.jobs_xlsx.trendforce.get_dx_comp_index | TrendForce workbook transformed | file=DRAM.xlsx | rows=16899
2026-07-07 01:06:59 | INFO | src.jobs_xlsx.trendforce.get_dx_comp_index | TrendForce sheet loaded | file=NAND Flash.xlsx | sheet=Flash | mode=multi_field | rows=34 | columns=16
2026-07-07 01:06:59 | INFO | src.jobs_xlsx.trendforce.get_dx_comp_index | TrendForce sheet transformed | file=NAND Flash.xlsx | sheet=Flash | category=Flash Memory | sub_category=NAND | rows=408
2026-07-07 01:06:59 | INFO | src.jobs_xlsx.trendforce.get_dx_comp_index | TrendForce sheet loaded | file=NAND Flash.xlsx | sheet=Flash Contract | mode=multi_field | rows=6 | columns=13
2026-07-07 01:06:59 | INFO | src.jobs_xlsx.trendforce.get_dx_comp_index | TrendForce sheet transformed | file=NAND Flash.xlsx | sheet=Flash Contract | category=Flash Memory | sub_category=NAND | rows=51
2026-07-07 01:06:59 | INFO | src.jobs_xlsx.trendforce.get_dx_comp_index | TrendForce sheet loaded | file=NAND Flash.xlsx | sheet=Wafer | mode=multi_field | rows=34 | columns=13
2026-07-07 01:06:59 | INFO | src.jobs_xlsx.trendforce.get_dx_comp_index | TrendForce sheet transformed | file=NAND Flash.xlsx | sheet=Wafer | category=Flash Memory | sub_category=Wafer | rows=306
2026-07-07 01:06:59 | INFO | src.jobs_xlsx.trendforce.get_dx_comp_index | TrendForce sheet loaded | file=NAND Flash.xlsx | sheet=Memory Card | mode=multi_field | rows=34 | columns=16
2026-07-07 01:06:59 | INFO | src.jobs_xlsx.trendforce.get_dx_comp_index | TrendForce sheet transformed | file=NAND Flash.xlsx | sheet=Memory Card | category=Flash Memory | sub_category=Micro SD | rows=408
2026-07-07 01:06:59 | INFO | src.jobs_xlsx.trendforce.get_dx_comp_index | TrendForce sheet loaded | file=NAND Flash.xlsx | sheet=PC-Client OEM SSD | mode=multi_field | rows=3 | columns=13
2026-07-07 01:06:59 | INFO | src.jobs_xlsx.trendforce.get_dx_comp_index | TrendForce sheet transformed | file=NAND Flash.xlsx | sheet=PC-Client OEM SSD | category=Flash Memory | sub_category=SSD | rows=27
2026-07-07 01:06:59 | INFO | src.jobs_xlsx.trendforce.get_dx_comp_index | TrendForce sheet loaded | file=NAND Flash.xlsx | sheet=SSD Street | mode=multi_field | rows=17 | columns=28
2026-07-07 01:06:59 | INFO | src.jobs_xlsx.trendforce.get_dx_comp_index | TrendForce sheet transformed | file=NAND Flash.xlsx | sheet=SSD Street | category=Flash Memory | sub_category=SSD | rows=252
2026-07-07 01:06:59 | INFO | src.jobs_xlsx.trendforce.get_dx_comp_index | TrendForce workbook transformed | file=NAND Flash.xlsx | rows=1452
2026-07-07 01:06:59 | INFO | src.jobs_xlsx.trendforce.get_dx_comp_index | TrendForce sheet loaded | file=PV.xlsx | sheet=Polysilicon | mode=multi_field | rows=21 | columns=16
2026-07-07 01:06:59 | INFO | src.jobs_xlsx.trendforce.get_dx_comp_index | TrendForce sheet transformed | file=PV.xlsx | sheet=Polysilicon | category=PV | sub_category=Polysilicon | rows=252
2026-07-07 01:06:59 | INFO | src.jobs_xlsx.trendforce.get_dx_comp_index | TrendForce sheet loaded | file=PV.xlsx | sheet=Wafer | mode=multi_field | rows=21 | columns=13
2026-07-07 01:06:59 | INFO | src.jobs_xlsx.trendforce.get_dx_comp_index | TrendForce sheet transformed | file=PV.xlsx | sheet=Wafer | category=PV | sub_category=Wafer | rows=189
2026-07-07 01:06:59 | INFO | src.jobs_xlsx.trendforce.get_dx_comp_index | TrendForce sheet loaded | file=PV.xlsx | sheet=Cell | mode=multi_field | rows=21 | columns=13
2026-07-07 01:06:59 | INFO | src.jobs_xlsx.trendforce.get_dx_comp_index | TrendForce sheet transformed | file=PV.xlsx | sheet=Cell | category=PV | sub_category=Cell | rows=189
2026-07-07 01:06:59 | INFO | src.jobs_xlsx.trendforce.get_dx_comp_index | TrendForce sheet loaded | file=PV.xlsx | sheet=Module | mode=multi_field | rows=21 | columns=10
2026-07-07 01:06:59 | INFO | src.jobs_xlsx.trendforce.get_dx_comp_index | TrendForce sheet transformed | file=PV.xlsx | sheet=Module | category=PV | sub_category=Module | rows=126
2026-07-07 01:06:59 | INFO | src.jobs_xlsx.trendforce.get_dx_comp_index | TrendForce sheet loaded | file=PV.xlsx | sheet=PV Glass | mode=multi_field | rows=21 | columns=13
2026-07-07 01:06:59 | INFO | src.jobs_xlsx.trendforce.get_dx_comp_index | TrendForce sheet transformed | file=PV.xlsx | sheet=PV Glass | category=PV | sub_category=PV Glass | rows=189
2026-07-07 01:06:59 | INFO | src.jobs_xlsx.trendforce.get_dx_comp_index | TrendForce workbook transformed | file=PV.xlsx | rows=945
2026-07-07 01:06:59 | INFO | src.jobs_xlsx.trendforce.get_dx_comp_index | TrendForce sheet loaded | file=TFT LCD.xlsx | sheet=Large Size Panel | mode=multi_field | rows=6 | columns=16
2026-07-07 01:06:59 | INFO | src.jobs_xlsx.trendforce.get_dx_comp_index | TrendForce sheet transformed | file=TFT LCD.xlsx | sheet=Large Size Panel | category=TFTLCD | sub_category=Large Panel | rows=54
2026-07-07 01:06:59 | INFO | src.jobs_xlsx.trendforce.get_dx_comp_index | TrendForce sheet loaded | file=TFT LCD.xlsx | sheet=LCD Smartphone Panel | mode=multi_field | rows=6 | columns=12
2026-07-07 01:06:59 | INFO | src.jobs_xlsx.trendforce.get_dx_comp_index | TrendForce sheet transformed | file=TFT LCD.xlsx | sheet=LCD Smartphone Panel | category=TFTLCD | sub_category=Smartphone Panel | rows=36
2026-07-07 01:06:59 | INFO | src.jobs_xlsx.trendforce.get_dx_comp_index | TrendForce sheet loaded | file=TFT LCD.xlsx | sheet=Street | mode=multi_field | rows=7 | columns=24
2026-07-07 01:07:00 | INFO | src.jobs_xlsx.trendforce.get_dx_comp_index | TrendForce sheet transformed | file=TFT LCD.xlsx | sheet=Street | category=TFTLCD | sub_category=LCD | rows=97
2026-07-07 01:07:00 | INFO | src.jobs_xlsx.trendforce.get_dx_comp_index | TrendForce sheet loaded | file=TFT LCD.xlsx | sheet=Large Size Panel Shipment | mode=multi_field | rows=7 | columns=14
2026-07-07 01:07:00 | INFO | src.jobs_xlsx.trendforce.get_dx_comp_index | TrendForce sheet transformed | file=TFT LCD.xlsx | sheet=Large Size Panel Shipment | category=TFTLCD | sub_category=Shipment | rows=70
2026-07-07 01:07:00 | INFO | src.jobs_xlsx.trendforce.get_dx_comp_index | TrendForce workbook transformed | file=TFT LCD.xlsx | rows=257
2026-07-07 01:07:00 | INFO | src.jobs_xlsx.trendforce.get_dx_comp_index | TrendForce sheet loaded | file=Li-Ion Battery.xlsx | sheet=Battery Cell & Pack | mode=single_value | rows=6 | columns=11
2026-07-07 01:07:00 | INFO | src.jobs_xlsx.trendforce.get_dx_comp_index | TrendForce sheet transformed | file=Li-Ion Battery.xlsx | sheet=Battery Cell & Pack | category=Battery | sub_category=None | rows=42
2026-07-07 01:07:00 | INFO | src.jobs_xlsx.trendforce.get_dx_comp_index | TrendForce sheet loaded | file=Li-Ion Battery.xlsx | sheet=Precursor and Cathode Material | mode=single_value | rows=6 | columns=14
2026-07-07 01:07:00 | INFO | src.jobs_xlsx.trendforce.get_dx_comp_index | TrendForce sheet transformed | file=Li-Ion Battery.xlsx | sheet=Precursor and Cathode Material | category=Battery | sub_category=None | rows=60
2026-07-07 01:07:00 | INFO | src.jobs_xlsx.trendforce.get_dx_comp_index | TrendForce sheet loaded | file=Li-Ion Battery.xlsx | sheet=Anode Material | mode=single_value | rows=6 | columns=12
2026-07-07 01:07:00 | INFO | src.jobs_xlsx.trendforce.get_dx_comp_index | TrendForce sheet transformed | file=Li-Ion Battery.xlsx | sheet=Anode Material | category=Battery | sub_category=Anode Material | rows=48
2026-07-07 01:07:00 | INFO | src.jobs_xlsx.trendforce.get_dx_comp_index | TrendForce sheet loaded | file=Li-Ion Battery.xlsx | sheet=Separator | mode=single_value | rows=6 | columns=9
2026-07-07 01:07:00 | INFO | src.jobs_xlsx.trendforce.get_dx_comp_index | TrendForce sheet transformed | file=Li-Ion Battery.xlsx | sheet=Separator | category=Battery | sub_category=Separator | rows=30
2026-07-07 01:07:00 | INFO | src.jobs_xlsx.trendforce.get_dx_comp_index | TrendForce sheet loaded | file=Li-Ion Battery.xlsx | sheet=Electrolyte | mode=single_value | rows=6 | columns=8
2026-07-07 01:07:00 | INFO | src.jobs_xlsx.trendforce.get_dx_comp_index | TrendForce sheet transformed | file=Li-Ion Battery.xlsx | sheet=Electrolyte | category=Battery | sub_category=Electrolyte | rows=24
2026-07-07 01:07:00 | INFO | src.jobs_xlsx.trendforce.get_dx_comp_index | TrendForce sheet loaded | file=Li-Ion Battery.xlsx | sheet=Li & Co & Ni | mode=single_value | rows=6 | columns=12
2026-07-07 01:07:00 | INFO | src.jobs_xlsx.trendforce.get_dx_comp_index | TrendForce sheet transformed | file=Li-Ion Battery.xlsx | sheet=Li & Co & Ni | category=Battery | sub_category=LiCoNi | rows=48
2026-07-07 01:07:00 | INFO | src.jobs_xlsx.trendforce.get_dx_comp_index | TrendForce sheet loaded | file=Li-Ion Battery.xlsx | sheet=Other | mode=single_value | rows=6 | columns=6
2026-07-07 01:07:00 | INFO | src.jobs_xlsx.trendforce.get_dx_comp_index | TrendForce sheet transformed | file=Li-Ion Battery.xlsx | sheet=Other | category=Battery | sub_category=Other | rows=12
2026-07-07 01:07:00 | INFO | src.jobs_xlsx.trendforce.get_dx_comp_index | TrendForce workbook transformed | file=Li-Ion Battery.xlsx | rows=264
2026-07-07 01:07:00 | INFO | src.jobs_xlsx.trendforce.get_dx_comp_index | TrendForce industry Parquet saved | output_path=/Users/tommy/Desktop/Pycharm/FinancialData/data_warehouse/raw/industry/components/dx_components.parquet | rows=19817
2026-07-07 15:32:44 | INFO | src.jobs_xlsx.trendforce.get_dx_comp_index | TrendForce industry data_lake job started | input_dir=C:\Users\krm\PycharmProjects\AlternativeData\data_lake\industry\TrendForce | metadata_path=C:\Users\krm\PycharmProjects\AlternativeData\data_lake\metadata.xlsx
2026-07-07 15:32:45 | INFO | src.jobs_xlsx.trendforce.get_dx_comp_index | TrendForce metadata loaded | symbols=123
2026-07-07 15:32:45 | INFO | src.jobs_xlsx.trendforce.get_dx_comp_index | TrendForce sheet loaded | file=DRAM.xlsx | sheet=DRAM | mode=multi_field | rows=2252 | columns=28
2026-07-07 15:32:45 | INFO | src.jobs_xlsx.trendforce.get_dx_comp_index | TrendForce sheet transformed | file=DRAM.xlsx | sheet=DRAM | category=DRAM | sub_category=DDR | rows=16278
2026-07-07 15:32:45 | INFO | src.jobs_xlsx.trendforce.get_dx_comp_index | TrendForce sheet loaded | file=DRAM.xlsx | sheet=DRAM Contract | mode=multi_field | rows=7 | columns=25
2026-07-07 15:32:45 | INFO | src.jobs_xlsx.trendforce.get_dx_comp_index | TrendForce sheet transformed | file=DRAM.xlsx | sheet=DRAM Contract | category=DRAM | sub_category=DDR | rows=132
2026-07-07 15:32:45 | INFO | src.jobs_xlsx.trendforce.get_dx_comp_index | TrendForce sheet loaded | file=DRAM.xlsx | sheet=Module | mode=multi_field | rows=34 | columns=22
2026-07-07 15:32:46 | INFO | src.jobs_xlsx.trendforce.get_dx_comp_index | TrendForce sheet transformed | file=DRAM.xlsx | sheet=Module | category=DRAM | sub_category=Module | rows=306
2026-07-07 15:32:46 | INFO | src.jobs_xlsx.trendforce.get_dx_comp_index | TrendForce sheet loaded | file=DRAM.xlsx | sheet=GDDR | mode=multi_field | rows=34 | columns=10
2026-07-07 15:32:46 | INFO | src.jobs_xlsx.trendforce.get_dx_comp_index | TrendForce sheet transformed | file=DRAM.xlsx | sheet=GDDR | category=DRAM | sub_category=GDDR | rows=204
2026-07-07 15:32:46 | INFO | src.jobs_xlsx.trendforce.get_dx_comp_index | TrendForce workbook transformed | file=DRAM.xlsx | rows=16920
2026-07-07 15:32:46 | INFO | src.jobs_xlsx.trendforce.get_dx_comp_index | TrendForce sheet loaded | file=NAND Flash.xlsx | sheet=Flash | mode=multi_field | rows=34 | columns=16
2026-07-07 15:32:46 | INFO | src.jobs_xlsx.trendforce.get_dx_comp_index | TrendForce sheet transformed | file=NAND Flash.xlsx | sheet=Flash | category=Flash Memory | sub_category=NAND | rows=408
2026-07-07 15:32:46 | INFO | src.jobs_xlsx.trendforce.get_dx_comp_index | TrendForce sheet loaded | file=NAND Flash.xlsx | sheet=Flash Contract | mode=multi_field | rows=6 | columns=13
2026-07-07 15:32:46 | INFO | src.jobs_xlsx.trendforce.get_dx_comp_index | TrendForce sheet transformed | file=NAND Flash.xlsx | sheet=Flash Contract | category=Flash Memory | sub_category=NAND | rows=51
2026-07-07 15:32:46 | INFO | src.jobs_xlsx.trendforce.get_dx_comp_index | TrendForce sheet loaded | file=NAND Flash.xlsx | sheet=Wafer | mode=multi_field | rows=34 | columns=13
2026-07-07 15:32:46 | INFO | src.jobs_xlsx.trendforce.get_dx_comp_index | TrendForce sheet transformed | file=NAND Flash.xlsx | sheet=Wafer | category=Flash Memory | sub_category=Wafer | rows=306
2026-07-07 15:32:46 | INFO | src.jobs_xlsx.trendforce.get_dx_comp_index | TrendForce sheet loaded | file=NAND Flash.xlsx | sheet=Memory Card | mode=multi_field | rows=34 | columns=16
2026-07-07 15:32:47 | INFO | src.jobs_xlsx.trendforce.get_dx_comp_index | TrendForce sheet transformed | file=NAND Flash.xlsx | sheet=Memory Card | category=Flash Memory | sub_category=Micro SD | rows=408
2026-07-07 15:32:47 | INFO | src.jobs_xlsx.trendforce.get_dx_comp_index | TrendForce sheet loaded | file=NAND Flash.xlsx | sheet=PC-Client OEM SSD | mode=multi_field | rows=3 | columns=13
2026-07-07 15:32:47 | INFO | src.jobs_xlsx.trendforce.get_dx_comp_index | TrendForce sheet transformed | file=NAND Flash.xlsx | sheet=PC-Client OEM SSD | category=Flash Memory | sub_category=SSD | rows=27
2026-07-07 15:32:47 | INFO | src.jobs_xlsx.trendforce.get_dx_comp_index | TrendForce sheet loaded | file=NAND Flash.xlsx | sheet=SSD Street | mode=multi_field | rows=17 | columns=28
2026-07-07 15:32:47 | INFO | src.jobs_xlsx.trendforce.get_dx_comp_index | TrendForce sheet transformed | file=NAND Flash.xlsx | sheet=SSD Street | category=Flash Memory | sub_category=SSD | rows=252
2026-07-07 15:32:47 | INFO | src.jobs_xlsx.trendforce.get_dx_comp_index | TrendForce workbook transformed | file=NAND Flash.xlsx | rows=1452
2026-07-07 15:32:47 | INFO | src.jobs_xlsx.trendforce.get_dx_comp_index | TrendForce sheet loaded | file=PV.xlsx | sheet=Polysilicon | mode=multi_field | rows=21 | columns=16
2026-07-07 15:32:47 | INFO | src.jobs_xlsx.trendforce.get_dx_comp_index | TrendForce sheet transformed | file=PV.xlsx | sheet=Polysilicon | category=PV | sub_category=Polysilicon | rows=252
2026-07-07 15:32:47 | INFO | src.jobs_xlsx.trendforce.get_dx_comp_index | TrendForce sheet loaded | file=PV.xlsx | sheet=Wafer | mode=multi_field | rows=21 | columns=13
2026-07-07 15:32:47 | INFO | src.jobs_xlsx.trendforce.get_dx_comp_index | TrendForce sheet transformed | file=PV.xlsx | sheet=Wafer | category=PV | sub_category=Wafer | rows=189
2026-07-07 15:32:47 | INFO | src.jobs_xlsx.trendforce.get_dx_comp_index | TrendForce sheet loaded | file=PV.xlsx | sheet=Cell | mode=multi_field | rows=21 | columns=13
2026-07-07 15:32:47 | INFO | src.jobs_xlsx.trendforce.get_dx_comp_index | TrendForce sheet transformed | file=PV.xlsx | sheet=Cell | category=PV | sub_category=Cell | rows=189
2026-07-07 15:32:47 | INFO | src.jobs_xlsx.trendforce.get_dx_comp_index | TrendForce sheet loaded | file=PV.xlsx | sheet=Module | mode=multi_field | rows=21 | columns=10
2026-07-07 15:32:47 | INFO | src.jobs_xlsx.trendforce.get_dx_comp_index | TrendForce sheet transformed | file=PV.xlsx | sheet=Module | category=PV | sub_category=Module | rows=126
2026-07-07 15:32:47 | INFO | src.jobs_xlsx.trendforce.get_dx_comp_index | TrendForce sheet loaded | file=PV.xlsx | sheet=PV Glass | mode=multi_field | rows=21 | columns=13
2026-07-07 15:32:48 | INFO | src.jobs_xlsx.trendforce.get_dx_comp_index | TrendForce sheet transformed | file=PV.xlsx | sheet=PV Glass | category=PV | sub_category=PV Glass | rows=189
2026-07-07 15:32:48 | INFO | src.jobs_xlsx.trendforce.get_dx_comp_index | TrendForce workbook transformed | file=PV.xlsx | rows=945
2026-07-07 15:32:48 | INFO | src.jobs_xlsx.trendforce.get_dx_comp_index | TrendForce sheet loaded | file=TFT LCD.xlsx | sheet=Large Size Panel | mode=multi_field | rows=6 | columns=16
2026-07-07 15:32:48 | INFO | src.jobs_xlsx.trendforce.get_dx_comp_index | TrendForce sheet transformed | file=TFT LCD.xlsx | sheet=Large Size Panel | category=TFTLCD | sub_category=Large Panel | rows=54
2026-07-07 15:32:48 | INFO | src.jobs_xlsx.trendforce.get_dx_comp_index | TrendForce sheet loaded | file=TFT LCD.xlsx | sheet=LCD Smartphone Panel | mode=multi_field | rows=6 | columns=12
2026-07-07 15:32:48 | INFO | src.jobs_xlsx.trendforce.get_dx_comp_index | TrendForce sheet transformed | file=TFT LCD.xlsx | sheet=LCD Smartphone Panel | category=TFTLCD | sub_category=Smartphone Panel | rows=36
2026-07-07 15:32:48 | INFO | src.jobs_xlsx.trendforce.get_dx_comp_index | TrendForce sheet loaded | file=TFT LCD.xlsx | sheet=Street | mode=multi_field | rows=7 | columns=24
2026-07-07 15:32:48 | INFO | src.jobs_xlsx.trendforce.get_dx_comp_index | TrendForce sheet transformed | file=TFT LCD.xlsx | sheet=Street | category=TFTLCD | sub_category=LCD | rows=97
2026-07-07 15:32:48 | INFO | src.jobs_xlsx.trendforce.get_dx_comp_index | TrendForce sheet loaded | file=TFT LCD.xlsx | sheet=Large Size Panel Shipment | mode=multi_field | rows=7 | columns=14
2026-07-07 15:32:48 | INFO | src.jobs_xlsx.trendforce.get_dx_comp_index | TrendForce sheet transformed | file=TFT LCD.xlsx | sheet=Large Size Panel Shipment | category=TFTLCD | sub_category=Shipment | rows=70
2026-07-07 15:32:48 | INFO | src.jobs_xlsx.trendforce.get_dx_comp_index | TrendForce workbook transformed | file=TFT LCD.xlsx | rows=257
2026-07-07 15:32:48 | INFO | src.jobs_xlsx.trendforce.get_dx_comp_index | TrendForce sheet loaded | file=Li-Ion Battery.xlsx | sheet=Battery Cell & Pack | mode=single_value | rows=6 | columns=11
2026-07-07 15:32:49 | INFO | src.jobs_xlsx.trendforce.get_dx_comp_index | TrendForce sheet transformed | file=Li-Ion Battery.xlsx | sheet=Battery Cell & Pack | category=Battery | sub_category=None | rows=42
2026-07-07 15:32:49 | INFO | src.jobs_xlsx.trendforce.get_dx_comp_index | TrendForce sheet loaded | file=Li-Ion Battery.xlsx | sheet=Precursor and Cathode Material | mode=single_value | rows=6 | columns=14
2026-07-07 15:32:49 | INFO | src.jobs_xlsx.trendforce.get_dx_comp_index | TrendForce sheet transformed | file=Li-Ion Battery.xlsx | sheet=Precursor and Cathode Material | category=Battery | sub_category=None | rows=60
2026-07-07 15:32:49 | INFO | src.jobs_xlsx.trendforce.get_dx_comp_index | TrendForce sheet loaded | file=Li-Ion Battery.xlsx | sheet=Anode Material | mode=single_value | rows=6 | columns=12
2026-07-07 15:32:49 | INFO | src.jobs_xlsx.trendforce.get_dx_comp_index | TrendForce sheet transformed | file=Li-Ion Battery.xlsx | sheet=Anode Material | category=Battery | sub_category=Anode Material | rows=48
2026-07-07 15:32:49 | INFO | src.jobs_xlsx.trendforce.get_dx_comp_index | TrendForce sheet loaded | file=Li-Ion Battery.xlsx | sheet=Separator | mode=single_value | rows=6 | columns=9
2026-07-07 15:32:49 | INFO | src.jobs_xlsx.trendforce.get_dx_comp_index | TrendForce sheet transformed | file=Li-Ion Battery.xlsx | sheet=Separator | category=Battery | sub_category=Separator | rows=30
2026-07-07 15:32:49 | INFO | src.jobs_xlsx.trendforce.get_dx_comp_index | TrendForce sheet loaded | file=Li-Ion Battery.xlsx | sheet=Electrolyte | mode=single_value | rows=6 | columns=8
2026-07-07 15:32:49 | INFO | src.jobs_xlsx.trendforce.get_dx_comp_index | TrendForce sheet transformed | file=Li-Ion Battery.xlsx | sheet=Electrolyte | category=Battery | sub_category=Electrolyte | rows=24
2026-07-07 15:32:49 | INFO | src.jobs_xlsx.trendforce.get_dx_comp_index | TrendForce sheet loaded | file=Li-Ion Battery.xlsx | sheet=Li & Co & Ni | mode=single_value | rows=6 | columns=12
2026-07-07 15:32:49 | INFO | src.jobs_xlsx.trendforce.get_dx_comp_index | TrendForce sheet transformed | file=Li-Ion Battery.xlsx | sheet=Li & Co & Ni | category=Battery | sub_category=LiCoNi | rows=48
2026-07-07 15:32:49 | INFO | src.jobs_xlsx.trendforce.get_dx_comp_index | TrendForce sheet loaded | file=Li-Ion Battery.xlsx | sheet=Other | mode=single_value | rows=6 | columns=6
2026-07-07 15:32:49 | INFO | src.jobs_xlsx.trendforce.get_dx_comp_index | TrendForce sheet transformed | file=Li-Ion Battery.xlsx | sheet=Other | category=Battery | sub_category=Other | rows=12
2026-07-07 15:32:49 | INFO | src.jobs_xlsx.trendforce.get_dx_comp_index | TrendForce workbook transformed | file=Li-Ion Battery.xlsx | rows=264
2026-07-07 15:32:49 | INFO | src.jobs_xlsx.trendforce.get_dx_comp_index | TrendForce industry Parquet saved | output_path=C:\Users\krm\PycharmProjects\AlternativeData\data_warehouse\raw\industry\components\dx_components.parquet | rows=19838
2026-07-16 14:25:52 | INFO | src.jobs_xlsx.trendforce.get_dx_comp_index | TrendForce industry data_lake job started | input_dir=C:\Users\krm\PycharmProjects\AlternativeData\data_lake\industry\TrendForce | metadata_path=C:\Users\krm\PycharmProjects\AlternativeData\data_lake\metadata.xlsx
2026-07-16 14:25:52 | INFO | src.jobs_xlsx.trendforce.get_dx_comp_index | TrendForce metadata loaded | symbols=123
2026-07-16 14:25:52 | INFO | src.jobs_xlsx.trendforce.get_dx_comp_index | TrendForce sheet loaded | file=DRAM.xlsx | sheet=DRAM | mode=multi_field | rows=2273 | columns=28
2026-07-16 14:25:52 | INFO | src.jobs_xlsx.trendforce.get_dx_comp_index | TrendForce sheet transformed | file=DRAM.xlsx | sheet=DRAM | category=DRAM | sub_category=DDR | rows=16719
2026-07-16 14:25:52 | INFO | src.jobs_xlsx.trendforce.get_dx_comp_index | TrendForce sheet loaded | file=DRAM.xlsx | sheet=DRAM Contract | mode=multi_field | rows=7 | columns=25
2026-07-16 14:25:52 | INFO | src.jobs_xlsx.trendforce.get_dx_comp_index | TrendForce sheet transformed | file=DRAM.xlsx | sheet=DRAM Contract | category=DRAM | sub_category=DDR | rows=132
2026-07-16 14:25:52 | INFO | src.jobs_xlsx.trendforce.get_dx_comp_index | TrendForce sheet loaded | file=DRAM.xlsx | sheet=Module | mode=multi_field | rows=35 | columns=22
2026-07-16 14:25:53 | INFO | src.jobs_xlsx.trendforce.get_dx_comp_index | TrendForce sheet transformed | file=DRAM.xlsx | sheet=Module | category=DRAM | sub_category=Module | rows=315
2026-07-16 14:25:53 | INFO | src.jobs_xlsx.trendforce.get_dx_comp_index | TrendForce sheet loaded | file=DRAM.xlsx | sheet=GDDR | mode=multi_field | rows=35 | columns=10
2026-07-16 14:25:53 | INFO | src.jobs_xlsx.trendforce.get_dx_comp_index | TrendForce sheet transformed | file=DRAM.xlsx | sheet=GDDR | category=DRAM | sub_category=GDDR | rows=210
2026-07-16 14:25:53 | INFO | src.jobs_xlsx.trendforce.get_dx_comp_index | TrendForce workbook transformed | file=DRAM.xlsx | rows=17376
2026-07-16 14:25:53 | INFO | src.jobs_xlsx.trendforce.get_dx_comp_index | TrendForce sheet loaded | file=NAND Flash.xlsx | sheet=Flash | mode=multi_field | rows=35 | columns=16
2026-07-16 14:25:53 | INFO | src.jobs_xlsx.trendforce.get_dx_comp_index | TrendForce sheet transformed | file=NAND Flash.xlsx | sheet=Flash | category=Flash Memory | sub_category=NAND | rows=420
2026-07-16 14:25:53 | INFO | src.jobs_xlsx.trendforce.get_dx_comp_index | TrendForce sheet loaded | file=NAND Flash.xlsx | sheet=Flash Contract | mode=multi_field | rows=6 | columns=13
2026-07-16 14:25:53 | INFO | src.jobs_xlsx.trendforce.get_dx_comp_index | TrendForce sheet transformed | file=NAND Flash.xlsx | sheet=Flash Contract | category=Flash Memory | sub_category=NAND | rows=51
2026-07-16 14:25:53 | INFO | src.jobs_xlsx.trendforce.get_dx_comp_index | TrendForce sheet loaded | file=NAND Flash.xlsx | sheet=Wafer | mode=multi_field | rows=35 | columns=13
2026-07-16 14:25:53 | INFO | src.jobs_xlsx.trendforce.get_dx_comp_index | TrendForce sheet transformed | file=NAND Flash.xlsx | sheet=Wafer | category=Flash Memory | sub_category=Wafer | rows=315
2026-07-16 14:25:53 | INFO | src.jobs_xlsx.trendforce.get_dx_comp_index | TrendForce sheet loaded | file=NAND Flash.xlsx | sheet=Memory Card | mode=multi_field | rows=35 | columns=16
2026-07-16 14:25:53 | INFO | src.jobs_xlsx.trendforce.get_dx_comp_index | TrendForce sheet transformed | file=NAND Flash.xlsx | sheet=Memory Card | category=Flash Memory | sub_category=Micro SD | rows=420
2026-07-16 14:25:53 | INFO | src.jobs_xlsx.trendforce.get_dx_comp_index | TrendForce sheet loaded | file=NAND Flash.xlsx | sheet=PC-Client OEM SSD | mode=multi_field | rows=3 | columns=13
2026-07-16 14:25:53 | INFO | src.jobs_xlsx.trendforce.get_dx_comp_index | TrendForce sheet transformed | file=NAND Flash.xlsx | sheet=PC-Client OEM SSD | category=Flash Memory | sub_category=SSD | rows=27
2026-07-16 14:25:53 | INFO | src.jobs_xlsx.trendforce.get_dx_comp_index | TrendForce sheet loaded | file=NAND Flash.xlsx | sheet=SSD Street | mode=multi_field | rows=17 | columns=28
2026-07-16 14:25:53 | INFO | src.jobs_xlsx.trendforce.get_dx_comp_index | TrendForce sheet transformed | file=NAND Flash.xlsx | sheet=SSD Street | category=Flash Memory | sub_category=SSD | rows=252
2026-07-16 14:25:53 | INFO | src.jobs_xlsx.trendforce.get_dx_comp_index | TrendForce workbook transformed | file=NAND Flash.xlsx | rows=1485
2026-07-16 14:25:53 | INFO | src.jobs_xlsx.trendforce.get_dx_comp_index | TrendForce sheet loaded | file=PV.xlsx | sheet=Polysilicon | mode=multi_field | rows=23 | columns=16
2026-07-16 14:25:53 | INFO | src.jobs_xlsx.trendforce.get_dx_comp_index | TrendForce sheet transformed | file=PV.xlsx | sheet=Polysilicon | category=PV | sub_category=Polysilicon | rows=276
2026-07-16 14:25:53 | INFO | src.jobs_xlsx.trendforce.get_dx_comp_index | TrendForce sheet loaded | file=PV.xlsx | sheet=Wafer | mode=multi_field | rows=23 | columns=13
2026-07-16 14:25:53 | INFO | src.jobs_xlsx.trendforce.get_dx_comp_index | TrendForce sheet transformed | file=PV.xlsx | sheet=Wafer | category=PV | sub_category=Wafer | rows=207
2026-07-16 14:25:53 | INFO | src.jobs_xlsx.trendforce.get_dx_comp_index | TrendForce sheet loaded | file=PV.xlsx | sheet=Cell | mode=multi_field | rows=23 | columns=13
2026-07-16 14:25:53 | INFO | src.jobs_xlsx.trendforce.get_dx_comp_index | TrendForce sheet transformed | file=PV.xlsx | sheet=Cell | category=PV | sub_category=Cell | rows=207
2026-07-16 14:25:53 | INFO | src.jobs_xlsx.trendforce.get_dx_comp_index | TrendForce sheet loaded | file=PV.xlsx | sheet=Module | mode=multi_field | rows=23 | columns=10
2026-07-16 14:25:53 | INFO | src.jobs_xlsx.trendforce.get_dx_comp_index | TrendForce sheet transformed | file=PV.xlsx | sheet=Module | category=PV | sub_category=Module | rows=138
2026-07-16 14:25:53 | INFO | src.jobs_xlsx.trendforce.get_dx_comp_index | TrendForce sheet loaded | file=PV.xlsx | sheet=PV Glass | mode=multi_field | rows=23 | columns=13
2026-07-16 14:25:53 | INFO | src.jobs_xlsx.trendforce.get_dx_comp_index | TrendForce sheet transformed | file=PV.xlsx | sheet=PV Glass | category=PV | sub_category=PV Glass | rows=207
2026-07-16 14:25:54 | INFO | src.jobs_xlsx.trendforce.get_dx_comp_index | TrendForce workbook transformed | file=PV.xlsx | rows=1035
2026-07-16 14:25:54 | INFO | src.jobs_xlsx.trendforce.get_dx_comp_index | TrendForce sheet loaded | file=TFT LCD.xlsx | sheet=Large Size Panel | mode=multi_field | rows=6 | columns=16
2026-07-16 14:25:54 | INFO | src.jobs_xlsx.trendforce.get_dx_comp_index | TrendForce sheet transformed | file=TFT LCD.xlsx | sheet=Large Size Panel | category=TFTLCD | sub_category=Large Panel | rows=54
2026-07-16 14:25:54 | INFO | src.jobs_xlsx.trendforce.get_dx_comp_index | TrendForce sheet loaded | file=TFT LCD.xlsx | sheet=LCD Smartphone Panel | mode=multi_field | rows=7 | columns=12
2026-07-16 14:25:54 | INFO | src.jobs_xlsx.trendforce.get_dx_comp_index | TrendForce sheet transformed | file=TFT LCD.xlsx | sheet=LCD Smartphone Panel | category=TFTLCD | sub_category=Smartphone Panel | rows=42
2026-07-16 14:25:54 | INFO | src.jobs_xlsx.trendforce.get_dx_comp_index | TrendForce sheet loaded | file=TFT LCD.xlsx | sheet=Street | mode=multi_field | rows=8 | columns=24
2026-07-16 14:25:54 | INFO | src.jobs_xlsx.trendforce.get_dx_comp_index | TrendForce sheet transformed | file=TFT LCD.xlsx | sheet=Street | category=TFTLCD | sub_category=LCD | rows=112
2026-07-16 14:25:54 | INFO | src.jobs_xlsx.trendforce.get_dx_comp_index | TrendForce sheet loaded | file=TFT LCD.xlsx | sheet=Large Size Panel Shipment | mode=multi_field | rows=7 | columns=14
2026-07-16 14:25:54 | INFO | src.jobs_xlsx.trendforce.get_dx_comp_index | TrendForce sheet transformed | file=TFT LCD.xlsx | sheet=Large Size Panel Shipment | category=TFTLCD | sub_category=Shipment | rows=70
2026-07-16 14:25:54 | INFO | src.jobs_xlsx.trendforce.get_dx_comp_index | TrendForce workbook transformed | file=TFT LCD.xlsx | rows=278
2026-07-16 14:25:54 | INFO | src.jobs_xlsx.trendforce.get_dx_comp_index | TrendForce sheet loaded | file=Li-Ion Battery.xlsx | sheet=Battery Cell & Pack | mode=single_value | rows=7 | columns=11
2026-07-16 14:25:54 | INFO | src.jobs_xlsx.trendforce.get_dx_comp_index | TrendForce sheet transformed | file=Li-Ion Battery.xlsx | sheet=Battery Cell & Pack | category=Battery | sub_category=None | rows=49
2026-07-16 14:25:54 | INFO | src.jobs_xlsx.trendforce.get_dx_comp_index | TrendForce sheet loaded | file=Li-Ion Battery.xlsx | sheet=Precursor and Cathode Material | mode=single_value | rows=7 | columns=14
2026-07-16 14:25:54 | INFO | src.jobs_xlsx.trendforce.get_dx_comp_index | TrendForce sheet transformed | file=Li-Ion Battery.xlsx | sheet=Precursor and Cathode Material | category=Battery | sub_category=None | rows=70
2026-07-16 14:25:54 | INFO | src.jobs_xlsx.trendforce.get_dx_comp_index | TrendForce sheet loaded | file=Li-Ion Battery.xlsx | sheet=Anode Material | mode=single_value | rows=7 | columns=12
2026-07-16 14:25:54 | INFO | src.jobs_xlsx.trendforce.get_dx_comp_index | TrendForce sheet transformed | file=Li-Ion Battery.xlsx | sheet=Anode Material | category=Battery | sub_category=Anode Material | rows=56
2026-07-16 14:25:54 | INFO | src.jobs_xlsx.trendforce.get_dx_comp_index | TrendForce sheet loaded | file=Li-Ion Battery.xlsx | sheet=Separator | mode=single_value | rows=7 | columns=9
2026-07-16 14:25:54 | INFO | src.jobs_xlsx.trendforce.get_dx_comp_index | TrendForce sheet transformed | file=Li-Ion Battery.xlsx | sheet=Separator | category=Battery | sub_category=Separator | rows=35
2026-07-16 14:25:54 | INFO | src.jobs_xlsx.trendforce.get_dx_comp_index | TrendForce sheet loaded | file=Li-Ion Battery.xlsx | sheet=Electrolyte | mode=single_value | rows=7 | columns=8
2026-07-16 14:25:54 | INFO | src.jobs_xlsx.trendforce.get_dx_comp_index | TrendForce sheet transformed | file=Li-Ion Battery.xlsx | sheet=Electrolyte | category=Battery | sub_category=Electrolyte | rows=28
2026-07-16 14:25:54 | INFO | src.jobs_xlsx.trendforce.get_dx_comp_index | TrendForce sheet loaded | file=Li-Ion Battery.xlsx | sheet=Li & Co & Ni | mode=single_value | rows=7 | columns=12
2026-07-16 14:25:54 | INFO | src.jobs_xlsx.trendforce.get_dx_comp_index | TrendForce sheet transformed | file=Li-Ion Battery.xlsx | sheet=Li & Co & Ni | category=Battery | sub_category=LiCoNi | rows=56
2026-07-16 14:25:54 | INFO | src.jobs_xlsx.trendforce.get_dx_comp_index | TrendForce sheet loaded | file=Li-Ion Battery.xlsx | sheet=Other | mode=single_value | rows=7 | columns=6
2026-07-16 14:25:54 | INFO | src.jobs_xlsx.trendforce.get_dx_comp_index | TrendForce sheet transformed | file=Li-Ion Battery.xlsx | sheet=Other | category=Battery | sub_category=Other | rows=14
2026-07-16 14:25:54 | INFO | src.jobs_xlsx.trendforce.get_dx_comp_index | TrendForce workbook transformed | file=Li-Ion Battery.xlsx | rows=308
2026-07-16 14:25:54 | INFO | src.jobs_xlsx.trendforce.get_dx_comp_index | TrendForce industry Parquet saved | output_path=C:\Users\krm\PycharmProjects\AlternativeData\data_warehouse\raw\industry\components\dx_components.parquet | rows=20482
2026-07-19 03:13:31 | INFO | src.jobs_xlsx.trendforce.get_dx_comp_index | TrendForce industry data_lake job started | input_dir=/Users/tommy/Desktop/Pycharm/FinancialData/data_lake/industry/TrendForce | metadata_path=/Users/tommy/Desktop/Pycharm/FinancialData/data_lake/metadata.xlsx
2026-07-19 03:13:31 | INFO | src.jobs_xlsx.trendforce.get_dx_comp_index | TrendForce metadata loaded | symbols=123
2026-07-19 03:13:31 | INFO | src.jobs_xlsx.trendforce.get_dx_comp_index | TrendForce sheet loaded | file=DRAM.xlsx | sheet=DRAM | mode=multi_field | rows=2276 | columns=28
2026-07-19 03:13:31 | INFO | src.jobs_xlsx.trendforce.get_dx_comp_index | TrendForce sheet transformed | file=DRAM.xlsx | sheet=DRAM | category=DRAM | sub_category=DDR | rows=16824
2026-07-19 03:13:31 | INFO | src.jobs_xlsx.trendforce.get_dx_comp_index | TrendForce sheet loaded | file=DRAM.xlsx | sheet=DRAM Contract | mode=multi_field | rows=7 | columns=25
2026-07-19 03:13:31 | INFO | src.jobs_xlsx.trendforce.get_dx_comp_index | TrendForce sheet transformed | file=DRAM.xlsx | sheet=DRAM Contract | category=DRAM | sub_category=DDR | rows=132
2026-07-19 03:13:31 | INFO | src.jobs_xlsx.trendforce.get_dx_comp_index | TrendForce sheet loaded | file=DRAM.xlsx | sheet=Module | mode=multi_field | rows=35 | columns=22
2026-07-19 03:13:31 | INFO | src.jobs_xlsx.trendforce.get_dx_comp_index | TrendForce sheet transformed | file=DRAM.xlsx | sheet=Module | category=DRAM | sub_category=Module | rows=315
2026-07-19 03:13:31 | INFO | src.jobs_xlsx.trendforce.get_dx_comp_index | TrendForce sheet loaded | file=DRAM.xlsx | sheet=GDDR | mode=multi_field | rows=35 | columns=10
2026-07-19 03:13:31 | INFO | src.jobs_xlsx.trendforce.get_dx_comp_index | TrendForce sheet transformed | file=DRAM.xlsx | sheet=GDDR | category=DRAM | sub_category=GDDR | rows=210
2026-07-19 03:13:31 | INFO | src.jobs_xlsx.trendforce.get_dx_comp_index | TrendForce workbook transformed | file=DRAM.xlsx | rows=17481
2026-07-19 03:13:33 | INFO | src.jobs_xlsx.trendforce.get_dx_comp_index | TrendForce sheet loaded | file=NAND Flash.xlsx | sheet=Flash | mode=multi_field | rows=35 | columns=16
2026-07-19 03:13:33 | INFO | src.jobs_xlsx.trendforce.get_dx_comp_index | TrendForce sheet transformed | file=NAND Flash.xlsx | sheet=Flash | category=Flash Memory | sub_category=NAND | rows=420
2026-07-19 03:13:33 | INFO | src.jobs_xlsx.trendforce.get_dx_comp_index | TrendForce sheet loaded | file=NAND Flash.xlsx | sheet=Flash Contract | mode=multi_field | rows=6 | columns=13
2026-07-19 03:13:33 | INFO | src.jobs_xlsx.trendforce.get_dx_comp_index | TrendForce sheet transformed | file=NAND Flash.xlsx | sheet=Flash Contract | category=Flash Memory | sub_category=NAND | rows=51
2026-07-19 03:13:33 | INFO | src.jobs_xlsx.trendforce.get_dx_comp_index | TrendForce sheet loaded | file=NAND Flash.xlsx | sheet=Wafer | mode=multi_field | rows=35 | columns=13
2026-07-19 03:13:33 | INFO | src.jobs_xlsx.trendforce.get_dx_comp_index | TrendForce sheet transformed | file=NAND Flash.xlsx | sheet=Wafer | category=Flash Memory | sub_category=Wafer | rows=315
2026-07-19 03:13:33 | INFO | src.jobs_xlsx.trendforce.get_dx_comp_index | TrendForce sheet loaded | file=NAND Flash.xlsx | sheet=Memory Card | mode=multi_field | rows=35 | columns=16
2026-07-19 03:13:33 | INFO | src.jobs_xlsx.trendforce.get_dx_comp_index | TrendForce sheet transformed | file=NAND Flash.xlsx | sheet=Memory Card | category=Flash Memory | sub_category=Micro SD | rows=420
2026-07-19 03:13:33 | INFO | src.jobs_xlsx.trendforce.get_dx_comp_index | TrendForce sheet loaded | file=NAND Flash.xlsx | sheet=PC-Client OEM SSD | mode=multi_field | rows=3 | columns=13
2026-07-19 03:13:33 | INFO | src.jobs_xlsx.trendforce.get_dx_comp_index | TrendForce sheet transformed | file=NAND Flash.xlsx | sheet=PC-Client OEM SSD | category=Flash Memory | sub_category=SSD | rows=27
2026-07-19 03:13:33 | INFO | src.jobs_xlsx.trendforce.get_dx_comp_index | TrendForce sheet loaded | file=NAND Flash.xlsx | sheet=SSD Street | mode=multi_field | rows=17 | columns=28
2026-07-19 03:13:33 | INFO | src.jobs_xlsx.trendforce.get_dx_comp_index | TrendForce sheet transformed | file=NAND Flash.xlsx | sheet=SSD Street | category=Flash Memory | sub_category=SSD | rows=252
2026-07-19 03:13:33 | INFO | src.jobs_xlsx.trendforce.get_dx_comp_index | TrendForce workbook transformed | file=NAND Flash.xlsx | rows=1485
2026-07-19 03:13:35 | INFO | src.jobs_xlsx.trendforce.get_dx_comp_index | TrendForce sheet loaded | file=PV.xlsx | sheet=Polysilicon | mode=multi_field | rows=24 | columns=16
2026-07-19 03:13:35 | INFO | src.jobs_xlsx.trendforce.get_dx_comp_index | TrendForce sheet transformed | file=PV.xlsx | sheet=Polysilicon | category=PV | sub_category=Polysilicon | rows=288
2026-07-19 03:13:35 | INFO | src.jobs_xlsx.trendforce.get_dx_comp_index | TrendForce sheet loaded | file=PV.xlsx | sheet=Wafer | mode=multi_field | rows=24 | columns=13
2026-07-19 03:13:35 | INFO | src.jobs_xlsx.trendforce.get_dx_comp_index | TrendForce sheet transformed | file=PV.xlsx | sheet=Wafer | category=PV | sub_category=Wafer | rows=216
2026-07-19 03:13:35 | INFO | src.jobs_xlsx.trendforce.get_dx_comp_index | TrendForce sheet loaded | file=PV.xlsx | sheet=Cell | mode=multi_field | rows=24 | columns=13
2026-07-19 03:13:35 | INFO | src.jobs_xlsx.trendforce.get_dx_comp_index | TrendForce sheet transformed | file=PV.xlsx | sheet=Cell | category=PV | sub_category=Cell | rows=216
2026-07-19 03:13:35 | INFO | src.jobs_xlsx.trendforce.get_dx_comp_index | TrendForce sheet loaded | file=PV.xlsx | sheet=Module | mode=multi_field | rows=24 | columns=10
2026-07-19 03:13:35 | INFO | src.jobs_xlsx.trendforce.get_dx_comp_index | TrendForce sheet transformed | file=PV.xlsx | sheet=Module | category=PV | sub_category=Module | rows=144
2026-07-19 03:13:35 | INFO | src.jobs_xlsx.trendforce.get_dx_comp_index | TrendForce sheet loaded | file=PV.xlsx | sheet=PV Glass | mode=multi_field | rows=24 | columns=13
2026-07-19 03:13:35 | INFO | src.jobs_xlsx.trendforce.get_dx_comp_index | TrendForce sheet transformed | file=PV.xlsx | sheet=PV Glass | category=PV | sub_category=PV Glass | rows=216
2026-07-19 03:13:35 | INFO | src.jobs_xlsx.trendforce.get_dx_comp_index | TrendForce workbook transformed | file=PV.xlsx | rows=1080
2026-07-19 03:13:35 | INFO | src.jobs_xlsx.trendforce.get_dx_comp_index | TrendForce sheet loaded | file=TFT LCD.xlsx | sheet=Large Size Panel | mode=multi_field | rows=6 | columns=16
2026-07-19 03:13:35 | INFO | src.jobs_xlsx.trendforce.get_dx_comp_index | TrendForce sheet transformed | file=TFT LCD.xlsx | sheet=Large Size Panel | category=TFTLCD | sub_category=Large Panel | rows=54
2026-07-19 03:13:35 | INFO | src.jobs_xlsx.trendforce.get_dx_comp_index | TrendForce sheet loaded | file=TFT LCD.xlsx | sheet=LCD Smartphone Panel | mode=multi_field | rows=7 | columns=12
2026-07-19 03:13:35 | INFO | src.jobs_xlsx.trendforce.get_dx_comp_index | TrendForce sheet transformed | file=TFT LCD.xlsx | sheet=LCD Smartphone Panel | category=TFTLCD | sub_category=Smartphone Panel | rows=42
2026-07-19 03:13:35 | INFO | src.jobs_xlsx.trendforce.get_dx_comp_index | TrendForce sheet loaded | file=TFT LCD.xlsx | sheet=Street | mode=multi_field | rows=8 | columns=24
2026-07-19 03:13:35 | INFO | src.jobs_xlsx.trendforce.get_dx_comp_index | TrendForce sheet transformed | file=TFT LCD.xlsx | sheet=Street | category=TFTLCD | sub_category=LCD | rows=112
2026-07-19 03:13:35 | INFO | src.jobs_xlsx.trendforce.get_dx_comp_index | TrendForce sheet loaded | file=TFT LCD.xlsx | sheet=Large Size Panel Shipment | mode=multi_field | rows=7 | columns=14
2026-07-19 03:13:35 | INFO | src.jobs_xlsx.trendforce.get_dx_comp_index | TrendForce sheet transformed | file=TFT LCD.xlsx | sheet=Large Size Panel Shipment | category=TFTLCD | sub_category=Shipment | rows=70
2026-07-19 03:13:35 | INFO | src.jobs_xlsx.trendforce.get_dx_comp_index | TrendForce workbook transformed | file=TFT LCD.xlsx | rows=278
2026-07-19 03:13:37 | INFO | src.jobs_xlsx.trendforce.get_dx_comp_index | TrendForce sheet loaded | file=Li-Ion Battery.xlsx | sheet=Battery Cell & Pack | mode=single_value | rows=7 | columns=11
2026-07-19 03:13:37 | INFO | src.jobs_xlsx.trendforce.get_dx_comp_index | TrendForce sheet transformed | file=Li-Ion Battery.xlsx | sheet=Battery Cell & Pack | category=Battery | sub_category=None | rows=49
2026-07-19 03:13:37 | INFO | src.jobs_xlsx.trendforce.get_dx_comp_index | TrendForce sheet loaded | file=Li-Ion Battery.xlsx | sheet=Precursor and Cathode Material | mode=single_value | rows=7 | columns=14
2026-07-19 03:13:37 | INFO | src.jobs_xlsx.trendforce.get_dx_comp_index | TrendForce sheet transformed | file=Li-Ion Battery.xlsx | sheet=Precursor and Cathode Material | category=Battery | sub_category=None | rows=70
2026-07-19 03:13:37 | INFO | src.jobs_xlsx.trendforce.get_dx_comp_index | TrendForce sheet loaded | file=Li-Ion Battery.xlsx | sheet=Anode Material | mode=single_value | rows=7 | columns=12
2026-07-19 03:13:37 | INFO | src.jobs_xlsx.trendforce.get_dx_comp_index | TrendForce sheet transformed | file=Li-Ion Battery.xlsx | sheet=Anode Material | category=Battery | sub_category=Anode Material | rows=56
2026-07-19 03:13:37 | INFO | src.jobs_xlsx.trendforce.get_dx_comp_index | TrendForce sheet loaded | file=Li-Ion Battery.xlsx | sheet=Separator | mode=single_value | rows=7 | columns=9
2026-07-19 03:13:37 | INFO | src.jobs_xlsx.trendforce.get_dx_comp_index | TrendForce sheet transformed | file=Li-Ion Battery.xlsx | sheet=Separator | category=Battery | sub_category=Separator | rows=35
2026-07-19 03:13:37 | INFO | src.jobs_xlsx.trendforce.get_dx_comp_index | TrendForce sheet loaded | file=Li-Ion Battery.xlsx | sheet=Electrolyte | mode=single_value | rows=7 | columns=8
2026-07-19 03:13:37 | INFO | src.jobs_xlsx.trendforce.get_dx_comp_index | TrendForce sheet transformed | file=Li-Ion Battery.xlsx | sheet=Electrolyte | category=Battery | sub_category=Electrolyte | rows=28
2026-07-19 03:13:37 | INFO | src.jobs_xlsx.trendforce.get_dx_comp_index | TrendForce sheet loaded | file=Li-Ion Battery.xlsx | sheet=Li & Co & Ni | mode=single_value | rows=7 | columns=12
2026-07-19 03:13:37 | INFO | src.jobs_xlsx.trendforce.get_dx_comp_index | TrendForce sheet transformed | file=Li-Ion Battery.xlsx | sheet=Li & Co & Ni | category=Battery | sub_category=LiCoNi | rows=56
2026-07-19 03:13:37 | INFO | src.jobs_xlsx.trendforce.get_dx_comp_index | TrendForce sheet loaded | file=Li-Ion Battery.xlsx | sheet=Other | mode=single_value | rows=7 | columns=6
2026-07-19 03:13:37 | INFO | src.jobs_xlsx.trendforce.get_dx_comp_index | TrendForce sheet transformed | file=Li-Ion Battery.xlsx | sheet=Other | category=Battery | sub_category=Other | rows=14
2026-07-19 03:13:37 | INFO | src.jobs_xlsx.trendforce.get_dx_comp_index | TrendForce workbook transformed | file=Li-Ion Battery.xlsx | rows=308
2026-07-19 03:13:38 | INFO | src.jobs_xlsx.trendforce.get_dx_comp_index | TrendForce industry Parquet saved | output_path=/Users/tommy/Desktop/Pycharm/FinancialData/data_warehouse/raw/industry/components/dx_components.parquet | rows=20632
2026-07-22 10:48:33 | INFO | src.jobs_xlsx.trendforce.get_dx_comp_index | TrendForce industry data_lake job started | input_dir=C:\Users\krm\PycharmProjects\AlternativeData\data_lake\industry\TrendForce | metadata_path=C:\Users\krm\PycharmProjects\AlternativeData\data_lake\metadata.xlsx
2026-07-22 10:48:33 | INFO | src.jobs_xlsx.trendforce.get_dx_comp_index | TrendForce metadata loaded | symbols=123
2026-07-22 10:48:33 | INFO | src.jobs_xlsx.trendforce.get_dx_comp_index | TrendForce sheet loaded | file=DRAM.xlsx | sheet=DRAM | mode=multi_field | rows=2282 | columns=28
2026-07-22 10:48:33 | INFO | src.jobs_xlsx.trendforce.get_dx_comp_index | TrendForce sheet transformed | file=DRAM.xlsx | sheet=DRAM | category=DRAM | sub_category=DDR | rows=16950
2026-07-22 10:48:33 | INFO | src.jobs_xlsx.trendforce.get_dx_comp_index | TrendForce sheet loaded | file=DRAM.xlsx | sheet=DRAM Contract | mode=multi_field | rows=7 | columns=25
2026-07-22 10:48:34 | INFO | src.jobs_xlsx.trendforce.get_dx_comp_index | TrendForce sheet transformed | file=DRAM.xlsx | sheet=DRAM Contract | category=DRAM | sub_category=DDR | rows=132
2026-07-22 10:48:34 | INFO | src.jobs_xlsx.trendforce.get_dx_comp_index | TrendForce sheet loaded | file=DRAM.xlsx | sheet=Module | mode=multi_field | rows=36 | columns=22
2026-07-22 10:48:34 | INFO | src.jobs_xlsx.trendforce.get_dx_comp_index | TrendForce sheet transformed | file=DRAM.xlsx | sheet=Module | category=DRAM | sub_category=Module | rows=324
2026-07-22 10:48:34 | INFO | src.jobs_xlsx.trendforce.get_dx_comp_index | TrendForce sheet loaded | file=DRAM.xlsx | sheet=GDDR | mode=multi_field | rows=36 | columns=10
2026-07-22 10:48:34 | INFO | src.jobs_xlsx.trendforce.get_dx_comp_index | TrendForce sheet transformed | file=DRAM.xlsx | sheet=GDDR | category=DRAM | sub_category=GDDR | rows=216
2026-07-22 10:48:34 | INFO | src.jobs_xlsx.trendforce.get_dx_comp_index | TrendForce workbook transformed | file=DRAM.xlsx | rows=17622
2026-07-22 10:48:34 | INFO | src.jobs_xlsx.trendforce.get_dx_comp_index | TrendForce sheet loaded | file=NAND Flash.xlsx | sheet=Flash | mode=multi_field | rows=36 | columns=16
2026-07-22 10:48:34 | INFO | src.jobs_xlsx.trendforce.get_dx_comp_index | TrendForce sheet transformed | file=NAND Flash.xlsx | sheet=Flash | category=Flash Memory | sub_category=NAND | rows=432
2026-07-22 10:48:34 | INFO | src.jobs_xlsx.trendforce.get_dx_comp_index | TrendForce sheet loaded | file=NAND Flash.xlsx | sheet=Flash Contract | mode=multi_field | rows=6 | columns=13
2026-07-22 10:48:34 | INFO | src.jobs_xlsx.trendforce.get_dx_comp_index | TrendForce sheet transformed | file=NAND Flash.xlsx | sheet=Flash Contract | category=Flash Memory | sub_category=NAND | rows=51
2026-07-22 10:48:34 | INFO | src.jobs_xlsx.trendforce.get_dx_comp_index | TrendForce sheet loaded | file=NAND Flash.xlsx | sheet=Wafer | mode=multi_field | rows=36 | columns=13
2026-07-22 10:48:34 | INFO | src.jobs_xlsx.trendforce.get_dx_comp_index | TrendForce sheet transformed | file=NAND Flash.xlsx | sheet=Wafer | category=Flash Memory | sub_category=Wafer | rows=324
2026-07-22 10:48:34 | INFO | src.jobs_xlsx.trendforce.get_dx_comp_index | TrendForce sheet loaded | file=NAND Flash.xlsx | sheet=Memory Card | mode=multi_field | rows=36 | columns=16
2026-07-22 10:48:34 | INFO | src.jobs_xlsx.trendforce.get_dx_comp_index | TrendForce sheet transformed | file=NAND Flash.xlsx | sheet=Memory Card | category=Flash Memory | sub_category=Micro SD | rows=432
2026-07-22 10:48:34 | INFO | src.jobs_xlsx.trendforce.get_dx_comp_index | TrendForce sheet loaded | file=NAND Flash.xlsx | sheet=PC-Client OEM SSD | mode=multi_field | rows=3 | columns=13
2026-07-22 10:48:34 | INFO | src.jobs_xlsx.trendforce.get_dx_comp_index | TrendForce sheet transformed | file=NAND Flash.xlsx | sheet=PC-Client OEM SSD | category=Flash Memory | sub_category=SSD | rows=27
2026-07-22 10:48:34 | INFO | src.jobs_xlsx.trendforce.get_dx_comp_index | TrendForce sheet loaded | file=NAND Flash.xlsx | sheet=SSD Street | mode=multi_field | rows=18 | columns=28
2026-07-22 10:48:34 | INFO | src.jobs_xlsx.trendforce.get_dx_comp_index | TrendForce sheet transformed | file=NAND Flash.xlsx | sheet=SSD Street | category=Flash Memory | sub_category=SSD | rows=267
2026-07-22 10:48:34 | INFO | src.jobs_xlsx.trendforce.get_dx_comp_index | TrendForce workbook transformed | file=NAND Flash.xlsx | rows=1533
2026-07-22 10:48:34 | INFO | src.jobs_xlsx.trendforce.get_dx_comp_index | TrendForce sheet loaded | file=PV.xlsx | sheet=Polysilicon | mode=multi_field | rows=24 | columns=16
2026-07-22 10:48:34 | INFO | src.jobs_xlsx.trendforce.get_dx_comp_index | TrendForce sheet transformed | file=PV.xlsx | sheet=Polysilicon | category=PV | sub_category=Polysilicon | rows=288
2026-07-22 10:48:34 | INFO | src.jobs_xlsx.trendforce.get_dx_comp_index | TrendForce sheet loaded | file=PV.xlsx | sheet=Wafer | mode=multi_field | rows=24 | columns=13
2026-07-22 10:48:34 | INFO | src.jobs_xlsx.trendforce.get_dx_comp_index | TrendForce sheet transformed | file=PV.xlsx | sheet=Wafer | category=PV | sub_category=Wafer | rows=216
2026-07-22 10:48:34 | INFO | src.jobs_xlsx.trendforce.get_dx_comp_index | TrendForce sheet loaded | file=PV.xlsx | sheet=Cell | mode=multi_field | rows=24 | columns=13
2026-07-22 10:48:34 | INFO | src.jobs_xlsx.trendforce.get_dx_comp_index | TrendForce sheet transformed | file=PV.xlsx | sheet=Cell | category=PV | sub_category=Cell | rows=216
2026-07-22 10:48:34 | INFO | src.jobs_xlsx.trendforce.get_dx_comp_index | TrendForce sheet loaded | file=PV.xlsx | sheet=Module | mode=multi_field | rows=24 | columns=10
2026-07-22 10:48:34 | INFO | src.jobs_xlsx.trendforce.get_dx_comp_index | TrendForce sheet transformed | file=PV.xlsx | sheet=Module | category=PV | sub_category=Module | rows=144
2026-07-22 10:48:34 | INFO | src.jobs_xlsx.trendforce.get_dx_comp_index | TrendForce sheet loaded | file=PV.xlsx | sheet=PV Glass | mode=multi_field | rows=24 | columns=13
2026-07-22 10:48:35 | INFO | src.jobs_xlsx.trendforce.get_dx_comp_index | TrendForce sheet transformed | file=PV.xlsx | sheet=PV Glass | category=PV | sub_category=PV Glass | rows=216
2026-07-22 10:48:35 | INFO | src.jobs_xlsx.trendforce.get_dx_comp_index | TrendForce workbook transformed | file=PV.xlsx | rows=1080
2026-07-22 10:48:35 | INFO | src.jobs_xlsx.trendforce.get_dx_comp_index | TrendForce sheet loaded | file=TFT LCD.xlsx | sheet=Large Size Panel | mode=multi_field | rows=6 | columns=16
2026-07-22 10:48:35 | INFO | src.jobs_xlsx.trendforce.get_dx_comp_index | TrendForce sheet transformed | file=TFT LCD.xlsx | sheet=Large Size Panel | category=TFTLCD | sub_category=Large Panel | rows=54
2026-07-22 10:48:35 | INFO | src.jobs_xlsx.trendforce.get_dx_comp_index | TrendForce sheet loaded | file=TFT LCD.xlsx | sheet=LCD Smartphone Panel | mode=multi_field | rows=7 | columns=12
2026-07-22 10:48:35 | INFO | src.jobs_xlsx.trendforce.get_dx_comp_index | TrendForce sheet transformed | file=TFT LCD.xlsx | sheet=LCD Smartphone Panel | category=TFTLCD | sub_category=Smartphone Panel | rows=42
2026-07-22 10:48:35 | INFO | src.jobs_xlsx.trendforce.get_dx_comp_index | TrendForce sheet loaded | file=TFT LCD.xlsx | sheet=Street | mode=multi_field | rows=8 | columns=24
2026-07-22 10:48:35 | INFO | src.jobs_xlsx.trendforce.get_dx_comp_index | TrendForce sheet transformed | file=TFT LCD.xlsx | sheet=Street | category=TFTLCD | sub_category=LCD | rows=112
2026-07-22 10:48:35 | INFO | src.jobs_xlsx.trendforce.get_dx_comp_index | TrendForce sheet loaded | file=TFT LCD.xlsx | sheet=Large Size Panel Shipment | mode=multi_field | rows=7 | columns=14
2026-07-22 10:48:35 | INFO | src.jobs_xlsx.trendforce.get_dx_comp_index | TrendForce sheet transformed | file=TFT LCD.xlsx | sheet=Large Size Panel Shipment | category=TFTLCD | sub_category=Shipment | rows=70
2026-07-22 10:48:35 | INFO | src.jobs_xlsx.trendforce.get_dx_comp_index | TrendForce workbook transformed | file=TFT LCD.xlsx | rows=278
2026-07-22 10:48:35 | INFO | src.jobs_xlsx.trendforce.get_dx_comp_index | TrendForce sheet loaded | file=Li-Ion Battery.xlsx | sheet=Battery Cell & Pack | mode=single_value | rows=7 | columns=11
2026-07-22 10:48:35 | INFO | src.jobs_xlsx.trendforce.get_dx_comp_index | TrendForce sheet transformed | file=Li-Ion Battery.xlsx | sheet=Battery Cell & Pack | category=Battery | sub_category=None | rows=49
2026-07-22 10:48:35 | INFO | src.jobs_xlsx.trendforce.get_dx_comp_index | TrendForce sheet loaded | file=Li-Ion Battery.xlsx | sheet=Precursor and Cathode Material | mode=single_value | rows=7 | columns=14
2026-07-22 10:48:35 | INFO | src.jobs_xlsx.trendforce.get_dx_comp_index | TrendForce sheet transformed | file=Li-Ion Battery.xlsx | sheet=Precursor and Cathode Material | category=Battery | sub_category=None | rows=70
2026-07-22 10:48:35 | INFO | src.jobs_xlsx.trendforce.get_dx_comp_index | TrendForce sheet loaded | file=Li-Ion Battery.xlsx | sheet=Anode Material | mode=single_value | rows=7 | columns=12
2026-07-22 10:48:35 | INFO | src.jobs_xlsx.trendforce.get_dx_comp_index | TrendForce sheet transformed | file=Li-Ion Battery.xlsx | sheet=Anode Material | category=Battery | sub_category=Anode Material | rows=56
2026-07-22 10:48:35 | INFO | src.jobs_xlsx.trendforce.get_dx_comp_index | TrendForce sheet loaded | file=Li-Ion Battery.xlsx | sheet=Separator | mode=single_value | rows=7 | columns=9
2026-07-22 10:48:35 | INFO | src.jobs_xlsx.trendforce.get_dx_comp_index | TrendForce sheet transformed | file=Li-Ion Battery.xlsx | sheet=Separator | category=Battery | sub_category=Separator | rows=35
2026-07-22 10:48:35 | INFO | src.jobs_xlsx.trendforce.get_dx_comp_index | TrendForce sheet loaded | file=Li-Ion Battery.xlsx | sheet=Electrolyte | mode=single_value | rows=7 | columns=8
2026-07-22 10:48:35 | INFO | src.jobs_xlsx.trendforce.get_dx_comp_index | TrendForce sheet transformed | file=Li-Ion Battery.xlsx | sheet=Electrolyte | category=Battery | sub_category=Electrolyte | rows=28
2026-07-22 10:48:35 | INFO | src.jobs_xlsx.trendforce.get_dx_comp_index | TrendForce sheet loaded | file=Li-Ion Battery.xlsx | sheet=Li & Co & Ni | mode=single_value | rows=7 | columns=12
2026-07-22 10:48:35 | INFO | src.jobs_xlsx.trendforce.get_dx_comp_index | TrendForce sheet transformed | file=Li-Ion Battery.xlsx | sheet=Li & Co & Ni | category=Battery | sub_category=LiCoNi | rows=56
2026-07-22 10:48:35 | INFO | src.jobs_xlsx.trendforce.get_dx_comp_index | TrendForce sheet loaded | file=Li-Ion Battery.xlsx | sheet=Other | mode=single_value | rows=7 | columns=6
2026-07-22 10:48:35 | INFO | src.jobs_xlsx.trendforce.get_dx_comp_index | TrendForce sheet transformed | file=Li-Ion Battery.xlsx | sheet=Other | category=Battery | sub_category=Other | rows=14
2026-07-22 10:48:35 | INFO | src.jobs_xlsx.trendforce.get_dx_comp_index | TrendForce workbook transformed | file=Li-Ion Battery.xlsx | rows=308
2026-07-22 10:48:35 | INFO | src.jobs_xlsx.trendforce.get_dx_comp_index | TrendForce industry Parquet saved | output_path=C:\Users\krm\PycharmProjects\AlternativeData\data_warehouse\raw\industry\components\dx_components.parquet | rows=20821
2026-07-23 01:47:41 | INFO | src.jobs_xlsx.trendforce.get_dx_comp_index | TrendForce industry data_lake job started | input_dir=/Users/tommy/Desktop/Pycharm/FinancialData/data_lake/industry/TrendForce | metadata_path=/Users/tommy/Desktop/Pycharm/FinancialData/data_lake/metadata.xlsx
2026-07-23 01:47:41 | INFO | src.jobs_xlsx.trendforce.get_dx_comp_index | TrendForce metadata loaded | symbols=123
2026-07-23 01:47:41 | INFO | src.jobs_xlsx.trendforce.get_dx_comp_index | TrendForce sheet loaded | file=DRAM.xlsx | sheet=DRAM | mode=multi_field | rows=2285 | columns=28
2026-07-23 01:47:41 | INFO | src.jobs_xlsx.trendforce.get_dx_comp_index | TrendForce sheet transformed | file=DRAM.xlsx | sheet=DRAM | category=DRAM | sub_category=DDR | rows=17013
2026-07-23 01:47:41 | INFO | src.jobs_xlsx.trendforce.get_dx_comp_index | TrendForce sheet loaded | file=DRAM.xlsx | sheet=DRAM Contract | mode=multi_field | rows=7 | columns=25
2026-07-23 01:47:41 | INFO | src.jobs_xlsx.trendforce.get_dx_comp_index | TrendForce sheet transformed | file=DRAM.xlsx | sheet=DRAM Contract | category=DRAM | sub_category=DDR | rows=132
2026-07-23 01:47:41 | INFO | src.jobs_xlsx.trendforce.get_dx_comp_index | TrendForce sheet loaded | file=DRAM.xlsx | sheet=Module | mode=multi_field | rows=36 | columns=22
2026-07-23 01:47:41 | INFO | src.jobs_xlsx.trendforce.get_dx_comp_index | TrendForce sheet transformed | file=DRAM.xlsx | sheet=Module | category=DRAM | sub_category=Module | rows=324
2026-07-23 01:47:41 | INFO | src.jobs_xlsx.trendforce.get_dx_comp_index | TrendForce sheet loaded | file=DRAM.xlsx | sheet=GDDR | mode=multi_field | rows=36 | columns=10
2026-07-23 01:47:41 | INFO | src.jobs_xlsx.trendforce.get_dx_comp_index | TrendForce sheet transformed | file=DRAM.xlsx | sheet=GDDR | category=DRAM | sub_category=GDDR | rows=216
2026-07-23 01:47:41 | INFO | src.jobs_xlsx.trendforce.get_dx_comp_index | TrendForce workbook transformed | file=DRAM.xlsx | rows=17685
2026-07-23 01:47:41 | INFO | src.jobs_xlsx.trendforce.get_dx_comp_index | TrendForce sheet loaded | file=NAND Flash.xlsx | sheet=Flash | mode=multi_field | rows=36 | columns=16
2026-07-23 01:47:41 | INFO | src.jobs_xlsx.trendforce.get_dx_comp_index | TrendForce sheet transformed | file=NAND Flash.xlsx | sheet=Flash | category=Flash Memory | sub_category=NAND | rows=432
2026-07-23 01:47:41 | INFO | src.jobs_xlsx.trendforce.get_dx_comp_index | TrendForce sheet loaded | file=NAND Flash.xlsx | sheet=Flash Contract | mode=multi_field | rows=6 | columns=13
2026-07-23 01:47:41 | INFO | src.jobs_xlsx.trendforce.get_dx_comp_index | TrendForce sheet transformed | file=NAND Flash.xlsx | sheet=Flash Contract | category=Flash Memory | sub_category=NAND | rows=51
2026-07-23 01:47:41 | INFO | src.jobs_xlsx.trendforce.get_dx_comp_index | TrendForce sheet loaded | file=NAND Flash.xlsx | sheet=Wafer | mode=multi_field | rows=36 | columns=13
2026-07-23 01:47:41 | INFO | src.jobs_xlsx.trendforce.get_dx_comp_index | TrendForce sheet transformed | file=NAND Flash.xlsx | sheet=Wafer | category=Flash Memory | sub_category=Wafer | rows=324
2026-07-23 01:47:41 | INFO | src.jobs_xlsx.trendforce.get_dx_comp_index | TrendForce sheet loaded | file=NAND Flash.xlsx | sheet=Memory Card | mode=multi_field | rows=36 | columns=16
2026-07-23 01:47:41 | INFO | src.jobs_xlsx.trendforce.get_dx_comp_index | TrendForce sheet transformed | file=NAND Flash.xlsx | sheet=Memory Card | category=Flash Memory | sub_category=Micro SD | rows=432
2026-07-23 01:47:41 | INFO | src.jobs_xlsx.trendforce.get_dx_comp_index | TrendForce sheet loaded | file=NAND Flash.xlsx | sheet=PC-Client OEM SSD | mode=multi_field | rows=3 | columns=13
2026-07-23 01:47:41 | INFO | src.jobs_xlsx.trendforce.get_dx_comp_index | TrendForce sheet transformed | file=NAND Flash.xlsx | sheet=PC-Client OEM SSD | category=Flash Memory | sub_category=SSD | rows=27
2026-07-23 01:47:41 | INFO | src.jobs_xlsx.trendforce.get_dx_comp_index | TrendForce sheet loaded | file=NAND Flash.xlsx | sheet=SSD Street | mode=multi_field | rows=18 | columns=28
2026-07-23 01:47:41 | INFO | src.jobs_xlsx.trendforce.get_dx_comp_index | TrendForce sheet transformed | file=NAND Flash.xlsx | sheet=SSD Street | category=Flash Memory | sub_category=SSD | rows=267
2026-07-23 01:47:41 | INFO | src.jobs_xlsx.trendforce.get_dx_comp_index | TrendForce workbook transformed | file=NAND Flash.xlsx | rows=1533
2026-07-23 01:47:41 | INFO | src.jobs_xlsx.trendforce.get_dx_comp_index | TrendForce sheet loaded | file=PV.xlsx | sheet=Polysilicon | mode=multi_field | rows=25 | columns=16
2026-07-23 01:47:41 | INFO | src.jobs_xlsx.trendforce.get_dx_comp_index | TrendForce sheet transformed | file=PV.xlsx | sheet=Polysilicon | category=PV | sub_category=Polysilicon | rows=300
2026-07-23 01:47:41 | INFO | src.jobs_xlsx.trendforce.get_dx_comp_index | TrendForce sheet loaded | file=PV.xlsx | sheet=Wafer | mode=multi_field | rows=25 | columns=13
2026-07-23 01:47:41 | INFO | src.jobs_xlsx.trendforce.get_dx_comp_index | TrendForce sheet transformed | file=PV.xlsx | sheet=Wafer | category=PV | sub_category=Wafer | rows=225
2026-07-23 01:47:41 | INFO | src.jobs_xlsx.trendforce.get_dx_comp_index | TrendForce sheet loaded | file=PV.xlsx | sheet=Cell | mode=multi_field | rows=25 | columns=13
2026-07-23 01:47:41 | INFO | src.jobs_xlsx.trendforce.get_dx_comp_index | TrendForce sheet transformed | file=PV.xlsx | sheet=Cell | category=PV | sub_category=Cell | rows=225
2026-07-23 01:47:41 | INFO | src.jobs_xlsx.trendforce.get_dx_comp_index | TrendForce sheet loaded | file=PV.xlsx | sheet=Module | mode=multi_field | rows=25 | columns=10
2026-07-23 01:47:41 | INFO | src.jobs_xlsx.trendforce.get_dx_comp_index | TrendForce sheet transformed | file=PV.xlsx | sheet=Module | category=PV | sub_category=Module | rows=150
2026-07-23 01:47:41 | INFO | src.jobs_xlsx.trendforce.get_dx_comp_index | TrendForce sheet loaded | file=PV.xlsx | sheet=PV Glass | mode=multi_field | rows=25 | columns=13
2026-07-23 01:47:41 | INFO | src.jobs_xlsx.trendforce.get_dx_comp_index | TrendForce sheet transformed | file=PV.xlsx | sheet=PV Glass | category=PV | sub_category=PV Glass | rows=225
2026-07-23 01:47:41 | INFO | src.jobs_xlsx.trendforce.get_dx_comp_index | TrendForce workbook transformed | file=PV.xlsx | rows=1125
2026-07-23 01:47:41 | INFO | src.jobs_xlsx.trendforce.get_dx_comp_index | TrendForce sheet loaded | file=TFT LCD.xlsx | sheet=Large Size Panel | mode=multi_field | rows=6 | columns=16
2026-07-23 01:47:41 | INFO | src.jobs_xlsx.trendforce.get_dx_comp_index | TrendForce sheet transformed | file=TFT LCD.xlsx | sheet=Large Size Panel | category=TFTLCD | sub_category=Large Panel | rows=54
2026-07-23 01:47:41 | INFO | src.jobs_xlsx.trendforce.get_dx_comp_index | TrendForce sheet loaded | file=TFT LCD.xlsx | sheet=LCD Smartphone Panel | mode=multi_field | rows=7 | columns=12
2026-07-23 01:47:41 | INFO | src.jobs_xlsx.trendforce.get_dx_comp_index | TrendForce sheet transformed | file=TFT LCD.xlsx | sheet=LCD Smartphone Panel | category=TFTLCD | sub_category=Smartphone Panel | rows=42
2026-07-23 01:47:41 | INFO | src.jobs_xlsx.trendforce.get_dx_comp_index | TrendForce sheet loaded | file=TFT LCD.xlsx | sheet=Street | mode=multi_field | rows=8 | columns=24
2026-07-23 01:47:41 | INFO | src.jobs_xlsx.trendforce.get_dx_comp_index | TrendForce sheet transformed | file=TFT LCD.xlsx | sheet=Street | category=TFTLCD | sub_category=LCD | rows=112
2026-07-23 01:47:41 | INFO | src.jobs_xlsx.trendforce.get_dx_comp_index | TrendForce sheet loaded | file=TFT LCD.xlsx | sheet=Large Size Panel Shipment | mode=multi_field | rows=7 | columns=14
2026-07-23 01:47:41 | INFO | src.jobs_xlsx.trendforce.get_dx_comp_index | TrendForce sheet transformed | file=TFT LCD.xlsx | sheet=Large Size Panel Shipment | category=TFTLCD | sub_category=Shipment | rows=70
2026-07-23 01:47:41 | INFO | src.jobs_xlsx.trendforce.get_dx_comp_index | TrendForce workbook transformed | file=TFT LCD.xlsx | rows=278
2026-07-23 01:47:41 | INFO | src.jobs_xlsx.trendforce.get_dx_comp_index | TrendForce sheet loaded | file=Li-Ion Battery.xlsx | sheet=Battery Cell & Pack | mode=single_value | rows=7 | columns=11
2026-07-23 01:47:41 | INFO | src.jobs_xlsx.trendforce.get_dx_comp_index | TrendForce sheet transformed | file=Li-Ion Battery.xlsx | sheet=Battery Cell & Pack | category=Battery | sub_category=None | rows=49
2026-07-23 01:47:42 | INFO | src.jobs_xlsx.trendforce.get_dx_comp_index | TrendForce sheet loaded | file=Li-Ion Battery.xlsx | sheet=Precursor and Cathode Material | mode=single_value | rows=7 | columns=14
2026-07-23 01:47:42 | INFO | src.jobs_xlsx.trendforce.get_dx_comp_index | TrendForce sheet transformed | file=Li-Ion Battery.xlsx | sheet=Precursor and Cathode Material | category=Battery | sub_category=None | rows=70
2026-07-23 01:47:42 | INFO | src.jobs_xlsx.trendforce.get_dx_comp_index | TrendForce sheet loaded | file=Li-Ion Battery.xlsx | sheet=Anode Material | mode=single_value | rows=7 | columns=12
2026-07-23 01:47:42 | INFO | src.jobs_xlsx.trendforce.get_dx_comp_index | TrendForce sheet transformed | file=Li-Ion Battery.xlsx | sheet=Anode Material | category=Battery | sub_category=Anode Material | rows=56
2026-07-23 01:47:42 | INFO | src.jobs_xlsx.trendforce.get_dx_comp_index | TrendForce sheet loaded | file=Li-Ion Battery.xlsx | sheet=Separator | mode=single_value | rows=7 | columns=9
2026-07-23 01:47:42 | INFO | src.jobs_xlsx.trendforce.get_dx_comp_index | TrendForce sheet transformed | file=Li-Ion Battery.xlsx | sheet=Separator | category=Battery | sub_category=Separator | rows=35
2026-07-23 01:47:42 | INFO | src.jobs_xlsx.trendforce.get_dx_comp_index | TrendForce sheet loaded | file=Li-Ion Battery.xlsx | sheet=Electrolyte | mode=single_value | rows=7 | columns=8
2026-07-23 01:47:42 | INFO | src.jobs_xlsx.trendforce.get_dx_comp_index | TrendForce sheet transformed | file=Li-Ion Battery.xlsx | sheet=Electrolyte | category=Battery | sub_category=Electrolyte | rows=28
2026-07-23 01:47:42 | INFO | src.jobs_xlsx.trendforce.get_dx_comp_index | TrendForce sheet loaded | file=Li-Ion Battery.xlsx | sheet=Li & Co & Ni | mode=single_value | rows=7 | columns=12
2026-07-23 01:47:42 | INFO | src.jobs_xlsx.trendforce.get_dx_comp_index | TrendForce sheet transformed | file=Li-Ion Battery.xlsx | sheet=Li & Co & Ni | category=Battery | sub_category=LiCoNi | rows=56
2026-07-23 01:47:42 | INFO | src.jobs_xlsx.trendforce.get_dx_comp_index | TrendForce sheet loaded | file=Li-Ion Battery.xlsx | sheet=Other | mode=single_value | rows=7 | columns=6
2026-07-23 01:47:42 | INFO | src.jobs_xlsx.trendforce.get_dx_comp_index | TrendForce sheet transformed | file=Li-Ion Battery.xlsx | sheet=Other | category=Battery | sub_category=Other | rows=14
2026-07-23 01:47:42 | INFO | src.jobs_xlsx.trendforce.get_dx_comp_index | TrendForce workbook transformed | file=Li-Ion Battery.xlsx | rows=308
2026-07-23 01:47:42 | INFO | src.jobs_xlsx.trendforce.get_dx_comp_index | TrendForce industry Parquet saved | output_path=/Users/tommy/Desktop/Pycharm/FinancialData/data_warehouse/raw/industry/components/dx_components.parquet | rows=20929
2026-07-23 15:06:06 | INFO | src.jobs_xlsx.trendforce.get_dx_comp_index | TrendForce industry data_lake job started | input_dir=C:\Users\krm\PycharmProjects\AlternativeData\data_lake\industry\TrendForce | metadata_path=C:\Users\krm\PycharmProjects\AlternativeData\data_lake\metadata.xlsx
2026-07-23 15:06:06 | INFO | src.jobs_xlsx.trendforce.get_dx_comp_index | TrendForce metadata loaded | symbols=123
2026-07-23 15:06:06 | INFO | src.jobs_xlsx.trendforce.get_dx_comp_index | TrendForce sheet loaded | file=DRAM.xlsx | sheet=DRAM | mode=multi_field | rows=2288 | columns=28
2026-07-23 15:06:06 | INFO | src.jobs_xlsx.trendforce.get_dx_comp_index | TrendForce sheet transformed | file=DRAM.xlsx | sheet=DRAM | category=DRAM | sub_category=DDR | rows=17034
2026-07-23 15:06:06 | INFO | src.jobs_xlsx.trendforce.get_dx_comp_index | TrendForce sheet loaded | file=DRAM.xlsx | sheet=DRAM Contract | mode=multi_field | rows=7 | columns=25
2026-07-23 15:06:07 | INFO | src.jobs_xlsx.trendforce.get_dx_comp_index | TrendForce sheet transformed | file=DRAM.xlsx | sheet=DRAM Contract | category=DRAM | sub_category=DDR | rows=132
2026-07-23 15:06:07 | INFO | src.jobs_xlsx.trendforce.get_dx_comp_index | TrendForce sheet loaded | file=DRAM.xlsx | sheet=Module | mode=multi_field | rows=36 | columns=22
2026-07-23 15:06:07 | INFO | src.jobs_xlsx.trendforce.get_dx_comp_index | TrendForce sheet transformed | file=DRAM.xlsx | sheet=Module | category=DRAM | sub_category=Module | rows=324
2026-07-23 15:06:07 | INFO | src.jobs_xlsx.trendforce.get_dx_comp_index | TrendForce sheet loaded | file=DRAM.xlsx | sheet=GDDR | mode=multi_field | rows=36 | columns=10
2026-07-23 15:06:07 | INFO | src.jobs_xlsx.trendforce.get_dx_comp_index | TrendForce sheet transformed | file=DRAM.xlsx | sheet=GDDR | category=DRAM | sub_category=GDDR | rows=216
2026-07-23 15:06:07 | INFO | src.jobs_xlsx.trendforce.get_dx_comp_index | TrendForce workbook transformed | file=DRAM.xlsx | rows=17706
2026-07-23 15:06:07 | INFO | src.jobs_xlsx.trendforce.get_dx_comp_index | TrendForce sheet loaded | file=NAND Flash.xlsx | sheet=Flash | mode=multi_field | rows=36 | columns=16
2026-07-23 15:06:07 | INFO | src.jobs_xlsx.trendforce.get_dx_comp_index | TrendForce sheet transformed | file=NAND Flash.xlsx | sheet=Flash | category=Flash Memory | sub_category=NAND | rows=432
2026-07-23 15:06:07 | INFO | src.jobs_xlsx.trendforce.get_dx_comp_index | TrendForce sheet loaded | file=NAND Flash.xlsx | sheet=Flash Contract | mode=multi_field | rows=6 | columns=13
2026-07-23 15:06:07 | INFO | src.jobs_xlsx.trendforce.get_dx_comp_index | TrendForce sheet transformed | file=NAND Flash.xlsx | sheet=Flash Contract | category=Flash Memory | sub_category=NAND | rows=51
2026-07-23 15:06:07 | INFO | src.jobs_xlsx.trendforce.get_dx_comp_index | TrendForce sheet loaded | file=NAND Flash.xlsx | sheet=Wafer | mode=multi_field | rows=36 | columns=13
2026-07-23 15:06:07 | INFO | src.jobs_xlsx.trendforce.get_dx_comp_index | TrendForce sheet transformed | file=NAND Flash.xlsx | sheet=Wafer | category=Flash Memory | sub_category=Wafer | rows=324
2026-07-23 15:06:07 | INFO | src.jobs_xlsx.trendforce.get_dx_comp_index | TrendForce sheet loaded | file=NAND Flash.xlsx | sheet=Memory Card | mode=multi_field | rows=36 | columns=16
2026-07-23 15:06:07 | INFO | src.jobs_xlsx.trendforce.get_dx_comp_index | TrendForce sheet transformed | file=NAND Flash.xlsx | sheet=Memory Card | category=Flash Memory | sub_category=Micro SD | rows=432
2026-07-23 15:06:07 | INFO | src.jobs_xlsx.trendforce.get_dx_comp_index | TrendForce sheet loaded | file=NAND Flash.xlsx | sheet=PC-Client OEM SSD | mode=multi_field | rows=3 | columns=13
2026-07-23 15:06:07 | INFO | src.jobs_xlsx.trendforce.get_dx_comp_index | TrendForce sheet transformed | file=NAND Flash.xlsx | sheet=PC-Client OEM SSD | category=Flash Memory | sub_category=SSD | rows=27
2026-07-23 15:06:07 | INFO | src.jobs_xlsx.trendforce.get_dx_comp_index | TrendForce sheet loaded | file=NAND Flash.xlsx | sheet=SSD Street | mode=multi_field | rows=18 | columns=28
2026-07-23 15:06:07 | INFO | src.jobs_xlsx.trendforce.get_dx_comp_index | TrendForce sheet transformed | file=NAND Flash.xlsx | sheet=SSD Street | category=Flash Memory | sub_category=SSD | rows=267
2026-07-23 15:06:07 | INFO | src.jobs_xlsx.trendforce.get_dx_comp_index | TrendForce workbook transformed | file=NAND Flash.xlsx | rows=1533
2026-07-23 15:06:07 | INFO | src.jobs_xlsx.trendforce.get_dx_comp_index | TrendForce sheet loaded | file=PV.xlsx | sheet=Polysilicon | mode=multi_field | rows=25 | columns=16
2026-07-23 15:06:07 | INFO | src.jobs_xlsx.trendforce.get_dx_comp_index | TrendForce sheet transformed | file=PV.xlsx | sheet=Polysilicon | category=PV | sub_category=Polysilicon | rows=300
2026-07-23 15:06:07 | INFO | src.jobs_xlsx.trendforce.get_dx_comp_index | TrendForce sheet loaded | file=PV.xlsx | sheet=Wafer | mode=multi_field | rows=25 | columns=13
2026-07-23 15:06:07 | INFO | src.jobs_xlsx.trendforce.get_dx_comp_index | TrendForce sheet transformed | file=PV.xlsx | sheet=Wafer | category=PV | sub_category=Wafer | rows=225
2026-07-23 15:06:07 | INFO | src.jobs_xlsx.trendforce.get_dx_comp_index | TrendForce sheet loaded | file=PV.xlsx | sheet=Cell | mode=multi_field | rows=25 | columns=13
2026-07-23 15:06:07 | INFO | src.jobs_xlsx.trendforce.get_dx_comp_index | TrendForce sheet transformed | file=PV.xlsx | sheet=Cell | category=PV | sub_category=Cell | rows=225
2026-07-23 15:06:07 | INFO | src.jobs_xlsx.trendforce.get_dx_comp_index | TrendForce sheet loaded | file=PV.xlsx | sheet=Module | mode=multi_field | rows=25 | columns=10
2026-07-23 15:06:07 | INFO | src.jobs_xlsx.trendforce.get_dx_comp_index | TrendForce sheet transformed | file=PV.xlsx | sheet=Module | category=PV | sub_category=Module | rows=150
2026-07-23 15:06:07 | INFO | src.jobs_xlsx.trendforce.get_dx_comp_index | TrendForce sheet loaded | file=PV.xlsx | sheet=PV Glass | mode=multi_field | rows=25 | columns=13
2026-07-23 15:06:07 | INFO | src.jobs_xlsx.trendforce.get_dx_comp_index | TrendForce sheet transformed | file=PV.xlsx | sheet=PV Glass | category=PV | sub_category=PV Glass | rows=225
2026-07-23 15:06:07 | INFO | src.jobs_xlsx.trendforce.get_dx_comp_index | TrendForce workbook transformed | file=PV.xlsx | rows=1125
2026-07-23 15:06:07 | INFO | src.jobs_xlsx.trendforce.get_dx_comp_index | TrendForce sheet loaded | file=TFT LCD.xlsx | sheet=Large Size Panel | mode=multi_field | rows=6 | columns=16
2026-07-23 15:06:07 | INFO | src.jobs_xlsx.trendforce.get_dx_comp_index | TrendForce sheet transformed | file=TFT LCD.xlsx | sheet=Large Size Panel | category=TFTLCD | sub_category=Large Panel | rows=54
2026-07-23 15:06:07 | INFO | src.jobs_xlsx.trendforce.get_dx_comp_index | TrendForce sheet loaded | file=TFT LCD.xlsx | sheet=LCD Smartphone Panel | mode=multi_field | rows=7 | columns=12
2026-07-23 15:06:07 | INFO | src.jobs_xlsx.trendforce.get_dx_comp_index | TrendForce sheet transformed | file=TFT LCD.xlsx | sheet=LCD Smartphone Panel | category=TFTLCD | sub_category=Smartphone Panel | rows=42
2026-07-23 15:06:07 | INFO | src.jobs_xlsx.trendforce.get_dx_comp_index | TrendForce sheet loaded | file=TFT LCD.xlsx | sheet=Street | mode=multi_field | rows=8 | columns=24
2026-07-23 15:06:07 | INFO | src.jobs_xlsx.trendforce.get_dx_comp_index | TrendForce sheet transformed | file=TFT LCD.xlsx | sheet=Street | category=TFTLCD | sub_category=LCD | rows=112
2026-07-23 15:06:07 | INFO | src.jobs_xlsx.trendforce.get_dx_comp_index | TrendForce sheet loaded | file=TFT LCD.xlsx | sheet=Large Size Panel Shipment | mode=multi_field | rows=7 | columns=14
2026-07-23 15:06:07 | INFO | src.jobs_xlsx.trendforce.get_dx_comp_index | TrendForce sheet transformed | file=TFT LCD.xlsx | sheet=Large Size Panel Shipment | category=TFTLCD | sub_category=Shipment | rows=70
2026-07-23 15:06:07 | INFO | src.jobs_xlsx.trendforce.get_dx_comp_index | TrendForce workbook transformed | file=TFT LCD.xlsx | rows=278
2026-07-23 15:06:08 | INFO | src.jobs_xlsx.trendforce.get_dx_comp_index | TrendForce sheet loaded | file=Li-Ion Battery.xlsx | sheet=Battery Cell & Pack | mode=single_value | rows=7 | columns=11
2026-07-23 15:06:08 | INFO | src.jobs_xlsx.trendforce.get_dx_comp_index | TrendForce sheet transformed | file=Li-Ion Battery.xlsx | sheet=Battery Cell & Pack | category=Battery | sub_category=None | rows=49
2026-07-23 15:06:08 | INFO | src.jobs_xlsx.trendforce.get_dx_comp_index | TrendForce sheet loaded | file=Li-Ion Battery.xlsx | sheet=Precursor and Cathode Material | mode=single_value | rows=7 | columns=14
2026-07-23 15:06:08 | INFO | src.jobs_xlsx.trendforce.get_dx_comp_index | TrendForce sheet transformed | file=Li-Ion Battery.xlsx | sheet=Precursor and Cathode Material | category=Battery | sub_category=None | rows=70
2026-07-23 15:06:08 | INFO | src.jobs_xlsx.trendforce.get_dx_comp_index | TrendForce sheet loaded | file=Li-Ion Battery.xlsx | sheet=Anode Material | mode=single_value | rows=7 | columns=12
2026-07-23 15:06:08 | INFO | src.jobs_xlsx.trendforce.get_dx_comp_index | TrendForce sheet transformed | file=Li-Ion Battery.xlsx | sheet=Anode Material | category=Battery | sub_category=Anode Material | rows=56
2026-07-23 15:06:08 | INFO | src.jobs_xlsx.trendforce.get_dx_comp_index | TrendForce sheet loaded | file=Li-Ion Battery.xlsx | sheet=Separator | mode=single_value | rows=7 | columns=9
2026-07-23 15:06:08 | INFO | src.jobs_xlsx.trendforce.get_dx_comp_index | TrendForce sheet transformed | file=Li-Ion Battery.xlsx | sheet=Separator | category=Battery | sub_category=Separator | rows=35
2026-07-23 15:06:08 | INFO | src.jobs_xlsx.trendforce.get_dx_comp_index | TrendForce sheet loaded | file=Li-Ion Battery.xlsx | sheet=Electrolyte | mode=single_value | rows=7 | columns=8
2026-07-23 15:06:08 | INFO | src.jobs_xlsx.trendforce.get_dx_comp_index | TrendForce sheet transformed | file=Li-Ion Battery.xlsx | sheet=Electrolyte | category=Battery | sub_category=Electrolyte | rows=28
2026-07-23 15:06:08 | INFO | src.jobs_xlsx.trendforce.get_dx_comp_index | TrendForce sheet loaded | file=Li-Ion Battery.xlsx | sheet=Li & Co & Ni | mode=single_value | rows=7 | columns=12
2026-07-23 15:06:08 | INFO | src.jobs_xlsx.trendforce.get_dx_comp_index | TrendForce sheet transformed | file=Li-Ion Battery.xlsx | sheet=Li & Co & Ni | category=Battery | sub_category=LiCoNi | rows=56
2026-07-23 15:06:08 | INFO | src.jobs_xlsx.trendforce.get_dx_comp_index | TrendForce sheet loaded | file=Li-Ion Battery.xlsx | sheet=Other | mode=single_value | rows=7 | columns=6
2026-07-23 15:06:08 | INFO | src.jobs_xlsx.trendforce.get_dx_comp_index | TrendForce sheet transformed | file=Li-Ion Battery.xlsx | sheet=Other | category=Battery | sub_category=Other | rows=14
2026-07-23 15:06:08 | INFO | src.jobs_xlsx.trendforce.get_dx_comp_index | TrendForce workbook transformed | file=Li-Ion Battery.xlsx | rows=308
2026-07-23 15:06:08 | INFO | src.jobs_xlsx.trendforce.get_dx_comp_index | TrendForce industry Parquet saved | output_path=C:\Users\krm\PycharmProjects\AlternativeData\data_warehouse\raw\industry\components\dx_components.parquet | rows=20950
2026-07-24 09:14:30 | INFO | src.jobs_xlsx.trendforce.get_dx_comp_index | TrendForce industry data_lake job started | input_dir=C:\Users\krm\PycharmProjects\AlternativeData\data_lake\industry\TrendForce | metadata_path=C:\Users\krm\PycharmProjects\AlternativeData\data_lake\metadata.xlsx
2026-07-24 09:14:30 | INFO | src.jobs_xlsx.trendforce.get_dx_comp_index | TrendForce metadata loaded | symbols=123
2026-07-24 09:14:31 | INFO | src.jobs_xlsx.trendforce.get_dx_comp_index | TrendForce sheet loaded | file=DRAM.xlsx | sheet=DRAM | mode=multi_field | rows=2288 | columns=28
2026-07-24 09:14:31 | INFO | src.jobs_xlsx.trendforce.get_dx_comp_index | TrendForce sheet transformed | file=DRAM.xlsx | sheet=DRAM | category=DRAM | sub_category=DDR | rows=17055
2026-07-24 09:14:31 | INFO | src.jobs_xlsx.trendforce.get_dx_comp_index | TrendForce sheet loaded | file=DRAM.xlsx | sheet=DRAM Contract | mode=multi_field | rows=7 | columns=25
2026-07-24 09:14:31 | INFO | src.jobs_xlsx.trendforce.get_dx_comp_index | TrendForce sheet transformed | file=DRAM.xlsx | sheet=DRAM Contract | category=DRAM | sub_category=DDR | rows=132
2026-07-24 09:14:31 | INFO | src.jobs_xlsx.trendforce.get_dx_comp_index | TrendForce sheet loaded | file=DRAM.xlsx | sheet=Module | mode=multi_field | rows=36 | columns=22
2026-07-24 09:14:31 | INFO | src.jobs_xlsx.trendforce.get_dx_comp_index | TrendForce sheet transformed | file=DRAM.xlsx | sheet=Module | category=DRAM | sub_category=Module | rows=324
2026-07-24 09:14:31 | INFO | src.jobs_xlsx.trendforce.get_dx_comp_index | TrendForce sheet loaded | file=DRAM.xlsx | sheet=GDDR | mode=multi_field | rows=36 | columns=10
2026-07-24 09:14:31 | INFO | src.jobs_xlsx.trendforce.get_dx_comp_index | TrendForce sheet transformed | file=DRAM.xlsx | sheet=GDDR | category=DRAM | sub_category=GDDR | rows=216
2026-07-24 09:14:31 | INFO | src.jobs_xlsx.trendforce.get_dx_comp_index | TrendForce workbook transformed | file=DRAM.xlsx | rows=17727
2026-07-24 09:14:31 | INFO | src.jobs_xlsx.trendforce.get_dx_comp_index | TrendForce sheet loaded | file=NAND Flash.xlsx | sheet=Flash | mode=multi_field | rows=36 | columns=16
2026-07-24 09:14:31 | INFO | src.jobs_xlsx.trendforce.get_dx_comp_index | TrendForce sheet transformed | file=NAND Flash.xlsx | sheet=Flash | category=Flash Memory | sub_category=NAND | rows=432
2026-07-24 09:14:31 | INFO | src.jobs_xlsx.trendforce.get_dx_comp_index | TrendForce sheet loaded | file=NAND Flash.xlsx | sheet=Flash Contract | mode=multi_field | rows=6 | columns=13
2026-07-24 09:14:31 | INFO | src.jobs_xlsx.trendforce.get_dx_comp_index | TrendForce sheet transformed | file=NAND Flash.xlsx | sheet=Flash Contract | category=Flash Memory | sub_category=NAND | rows=51
2026-07-24 09:14:32 | INFO | src.jobs_xlsx.trendforce.get_dx_comp_index | TrendForce sheet loaded | file=NAND Flash.xlsx | sheet=Wafer | mode=multi_field | rows=36 | columns=13
2026-07-24 09:14:32 | INFO | src.jobs_xlsx.trendforce.get_dx_comp_index | TrendForce sheet transformed | file=NAND Flash.xlsx | sheet=Wafer | category=Flash Memory | sub_category=Wafer | rows=324
2026-07-24 09:14:32 | INFO | src.jobs_xlsx.trendforce.get_dx_comp_index | TrendForce sheet loaded | file=NAND Flash.xlsx | sheet=Memory Card | mode=multi_field | rows=36 | columns=16
2026-07-24 09:14:32 | INFO | src.jobs_xlsx.trendforce.get_dx_comp_index | TrendForce sheet transformed | file=NAND Flash.xlsx | sheet=Memory Card | category=Flash Memory | sub_category=Micro SD | rows=432
2026-07-24 09:14:32 | INFO | src.jobs_xlsx.trendforce.get_dx_comp_index | TrendForce sheet loaded | file=NAND Flash.xlsx | sheet=PC-Client OEM SSD | mode=multi_field | rows=3 | columns=13
2026-07-24 09:14:32 | INFO | src.jobs_xlsx.trendforce.get_dx_comp_index | TrendForce sheet transformed | file=NAND Flash.xlsx | sheet=PC-Client OEM SSD | category=Flash Memory | sub_category=SSD | rows=27
2026-07-24 09:14:32 | INFO | src.jobs_xlsx.trendforce.get_dx_comp_index | TrendForce sheet loaded | file=NAND Flash.xlsx | sheet=SSD Street | mode=multi_field | rows=18 | columns=28
2026-07-24 09:14:32 | INFO | src.jobs_xlsx.trendforce.get_dx_comp_index | TrendForce sheet transformed | file=NAND Flash.xlsx | sheet=SSD Street | category=Flash Memory | sub_category=SSD | rows=267
2026-07-24 09:14:32 | INFO | src.jobs_xlsx.trendforce.get_dx_comp_index | TrendForce workbook transformed | file=NAND Flash.xlsx | rows=1533
2026-07-24 09:14:32 | INFO | src.jobs_xlsx.trendforce.get_dx_comp_index | TrendForce sheet loaded | file=PV.xlsx | sheet=Polysilicon | mode=multi_field | rows=25 | columns=16
2026-07-24 09:14:32 | INFO | src.jobs_xlsx.trendforce.get_dx_comp_index | TrendForce sheet transformed | file=PV.xlsx | sheet=Polysilicon | category=PV | sub_category=Polysilicon | rows=300
2026-07-24 09:14:32 | INFO | src.jobs_xlsx.trendforce.get_dx_comp_index | TrendForce sheet loaded | file=PV.xlsx | sheet=Wafer | mode=multi_field | rows=25 | columns=13
2026-07-24 09:14:32 | INFO | src.jobs_xlsx.trendforce.get_dx_comp_index | TrendForce sheet transformed | file=PV.xlsx | sheet=Wafer | category=PV | sub_category=Wafer | rows=225
2026-07-24 09:14:32 | INFO | src.jobs_xlsx.trendforce.get_dx_comp_index | TrendForce sheet loaded | file=PV.xlsx | sheet=Cell | mode=multi_field | rows=25 | columns=13
2026-07-24 09:14:32 | INFO | src.jobs_xlsx.trendforce.get_dx_comp_index | TrendForce sheet transformed | file=PV.xlsx | sheet=Cell | category=PV | sub_category=Cell | rows=225
2026-07-24 09:14:32 | INFO | src.jobs_xlsx.trendforce.get_dx_comp_index | TrendForce sheet loaded | file=PV.xlsx | sheet=Module | mode=multi_field | rows=25 | columns=10
2026-07-24 09:14:32 | INFO | src.jobs_xlsx.trendforce.get_dx_comp_index | TrendForce sheet transformed | file=PV.xlsx | sheet=Module | category=PV | sub_category=Module | rows=150
2026-07-24 09:14:32 | INFO | src.jobs_xlsx.trendforce.get_dx_comp_index | TrendForce sheet loaded | file=PV.xlsx | sheet=PV Glass | mode=multi_field | rows=25 | columns=13
2026-07-24 09:14:32 | INFO | src.jobs_xlsx.trendforce.get_dx_comp_index | TrendForce sheet transformed | file=PV.xlsx | sheet=PV Glass | category=PV | sub_category=PV Glass | rows=225
2026-07-24 09:14:32 | INFO | src.jobs_xlsx.trendforce.get_dx_comp_index | TrendForce workbook transformed | file=PV.xlsx | rows=1125
2026-07-24 09:14:32 | INFO | src.jobs_xlsx.trendforce.get_dx_comp_index | TrendForce sheet loaded | file=TFT LCD.xlsx | sheet=Large Size Panel | mode=multi_field | rows=6 | columns=16
2026-07-24 09:14:33 | INFO | src.jobs_xlsx.trendforce.get_dx_comp_index | TrendForce sheet transformed | file=TFT LCD.xlsx | sheet=Large Size Panel | category=TFTLCD | sub_category=Large Panel | rows=54
2026-07-24 09:14:33 | INFO | src.jobs_xlsx.trendforce.get_dx_comp_index | TrendForce sheet loaded | file=TFT LCD.xlsx | sheet=LCD Smartphone Panel | mode=multi_field | rows=7 | columns=12
2026-07-24 09:14:33 | INFO | src.jobs_xlsx.trendforce.get_dx_comp_index | TrendForce sheet transformed | file=TFT LCD.xlsx | sheet=LCD Smartphone Panel | category=TFTLCD | sub_category=Smartphone Panel | rows=42
2026-07-24 09:14:33 | INFO | src.jobs_xlsx.trendforce.get_dx_comp_index | TrendForce sheet loaded | file=TFT LCD.xlsx | sheet=Street | mode=multi_field | rows=8 | columns=24
2026-07-24 09:14:33 | INFO | src.jobs_xlsx.trendforce.get_dx_comp_index | TrendForce sheet transformed | file=TFT LCD.xlsx | sheet=Street | category=TFTLCD | sub_category=LCD | rows=112
2026-07-24 09:14:33 | INFO | src.jobs_xlsx.trendforce.get_dx_comp_index | TrendForce sheet loaded | file=TFT LCD.xlsx | sheet=Large Size Panel Shipment | mode=multi_field | rows=7 | columns=14
2026-07-24 09:14:33 | INFO | src.jobs_xlsx.trendforce.get_dx_comp_index | TrendForce sheet transformed | file=TFT LCD.xlsx | sheet=Large Size Panel Shipment | category=TFTLCD | sub_category=Shipment | rows=70
2026-07-24 09:14:33 | INFO | src.jobs_xlsx.trendforce.get_dx_comp_index | TrendForce workbook transformed | file=TFT LCD.xlsx | rows=278
2026-07-24 09:14:33 | INFO | src.jobs_xlsx.trendforce.get_dx_comp_index | TrendForce sheet loaded | file=Li-Ion Battery.xlsx | sheet=Battery Cell & Pack | mode=single_value | rows=7 | columns=11
2026-07-24 09:14:33 | INFO | src.jobs_xlsx.trendforce.get_dx_comp_index | TrendForce sheet transformed | file=Li-Ion Battery.xlsx | sheet=Battery Cell & Pack | category=Battery | sub_category=None | rows=49
2026-07-24 09:14:33 | INFO | src.jobs_xlsx.trendforce.get_dx_comp_index | TrendForce sheet loaded | file=Li-Ion Battery.xlsx | sheet=Precursor and Cathode Material | mode=single_value | rows=7 | columns=14
2026-07-24 09:14:33 | INFO | src.jobs_xlsx.trendforce.get_dx_comp_index | TrendForce sheet transformed | file=Li-Ion Battery.xlsx | sheet=Precursor and Cathode Material | category=Battery | sub_category=None | rows=70
2026-07-24 09:14:33 | INFO | src.jobs_xlsx.trendforce.get_dx_comp_index | TrendForce sheet loaded | file=Li-Ion Battery.xlsx | sheet=Anode Material | mode=single_value | rows=7 | columns=12
2026-07-24 09:14:33 | INFO | src.jobs_xlsx.trendforce.get_dx_comp_index | TrendForce sheet transformed | file=Li-Ion Battery.xlsx | sheet=Anode Material | category=Battery | sub_category=Anode Material | rows=56
2026-07-24 09:14:33 | INFO | src.jobs_xlsx.trendforce.get_dx_comp_index | TrendForce sheet loaded | file=Li-Ion Battery.xlsx | sheet=Separator | mode=single_value | rows=7 | columns=9
2026-07-24 09:14:33 | INFO | src.jobs_xlsx.trendforce.get_dx_comp_index | TrendForce sheet transformed | file=Li-Ion Battery.xlsx | sheet=Separator | category=Battery | sub_category=Separator | rows=35
2026-07-24 09:14:33 | INFO | src.jobs_xlsx.trendforce.get_dx_comp_index | TrendForce sheet loaded | file=Li-Ion Battery.xlsx | sheet=Electrolyte | mode=single_value | rows=7 | columns=8
2026-07-24 09:14:33 | INFO | src.jobs_xlsx.trendforce.get_dx_comp_index | TrendForce sheet transformed | file=Li-Ion Battery.xlsx | sheet=Electrolyte | category=Battery | sub_category=Electrolyte | rows=28
2026-07-24 09:14:33 | INFO | src.jobs_xlsx.trendforce.get_dx_comp_index | TrendForce sheet loaded | file=Li-Ion Battery.xlsx | sheet=Li & Co & Ni | mode=single_value | rows=7 | columns=12
2026-07-24 09:14:33 | INFO | src.jobs_xlsx.trendforce.get_dx_comp_index | TrendForce sheet transformed | file=Li-Ion Battery.xlsx | sheet=Li & Co & Ni | category=Battery | sub_category=LiCoNi | rows=56
2026-07-24 09:14:33 | INFO | src.jobs_xlsx.trendforce.get_dx_comp_index | TrendForce sheet loaded | file=Li-Ion Battery.xlsx | sheet=Other | mode=single_value | rows=7 | columns=6
2026-07-24 09:14:33 | INFO | src.jobs_xlsx.trendforce.get_dx_comp_index | TrendForce sheet transformed | file=Li-Ion Battery.xlsx | sheet=Other | category=Battery | sub_category=Other | rows=14
2026-07-24 09:14:33 | INFO | src.jobs_xlsx.trendforce.get_dx_comp_index | TrendForce workbook transformed | file=Li-Ion Battery.xlsx | rows=308
2026-07-24 09:14:33 | INFO | src.jobs_xlsx.trendforce.get_dx_comp_index | TrendForce industry Parquet saved | output_path=C:\Users\krm\PycharmProjects\AlternativeData\data_warehouse\raw\industry\components\dx_components.parquet | rows=20971
2026-07-29 10:59:06 | INFO | src.jobs_xlsx.trendforce.get_dx_comp_index | TrendForce industry data_lake job started | input_dir=C:\Users\krm\PycharmProjects\AlternativeData\data_lake\industry\TrendForce | metadata_path=C:\Users\krm\PycharmProjects\AlternativeData\data_lake\metadata.xlsx
2026-07-29 10:59:07 | INFO | src.jobs_xlsx.trendforce.get_dx_comp_index | TrendForce metadata loaded | symbols=123
2026-07-29 10:59:07 | INFO | src.jobs_xlsx.trendforce.get_dx_comp_index | TrendForce sheet loaded | file=DRAM.xlsx | sheet=DRAM | mode=multi_field | rows=2299 | columns=28
2026-07-29 10:59:07 | INFO | src.jobs_xlsx.trendforce.get_dx_comp_index | TrendForce sheet transformed | file=DRAM.xlsx | sheet=DRAM | category=DRAM | sub_category=DDR | rows=17331
2026-07-29 10:59:07 | INFO | src.jobs_xlsx.trendforce.get_dx_comp_index | TrendForce sheet loaded | file=DRAM.xlsx | sheet=DRAM Contract | mode=multi_field | rows=7 | columns=25
2026-07-29 10:59:07 | INFO | src.jobs_xlsx.trendforce.get_dx_comp_index | TrendForce sheet transformed | file=DRAM.xlsx | sheet=DRAM Contract | category=DRAM | sub_category=DDR | rows=132
2026-07-29 10:59:07 | INFO | src.jobs_xlsx.trendforce.get_dx_comp_index | TrendForce sheet loaded | file=DRAM.xlsx | sheet=Module | mode=multi_field | rows=37 | columns=22
2026-07-29 10:59:07 | INFO | src.jobs_xlsx.trendforce.get_dx_comp_index | TrendForce sheet transformed | file=DRAM.xlsx | sheet=Module | category=DRAM | sub_category=Module | rows=333
2026-07-29 10:59:07 | INFO | src.jobs_xlsx.trendforce.get_dx_comp_index | TrendForce sheet loaded | file=DRAM.xlsx | sheet=GDDR | mode=multi_field | rows=37 | columns=10
2026-07-29 10:59:07 | INFO | src.jobs_xlsx.trendforce.get_dx_comp_index | TrendForce sheet transformed | file=DRAM.xlsx | sheet=GDDR | category=DRAM | sub_category=GDDR | rows=222
2026-07-29 10:59:07 | INFO | src.jobs_xlsx.trendforce.get_dx_comp_index | TrendForce workbook transformed | file=DRAM.xlsx | rows=18018
2026-07-29 10:59:07 | INFO | src.jobs_xlsx.trendforce.get_dx_comp_index | TrendForce sheet loaded | file=NAND Flash.xlsx | sheet=Flash | mode=multi_field | rows=37 | columns=16
2026-07-29 10:59:07 | INFO | src.jobs_xlsx.trendforce.get_dx_comp_index | TrendForce sheet transformed | file=NAND Flash.xlsx | sheet=Flash | category=Flash Memory | sub_category=NAND | rows=444
2026-07-29 10:59:07 | INFO | src.jobs_xlsx.trendforce.get_dx_comp_index | TrendForce sheet loaded | file=NAND Flash.xlsx | sheet=Flash Contract | mode=multi_field | rows=6 | columns=13
2026-07-29 10:59:07 | INFO | src.jobs_xlsx.trendforce.get_dx_comp_index | TrendForce sheet transformed | file=NAND Flash.xlsx | sheet=Flash Contract | category=Flash Memory | sub_category=NAND | rows=51
2026-07-29 10:59:07 | INFO | src.jobs_xlsx.trendforce.get_dx_comp_index | TrendForce sheet loaded | file=NAND Flash.xlsx | sheet=Wafer | mode=multi_field | rows=37 | columns=13
2026-07-29 10:59:07 | INFO | src.jobs_xlsx.trendforce.get_dx_comp_index | TrendForce sheet transformed | file=NAND Flash.xlsx | sheet=Wafer | category=Flash Memory | sub_category=Wafer | rows=333
2026-07-29 10:59:07 | INFO | src.jobs_xlsx.trendforce.get_dx_comp_index | TrendForce sheet loaded | file=NAND Flash.xlsx | sheet=Memory Card | mode=multi_field | rows=37 | columns=16
2026-07-29 10:59:07 | INFO | src.jobs_xlsx.trendforce.get_dx_comp_index | TrendForce sheet transformed | file=NAND Flash.xlsx | sheet=Memory Card | category=Flash Memory | sub_category=Micro SD | rows=444
2026-07-29 10:59:07 | INFO | src.jobs_xlsx.trendforce.get_dx_comp_index | TrendForce sheet loaded | file=NAND Flash.xlsx | sheet=PC-Client OEM SSD | mode=multi_field | rows=3 | columns=13
2026-07-29 10:59:07 | INFO | src.jobs_xlsx.trendforce.get_dx_comp_index | TrendForce sheet transformed | file=NAND Flash.xlsx | sheet=PC-Client OEM SSD | category=Flash Memory | sub_category=SSD | rows=27
2026-07-29 10:59:07 | INFO | src.jobs_xlsx.trendforce.get_dx_comp_index | TrendForce sheet loaded | file=NAND Flash.xlsx | sheet=SSD Street | mode=multi_field | rows=18 | columns=28
2026-07-29 10:59:07 | INFO | src.jobs_xlsx.trendforce.get_dx_comp_index | TrendForce sheet transformed | file=NAND Flash.xlsx | sheet=SSD Street | category=Flash Memory | sub_category=SSD | rows=267
2026-07-29 10:59:07 | INFO | src.jobs_xlsx.trendforce.get_dx_comp_index | TrendForce workbook transformed | file=NAND Flash.xlsx | rows=1566
2026-07-29 10:59:07 | INFO | src.jobs_xlsx.trendforce.get_dx_comp_index | TrendForce sheet loaded | file=PV.xlsx | sheet=Polysilicon | mode=multi_field | rows=26 | columns=16
2026-07-29 10:59:07 | INFO | src.jobs_xlsx.trendforce.get_dx_comp_index | TrendForce sheet transformed | file=PV.xlsx | sheet=Polysilicon | category=PV | sub_category=Polysilicon | rows=300
2026-07-29 10:59:07 | INFO | src.jobs_xlsx.trendforce.get_dx_comp_index | TrendForce sheet loaded | file=PV.xlsx | sheet=Wafer | mode=multi_field | rows=25 | columns=13
2026-07-29 10:59:07 | INFO | src.jobs_xlsx.trendforce.get_dx_comp_index | TrendForce sheet transformed | file=PV.xlsx | sheet=Wafer | category=PV | sub_category=Wafer | rows=225
2026-07-29 10:59:08 | INFO | src.jobs_xlsx.trendforce.get_dx_comp_index | TrendForce sheet loaded | file=PV.xlsx | sheet=Cell | mode=multi_field | rows=25 | columns=13
2026-07-29 10:59:08 | INFO | src.jobs_xlsx.trendforce.get_dx_comp_index | TrendForce sheet transformed | file=PV.xlsx | sheet=Cell | category=PV | sub_category=Cell | rows=225
2026-07-29 10:59:08 | INFO | src.jobs_xlsx.trendforce.get_dx_comp_index | TrendForce sheet loaded | file=PV.xlsx | sheet=Module | mode=multi_field | rows=25 | columns=10
2026-07-29 10:59:08 | INFO | src.jobs_xlsx.trendforce.get_dx_comp_index | TrendForce sheet transformed | file=PV.xlsx | sheet=Module | category=PV | sub_category=Module | rows=150
2026-07-29 10:59:08 | INFO | src.jobs_xlsx.trendforce.get_dx_comp_index | TrendForce sheet loaded | file=PV.xlsx | sheet=PV Glass | mode=multi_field | rows=25 | columns=13
2026-07-29 10:59:08 | INFO | src.jobs_xlsx.trendforce.get_dx_comp_index | TrendForce sheet transformed | file=PV.xlsx | sheet=PV Glass | category=PV | sub_category=PV Glass | rows=225
2026-07-29 10:59:08 | INFO | src.jobs_xlsx.trendforce.get_dx_comp_index | TrendForce workbook transformed | file=PV.xlsx | rows=1125
2026-07-29 10:59:08 | INFO | src.jobs_xlsx.trendforce.get_dx_comp_index | TrendForce sheet loaded | file=TFT LCD.xlsx | sheet=Large Size Panel | mode=multi_field | rows=7 | columns=16
2026-07-29 10:59:08 | INFO | src.jobs_xlsx.trendforce.get_dx_comp_index | TrendForce sheet transformed | file=TFT LCD.xlsx | sheet=Large Size Panel | category=TFTLCD | sub_category=Large Panel | rows=63
2026-07-29 10:59:08 | INFO | src.jobs_xlsx.trendforce.get_dx_comp_index | TrendForce sheet loaded | file=TFT LCD.xlsx | sheet=LCD Smartphone Panel | mode=multi_field | rows=7 | columns=12
2026-07-29 10:59:08 | INFO | src.jobs_xlsx.trendforce.get_dx_comp_index | TrendForce sheet transformed | file=TFT LCD.xlsx | sheet=LCD Smartphone Panel | category=TFTLCD | sub_category=Smartphone Panel | rows=42
2026-07-29 10:59:08 | INFO | src.jobs_xlsx.trendforce.get_dx_comp_index | TrendForce sheet loaded | file=TFT LCD.xlsx | sheet=Street | mode=multi_field | rows=8 | columns=24
2026-07-29 10:59:08 | INFO | src.jobs_xlsx.trendforce.get_dx_comp_index | TrendForce sheet transformed | file=TFT LCD.xlsx | sheet=Street | category=TFTLCD | sub_category=LCD | rows=112
2026-07-29 10:59:08 | INFO | src.jobs_xlsx.trendforce.get_dx_comp_index | TrendForce sheet loaded | file=TFT LCD.xlsx | sheet=Large Size Panel Shipment | mode=multi_field | rows=8 | columns=14
2026-07-29 10:59:08 | INFO | src.jobs_xlsx.trendforce.get_dx_comp_index | TrendForce sheet transformed | file=TFT LCD.xlsx | sheet=Large Size Panel Shipment | category=TFTLCD | sub_category=Shipment | rows=80
2026-07-29 10:59:08 | INFO | src.jobs_xlsx.trendforce.get_dx_comp_index | TrendForce workbook transformed | file=TFT LCD.xlsx | rows=297
2026-07-29 10:59:08 | INFO | src.jobs_xlsx.trendforce.get_dx_comp_index | TrendForce sheet loaded | file=Li-Ion Battery.xlsx | sheet=Battery Cell & Pack | mode=single_value | rows=7 | columns=11
2026-07-29 10:59:08 | INFO | src.jobs_xlsx.trendforce.get_dx_comp_index | TrendForce sheet transformed | file=Li-Ion Battery.xlsx | sheet=Battery Cell & Pack | category=Battery | sub_category=None | rows=49
2026-07-29 10:59:08 | INFO | src.jobs_xlsx.trendforce.get_dx_comp_index | TrendForce sheet loaded | file=Li-Ion Battery.xlsx | sheet=Precursor and Cathode Material | mode=single_value | rows=7 | columns=14
2026-07-29 10:59:08 | INFO | src.jobs_xlsx.trendforce.get_dx_comp_index | TrendForce sheet transformed | file=Li-Ion Battery.xlsx | sheet=Precursor and Cathode Material | category=Battery | sub_category=None | rows=70
2026-07-29 10:59:08 | INFO | src.jobs_xlsx.trendforce.get_dx_comp_index | TrendForce sheet loaded | file=Li-Ion Battery.xlsx | sheet=Anode Material | mode=single_value | rows=7 | columns=12
2026-07-29 10:59:08 | INFO | src.jobs_xlsx.trendforce.get_dx_comp_index | TrendForce sheet transformed | file=Li-Ion Battery.xlsx | sheet=Anode Material | category=Battery | sub_category=Anode Material | rows=56
2026-07-29 10:59:08 | INFO | src.jobs_xlsx.trendforce.get_dx_comp_index | TrendForce sheet loaded | file=Li-Ion Battery.xlsx | sheet=Separator | mode=single_value | rows=7 | columns=9
2026-07-29 10:59:08 | INFO | src.jobs_xlsx.trendforce.get_dx_comp_index | TrendForce sheet transformed | file=Li-Ion Battery.xlsx | sheet=Separator | category=Battery | sub_category=Separator | rows=35
2026-07-29 10:59:08 | INFO | src.jobs_xlsx.trendforce.get_dx_comp_index | TrendForce sheet loaded | file=Li-Ion Battery.xlsx | sheet=Electrolyte | mode=single_value | rows=7 | columns=8
2026-07-29 10:59:08 | INFO | src.jobs_xlsx.trendforce.get_dx_comp_index | TrendForce sheet transformed | file=Li-Ion Battery.xlsx | sheet=Electrolyte | category=Battery | sub_category=Electrolyte | rows=28
2026-07-29 10:59:08 | INFO | src.jobs_xlsx.trendforce.get_dx_comp_index | TrendForce sheet loaded | file=Li-Ion Battery.xlsx | sheet=Li & Co & Ni | mode=single_value | rows=7 | columns=12
2026-07-29 10:59:08 | INFO | src.jobs_xlsx.trendforce.get_dx_comp_index | TrendForce sheet transformed | file=Li-Ion Battery.xlsx | sheet=Li & Co & Ni | category=Battery | sub_category=LiCoNi | rows=56
2026-07-29 10:59:08 | INFO | src.jobs_xlsx.trendforce.get_dx_comp_index | TrendForce sheet loaded | file=Li-Ion Battery.xlsx | sheet=Other | mode=single_value | rows=7 | columns=6
2026-07-29 10:59:08 | INFO | src.jobs_xlsx.trendforce.get_dx_comp_index | TrendForce sheet transformed | file=Li-Ion Battery.xlsx | sheet=Other | category=Battery | sub_category=Other | rows=14
2026-07-29 10:59:08 | INFO | src.jobs_xlsx.trendforce.get_dx_comp_index | TrendForce workbook transformed | file=Li-Ion Battery.xlsx | rows=308
2026-07-29 10:59:08 | INFO | src.jobs_xlsx.trendforce.get_dx_comp_index | TrendForce industry Parquet saved | output_path=C:\Users\krm\PycharmProjects\AlternativeData\data_warehouse\raw\industry\components\dx_components.parquet | rows=21314
2026-07-31 17:20:20 | INFO | src.jobs_xlsx.trendforce.get_dx_comp_index | TrendForce industry data_lake job started | input_dir=C:\Users\krm\PycharmProjects\AlternativeData\data_lake\industry\TrendForce | metadata_path=C:\Users\krm\PycharmProjects\AlternativeData\data_lake\metadata.xlsx
2026-07-31 17:20:20 | INFO | src.jobs_xlsx.trendforce.get_dx_comp_index | TrendForce metadata loaded | symbols=123
2026-07-31 17:20:20 | INFO | src.jobs_xlsx.trendforce.get_dx_comp_index | TrendForce sheet loaded | file=DRAM.xlsx | sheet=DRAM | mode=multi_field | rows=2308 | columns=28
2026-07-31 17:20:21 | INFO | src.jobs_xlsx.trendforce.get_dx_comp_index | TrendForce sheet transformed | file=DRAM.xlsx | sheet=DRAM | category=DRAM | sub_category=DDR | rows=17499
2026-07-31 17:20:21 | INFO | src.jobs_xlsx.trendforce.get_dx_comp_index | TrendForce sheet loaded | file=DRAM.xlsx | sheet=DRAM Contract | mode=multi_field | rows=7 | columns=25
2026-07-31 17:20:21 | INFO | src.jobs_xlsx.trendforce.get_dx_comp_index | TrendForce sheet transformed | file=DRAM.xlsx | sheet=DRAM Contract | category=DRAM | sub_category=DDR | rows=132
2026-07-31 17:20:21 | INFO | src.jobs_xlsx.trendforce.get_dx_comp_index | TrendForce sheet loaded | file=DRAM.xlsx | sheet=Module | mode=multi_field | rows=37 | columns=22
2026-07-31 17:20:21 | INFO | src.jobs_xlsx.trendforce.get_dx_comp_index | TrendForce sheet transformed | file=DRAM.xlsx | sheet=Module | category=DRAM | sub_category=Module | rows=333
2026-07-31 17:20:21 | INFO | src.jobs_xlsx.trendforce.get_dx_comp_index | TrendForce sheet loaded | file=DRAM.xlsx | sheet=GDDR | mode=multi_field | rows=37 | columns=10
2026-07-31 17:20:21 | INFO | src.jobs_xlsx.trendforce.get_dx_comp_index | TrendForce sheet transformed | file=DRAM.xlsx | sheet=GDDR | category=DRAM | sub_category=GDDR | rows=222
2026-07-31 17:20:21 | INFO | src.jobs_xlsx.trendforce.get_dx_comp_index | TrendForce workbook transformed | file=DRAM.xlsx | rows=18186
2026-07-31 17:20:21 | INFO | src.jobs_xlsx.trendforce.get_dx_comp_index | TrendForce sheet loaded | file=NAND Flash.xlsx | sheet=Flash | mode=multi_field | rows=37 | columns=16
2026-07-31 17:20:21 | INFO | src.jobs_xlsx.trendforce.get_dx_comp_index | TrendForce sheet transformed | file=NAND Flash.xlsx | sheet=Flash | category=Flash Memory | sub_category=NAND | rows=444
2026-07-31 17:20:21 | INFO | src.jobs_xlsx.trendforce.get_dx_comp_index | TrendForce sheet loaded | file=NAND Flash.xlsx | sheet=Flash Contract | mode=multi_field | rows=6 | columns=13
2026-07-31 17:20:21 | INFO | src.jobs_xlsx.trendforce.get_dx_comp_index | TrendForce sheet transformed | file=NAND Flash.xlsx | sheet=Flash Contract | category=Flash Memory | sub_category=NAND | rows=51
2026-07-31 17:20:21 | INFO | src.jobs_xlsx.trendforce.get_dx_comp_index | TrendForce sheet loaded | file=NAND Flash.xlsx | sheet=Wafer | mode=multi_field | rows=37 | columns=13
2026-07-31 17:20:21 | INFO | src.jobs_xlsx.trendforce.get_dx_comp_index | TrendForce sheet transformed | file=NAND Flash.xlsx | sheet=Wafer | category=Flash Memory | sub_category=Wafer | rows=333
2026-07-31 17:20:21 | INFO | src.jobs_xlsx.trendforce.get_dx_comp_index | TrendForce sheet loaded | file=NAND Flash.xlsx | sheet=Memory Card | mode=multi_field | rows=37 | columns=16
2026-07-31 17:20:21 | INFO | src.jobs_xlsx.trendforce.get_dx_comp_index | TrendForce sheet transformed | file=NAND Flash.xlsx | sheet=Memory Card | category=Flash Memory | sub_category=Micro SD | rows=444
2026-07-31 17:20:21 | INFO | src.jobs_xlsx.trendforce.get_dx_comp_index | TrendForce sheet loaded | file=NAND Flash.xlsx | sheet=PC-Client OEM SSD | mode=multi_field | rows=3 | columns=13
2026-07-31 17:20:21 | INFO | src.jobs_xlsx.trendforce.get_dx_comp_index | TrendForce sheet transformed | file=NAND Flash.xlsx | sheet=PC-Client OEM SSD | category=Flash Memory | sub_category=SSD | rows=27
2026-07-31 17:20:21 | INFO | src.jobs_xlsx.trendforce.get_dx_comp_index | TrendForce sheet loaded | file=NAND Flash.xlsx | sheet=SSD Street | mode=multi_field | rows=18 | columns=28
2026-07-31 17:20:21 | INFO | src.jobs_xlsx.trendforce.get_dx_comp_index | TrendForce sheet transformed | file=NAND Flash.xlsx | sheet=SSD Street | category=Flash Memory | sub_category=SSD | rows=267
2026-07-31 17:20:21 | INFO | src.jobs_xlsx.trendforce.get_dx_comp_index | TrendForce workbook transformed | file=NAND Flash.xlsx | rows=1566
2026-07-31 17:20:21 | INFO | src.jobs_xlsx.trendforce.get_dx_comp_index | TrendForce sheet loaded | file=PV.xlsx | sheet=Polysilicon | mode=multi_field | rows=26 | columns=16
2026-07-31 17:20:21 | INFO | src.jobs_xlsx.trendforce.get_dx_comp_index | TrendForce sheet transformed | file=PV.xlsx | sheet=Polysilicon | category=PV | sub_category=Polysilicon | rows=312
2026-07-31 17:20:21 | INFO | src.jobs_xlsx.trendforce.get_dx_comp_index | TrendForce sheet loaded | file=PV.xlsx | sheet=Wafer | mode=multi_field | rows=26 | columns=13
2026-07-31 17:20:22 | INFO | src.jobs_xlsx.trendforce.get_dx_comp_index | TrendForce sheet transformed | file=PV.xlsx | sheet=Wafer | category=PV | sub_category=Wafer | rows=234
2026-07-31 17:20:22 | INFO | src.jobs_xlsx.trendforce.get_dx_comp_index | TrendForce sheet loaded | file=PV.xlsx | sheet=Cell | mode=multi_field | rows=26 | columns=13
2026-07-31 17:20:22 | INFO | src.jobs_xlsx.trendforce.get_dx_comp_index | TrendForce sheet transformed | file=PV.xlsx | sheet=Cell | category=PV | sub_category=Cell | rows=234
2026-07-31 17:20:22 | INFO | src.jobs_xlsx.trendforce.get_dx_comp_index | TrendForce sheet loaded | file=PV.xlsx | sheet=Module | mode=multi_field | rows=26 | columns=10
2026-07-31 17:20:22 | INFO | src.jobs_xlsx.trendforce.get_dx_comp_index | TrendForce sheet transformed | file=PV.xlsx | sheet=Module | category=PV | sub_category=Module | rows=156
2026-07-31 17:20:22 | INFO | src.jobs_xlsx.trendforce.get_dx_comp_index | TrendForce sheet loaded | file=PV.xlsx | sheet=PV Glass | mode=multi_field | rows=26 | columns=13
2026-07-31 17:20:22 | INFO | src.jobs_xlsx.trendforce.get_dx_comp_index | TrendForce sheet transformed | file=PV.xlsx | sheet=PV Glass | category=PV | sub_category=PV Glass | rows=234
2026-07-31 17:20:22 | INFO | src.jobs_xlsx.trendforce.get_dx_comp_index | TrendForce workbook transformed | file=PV.xlsx | rows=1170
2026-07-31 17:20:22 | INFO | src.jobs_xlsx.trendforce.get_dx_comp_index | TrendForce sheet loaded | file=TFT LCD.xlsx | sheet=Large Size Panel | mode=multi_field | rows=7 | columns=16
2026-07-31 17:20:22 | INFO | src.jobs_xlsx.trendforce.get_dx_comp_index | TrendForce sheet transformed | file=TFT LCD.xlsx | sheet=Large Size Panel | category=TFTLCD | sub_category=Large Panel | rows=63
2026-07-31 17:20:22 | INFO | src.jobs_xlsx.trendforce.get_dx_comp_index | TrendForce sheet loaded | file=TFT LCD.xlsx | sheet=LCD Smartphone Panel | mode=multi_field | rows=7 | columns=12
2026-07-31 17:20:22 | INFO | src.jobs_xlsx.trendforce.get_dx_comp_index | TrendForce sheet transformed | file=TFT LCD.xlsx | sheet=LCD Smartphone Panel | category=TFTLCD | sub_category=Smartphone Panel | rows=42
2026-07-31 17:20:22 | INFO | src.jobs_xlsx.trendforce.get_dx_comp_index | TrendForce sheet loaded | file=TFT LCD.xlsx | sheet=Street | mode=multi_field | rows=8 | columns=24
2026-07-31 17:20:22 | INFO | src.jobs_xlsx.trendforce.get_dx_comp_index | TrendForce sheet transformed | file=TFT LCD.xlsx | sheet=Street | category=TFTLCD | sub_category=LCD | rows=112
2026-07-31 17:20:22 | INFO | src.jobs_xlsx.trendforce.get_dx_comp_index | TrendForce sheet loaded | file=TFT LCD.xlsx | sheet=Large Size Panel Shipment | mode=multi_field | rows=8 | columns=14
2026-07-31 17:20:22 | INFO | src.jobs_xlsx.trendforce.get_dx_comp_index | TrendForce sheet transformed | file=TFT LCD.xlsx | sheet=Large Size Panel Shipment | category=TFTLCD | sub_category=Shipment | rows=80
2026-07-31 17:20:22 | INFO | src.jobs_xlsx.trendforce.get_dx_comp_index | TrendForce workbook transformed | file=TFT LCD.xlsx | rows=297
2026-07-31 17:20:22 | INFO | src.jobs_xlsx.trendforce.get_dx_comp_index | TrendForce sheet loaded | file=Li-Ion Battery.xlsx | sheet=Battery Cell & Pack | mode=single_value | rows=7 | columns=11
2026-07-31 17:20:22 | INFO | src.jobs_xlsx.trendforce.get_dx_comp_index | TrendForce sheet transformed | file=Li-Ion Battery.xlsx | sheet=Battery Cell & Pack | category=Battery | sub_category=None | rows=49
2026-07-31 17:20:22 | INFO | src.jobs_xlsx.trendforce.get_dx_comp_index | TrendForce sheet loaded | file=Li-Ion Battery.xlsx | sheet=Precursor and Cathode Material | mode=single_value | rows=7 | columns=14
2026-07-31 17:20:22 | INFO | src.jobs_xlsx.trendforce.get_dx_comp_index | TrendForce sheet transformed | file=Li-Ion Battery.xlsx | sheet=Precursor and Cathode Material | category=Battery | sub_category=None | rows=70
2026-07-31 17:20:22 | INFO | src.jobs_xlsx.trendforce.get_dx_comp_index | TrendForce sheet loaded | file=Li-Ion Battery.xlsx | sheet=Anode Material | mode=single_value | rows=7 | columns=12
2026-07-31 17:20:22 | INFO | src.jobs_xlsx.trendforce.get_dx_comp_index | TrendForce sheet transformed | file=Li-Ion Battery.xlsx | sheet=Anode Material | category=Battery | sub_category=Anode Material | rows=56
2026-07-31 17:20:22 | INFO | src.jobs_xlsx.trendforce.get_dx_comp_index | TrendForce sheet loaded | file=Li-Ion Battery.xlsx | sheet=Separator | mode=single_value | rows=7 | columns=9
2026-07-31 17:20:22 | INFO | src.jobs_xlsx.trendforce.get_dx_comp_index | TrendForce sheet transformed | file=Li-Ion Battery.xlsx | sheet=Separator | category=Battery | sub_category=Separator | rows=35
2026-07-31 17:20:22 | INFO | src.jobs_xlsx.trendforce.get_dx_comp_index | TrendForce sheet loaded | file=Li-Ion Battery.xlsx | sheet=Electrolyte | mode=single_value | rows=7 | columns=8
2026-07-31 17:20:22 | INFO | src.jobs_xlsx.trendforce.get_dx_comp_index | TrendForce sheet transformed | file=Li-Ion Battery.xlsx | sheet=Electrolyte | category=Battery | sub_category=Electrolyte | rows=28
2026-07-31 17:20:22 | INFO | src.jobs_xlsx.trendforce.get_dx_comp_index | TrendForce sheet loaded | file=Li-Ion Battery.xlsx | sheet=Li & Co & Ni | mode=single_value | rows=7 | columns=12
2026-07-31 17:20:22 | INFO | src.jobs_xlsx.trendforce.get_dx_comp_index | TrendForce sheet transformed | file=Li-Ion Battery.xlsx | sheet=Li & Co & Ni | category=Battery | sub_category=LiCoNi | rows=56
2026-07-31 17:20:22 | INFO | src.jobs_xlsx.trendforce.get_dx_comp_index | TrendForce sheet loaded | file=Li-Ion Battery.xlsx | sheet=Other | mode=single_value | rows=7 | columns=6
2026-07-31 17:20:22 | INFO | src.jobs_xlsx.trendforce.get_dx_comp_index | TrendForce sheet transformed | file=Li-Ion Battery.xlsx | sheet=Other | category=Battery | sub_category=Other | rows=14
2026-07-31 17:20:22 | INFO | src.jobs_xlsx.trendforce.get_dx_comp_index | TrendForce workbook transformed | file=Li-Ion Battery.xlsx | rows=308
2026-07-31 17:20:22 | INFO | src.jobs_xlsx.trendforce.get_dx_comp_index | TrendForce industry Parquet saved | output_path=C:\Users\krm\PycharmProjects\AlternativeData\data_warehouse\raw\industry\components\dx_components.parquet | rows=21527
2026-08-05 18:10:47 | INFO | src.jobs_xlsx.trendforce.get_dx_comp_index | TrendForce industry data_lake job started | input_dir=C:\Users\krm\PycharmProjects\AlternativeData\data_lake\industry\TrendForce | metadata_path=C:\Users\krm\PycharmProjects\AlternativeData\data_lake\metadata.xlsx
2026-08-05 18:10:47 | INFO | src.jobs_xlsx.trendforce.get_dx_comp_index | TrendForce metadata loaded | symbols=123
2026-08-05 18:10:47 | INFO | src.jobs_xlsx.trendforce.get_dx_comp_index | TrendForce sheet loaded | file=DRAM.xlsx | sheet=DRAM | mode=multi_field | rows=2317 | columns=28
2026-08-05 18:10:48 | INFO | src.jobs_xlsx.trendforce.get_dx_comp_index | TrendForce sheet transformed | file=DRAM.xlsx | sheet=DRAM | category=DRAM | sub_category=DDR | rows=17688
2026-08-05 18:10:48 | INFO | src.jobs_xlsx.trendforce.get_dx_comp_index | TrendForce sheet loaded | file=DRAM.xlsx | sheet=DRAM Contract | mode=multi_field | rows=8 | columns=25
2026-08-05 18:10:48 | INFO | src.jobs_xlsx.trendforce.get_dx_comp_index | TrendForce sheet transformed | file=DRAM.xlsx | sheet=DRAM Contract | category=DRAM | sub_category=DDR | rows=153
2026-08-05 18:10:48 | INFO | src.jobs_xlsx.trendforce.get_dx_comp_index | TrendForce sheet loaded | file=DRAM.xlsx | sheet=Module | mode=multi_field | rows=38 | columns=22
2026-08-05 18:10:48 | INFO | src.jobs_xlsx.trendforce.get_dx_comp_index | TrendForce sheet transformed | file=DRAM.xlsx | sheet=Module | category=DRAM | sub_category=Module | rows=342
2026-08-05 18:10:48 | INFO | src.jobs_xlsx.trendforce.get_dx_comp_index | TrendForce sheet loaded | file=DRAM.xlsx | sheet=GDDR | mode=multi_field | rows=38 | columns=10
2026-08-05 18:10:48 | INFO | src.jobs_xlsx.trendforce.get_dx_comp_index | TrendForce sheet transformed | file=DRAM.xlsx | sheet=GDDR | category=DRAM | sub_category=GDDR | rows=228
2026-08-05 18:10:48 | INFO | src.jobs_xlsx.trendforce.get_dx_comp_index | TrendForce workbook transformed | file=DRAM.xlsx | rows=18411
2026-08-05 18:10:48 | INFO | src.jobs_xlsx.trendforce.get_dx_comp_index | TrendForce sheet loaded | file=NAND Flash.xlsx | sheet=Flash | mode=multi_field | rows=38 | columns=16
2026-08-05 18:10:48 | INFO | src.jobs_xlsx.trendforce.get_dx_comp_index | TrendForce sheet transformed | file=NAND Flash.xlsx | sheet=Flash | category=Flash Memory | sub_category=NAND | rows=456
2026-08-05 18:10:48 | INFO | src.jobs_xlsx.trendforce.get_dx_comp_index | TrendForce sheet loaded | file=NAND Flash.xlsx | sheet=Flash Contract | mode=multi_field | rows=7 | columns=13
2026-08-05 18:10:48 | INFO | src.jobs_xlsx.trendforce.get_dx_comp_index | TrendForce sheet transformed | file=NAND Flash.xlsx | sheet=Flash Contract | category=Flash Memory | sub_category=NAND | rows=60
2026-08-05 18:10:48 | INFO | src.jobs_xlsx.trendforce.get_dx_comp_index | TrendForce sheet loaded | file=NAND Flash.xlsx | sheet=Wafer | mode=multi_field | rows=38 | columns=13
2026-08-05 18:10:48 | INFO | src.jobs_xlsx.trendforce.get_dx_comp_index | TrendForce sheet transformed | file=NAND Flash.xlsx | sheet=Wafer | category=Flash Memory | sub_category=Wafer | rows=342
2026-08-05 18:10:48 | INFO | src.jobs_xlsx.trendforce.get_dx_comp_index | TrendForce sheet loaded | file=NAND Flash.xlsx | sheet=Memory Card | mode=multi_field | rows=38 | columns=16
2026-08-05 18:10:48 | INFO | src.jobs_xlsx.trendforce.get_dx_comp_index | TrendForce sheet transformed | file=NAND Flash.xlsx | sheet=Memory Card | category=Flash Memory | sub_category=Micro SD | rows=456
2026-08-05 18:10:48 | INFO | src.jobs_xlsx.trendforce.get_dx_comp_index | TrendForce sheet loaded | file=NAND Flash.xlsx | sheet=PC-Client OEM SSD | mode=multi_field | rows=3 | columns=13
2026-08-05 18:10:48 | INFO | src.jobs_xlsx.trendforce.get_dx_comp_index | TrendForce sheet transformed | file=NAND Flash.xlsx | sheet=PC-Client OEM SSD | category=Flash Memory | sub_category=SSD | rows=27
2026-08-05 18:10:48 | INFO | src.jobs_xlsx.trendforce.get_dx_comp_index | TrendForce sheet loaded | file=NAND Flash.xlsx | sheet=SSD Street | mode=multi_field | rows=19 | columns=28
2026-08-05 18:10:48 | INFO | src.jobs_xlsx.trendforce.get_dx_comp_index | TrendForce sheet transformed | file=NAND Flash.xlsx | sheet=SSD Street | category=Flash Memory | sub_category=SSD | rows=282
2026-08-05 18:10:48 | INFO | src.jobs_xlsx.trendforce.get_dx_comp_index | TrendForce workbook transformed | file=NAND Flash.xlsx | rows=1623
2026-08-05 18:10:48 | INFO | src.jobs_xlsx.trendforce.get_dx_comp_index | TrendForce sheet loaded | file=PV.xlsx | sheet=Polysilicon | mode=multi_field | rows=27 | columns=16
2026-08-05 18:10:49 | INFO | src.jobs_xlsx.trendforce.get_dx_comp_index | TrendForce sheet transformed | file=PV.xlsx | sheet=Polysilicon | category=PV | sub_category=Polysilicon | rows=312
2026-08-05 18:10:49 | INFO | src.jobs_xlsx.trendforce.get_dx_comp_index | TrendForce sheet loaded | file=PV.xlsx | sheet=Wafer | mode=multi_field | rows=27 | columns=13
2026-08-05 18:10:49 | INFO | src.jobs_xlsx.trendforce.get_dx_comp_index | TrendForce sheet transformed | file=PV.xlsx | sheet=Wafer | category=PV | sub_category=Wafer | rows=234
2026-08-05 18:10:49 | INFO | src.jobs_xlsx.trendforce.get_dx_comp_index | TrendForce sheet loaded | file=PV.xlsx | sheet=Cell | mode=multi_field | rows=27 | columns=13
2026-08-05 18:10:49 | INFO | src.jobs_xlsx.trendforce.get_dx_comp_index | TrendForce sheet transformed | file=PV.xlsx | sheet=Cell | category=PV | sub_category=Cell | rows=234
2026-08-05 18:10:49 | INFO | src.jobs_xlsx.trendforce.get_dx_comp_index | TrendForce sheet loaded | file=PV.xlsx | sheet=Module | mode=multi_field | rows=27 | columns=10
2026-08-05 18:10:49 | INFO | src.jobs_xlsx.trendforce.get_dx_comp_index | TrendForce sheet transformed | file=PV.xlsx | sheet=Module | category=PV | sub_category=Module | rows=156
2026-08-05 18:10:49 | INFO | src.jobs_xlsx.trendforce.get_dx_comp_index | TrendForce sheet loaded | file=PV.xlsx | sheet=PV Glass | mode=multi_field | rows=27 | columns=13
2026-08-05 18:10:49 | INFO | src.jobs_xlsx.trendforce.get_dx_comp_index | TrendForce sheet transformed | file=PV.xlsx | sheet=PV Glass | category=PV | sub_category=PV Glass | rows=234
2026-08-05 18:10:49 | INFO | src.jobs_xlsx.trendforce.get_dx_comp_index | TrendForce workbook transformed | file=PV.xlsx | rows=1170
2026-08-05 18:10:49 | INFO | src.jobs_xlsx.trendforce.get_dx_comp_index | TrendForce sheet loaded | file=TFT LCD.xlsx | sheet=Large Size Panel | mode=multi_field | rows=7 | columns=16
2026-08-05 18:10:49 | INFO | src.jobs_xlsx.trendforce.get_dx_comp_index | TrendForce sheet transformed | file=TFT LCD.xlsx | sheet=Large Size Panel | category=TFTLCD | sub_category=Large Panel | rows=63
2026-08-05 18:10:49 | INFO | src.jobs_xlsx.trendforce.get_dx_comp_index | TrendForce sheet loaded | file=TFT LCD.xlsx | sheet=LCD Smartphone Panel | mode=multi_field | rows=8 | columns=12
2026-08-05 18:10:49 | INFO | src.jobs_xlsx.trendforce.get_dx_comp_index | TrendForce sheet transformed | file=TFT LCD.xlsx | sheet=LCD Smartphone Panel | category=TFTLCD | sub_category=Smartphone Panel | rows=48
2026-08-05 18:10:49 | INFO | src.jobs_xlsx.trendforce.get_dx_comp_index | TrendForce sheet loaded | file=TFT LCD.xlsx | sheet=Street | mode=multi_field | rows=9 | columns=24
2026-08-05 18:10:49 | INFO | src.jobs_xlsx.trendforce.get_dx_comp_index | TrendForce sheet transformed | file=TFT LCD.xlsx | sheet=Street | category=TFTLCD | sub_category=LCD | rows=127
2026-08-05 18:10:49 | INFO | src.jobs_xlsx.trendforce.get_dx_comp_index | TrendForce sheet loaded | file=TFT LCD.xlsx | sheet=Large Size Panel Shipment | mode=multi_field | rows=8 | columns=14
2026-08-05 18:10:49 | INFO | src.jobs_xlsx.trendforce.get_dx_comp_index | TrendForce sheet transformed | file=TFT LCD.xlsx | sheet=Large Size Panel Shipment | category=TFTLCD | sub_category=Shipment | rows=80
2026-08-05 18:10:49 | INFO | src.jobs_xlsx.trendforce.get_dx_comp_index | TrendForce workbook transformed | file=TFT LCD.xlsx | rows=318
2026-08-05 18:10:49 | INFO | src.jobs_xlsx.trendforce.get_dx_comp_index | TrendForce sheet loaded | file=Li-Ion Battery.xlsx | sheet=Battery Cell & Pack | mode=single_value | rows=7 | columns=11
2026-08-05 18:10:49 | INFO | src.jobs_xlsx.trendforce.get_dx_comp_index | TrendForce sheet transformed | file=Li-Ion Battery.xlsx | sheet=Battery Cell & Pack | category=Battery | sub_category=None | rows=49
2026-08-05 18:10:49 | INFO | src.jobs_xlsx.trendforce.get_dx_comp_index | TrendForce sheet loaded | file=Li-Ion Battery.xlsx | sheet=Precursor and Cathode Material | mode=single_value | rows=7 | columns=14
2026-08-05 18:10:49 | INFO | src.jobs_xlsx.trendforce.get_dx_comp_index | TrendForce sheet transformed | file=Li-Ion Battery.xlsx | sheet=Precursor and Cathode Material | category=Battery | sub_category=None | rows=70
2026-08-05 18:10:49 | INFO | src.jobs_xlsx.trendforce.get_dx_comp_index | TrendForce sheet loaded | file=Li-Ion Battery.xlsx | sheet=Anode Material | mode=single_value | rows=7 | columns=12
2026-08-05 18:10:49 | INFO | src.jobs_xlsx.trendforce.get_dx_comp_index | TrendForce sheet transformed | file=Li-Ion Battery.xlsx | sheet=Anode Material | category=Battery | sub_category=Anode Material | rows=56
2026-08-05 18:10:49 | INFO | src.jobs_xlsx.trendforce.get_dx_comp_index | TrendForce sheet loaded | file=Li-Ion Battery.xlsx | sheet=Separator | mode=single_value | rows=7 | columns=9
2026-08-05 18:10:49 | INFO | src.jobs_xlsx.trendforce.get_dx_comp_index | TrendForce sheet transformed | file=Li-Ion Battery.xlsx | sheet=Separator | category=Battery | sub_category=Separator | rows=35
2026-08-05 18:10:49 | INFO | src.jobs_xlsx.trendforce.get_dx_comp_index | TrendForce sheet loaded | file=Li-Ion Battery.xlsx | sheet=Electrolyte | mode=single_value | rows=7 | columns=8
2026-08-05 18:10:49 | INFO | src.jobs_xlsx.trendforce.get_dx_comp_index | TrendForce sheet transformed | file=Li-Ion Battery.xlsx | sheet=Electrolyte | category=Battery | sub_category=Electrolyte | rows=28
2026-08-05 18:10:50 | INFO | src.jobs_xlsx.trendforce.get_dx_comp_index | TrendForce sheet loaded | file=Li-Ion Battery.xlsx | sheet=Li & Co & Ni | mode=single_value | rows=7 | columns=12
2026-08-05 18:10:50 | INFO | src.jobs_xlsx.trendforce.get_dx_comp_index | TrendForce sheet transformed | file=Li-Ion Battery.xlsx | sheet=Li & Co & Ni | category=Battery | sub_category=LiCoNi | rows=56
2026-08-05 18:10:50 | INFO | src.jobs_xlsx.trendforce.get_dx_comp_index | TrendForce sheet loaded | file=Li-Ion Battery.xlsx | sheet=Other | mode=single_value | rows=7 | columns=6
2026-08-05 18:10:50 | INFO | src.jobs_xlsx.trendforce.get_dx_comp_index | TrendForce sheet transformed | file=Li-Ion Battery.xlsx | sheet=Other | category=Battery | sub_category=Other | rows=14
2026-08-05 18:10:50 | INFO | src.jobs_xlsx.trendforce.get_dx_comp_index | TrendForce workbook transformed | file=Li-Ion Battery.xlsx | rows=308
2026-08-05 18:10:50 | INFO | src.jobs_xlsx.trendforce.get_dx_comp_index | TrendForce industry Parquet saved | output_path=C:\Users\krm\PycharmProjects\AlternativeData\data_warehouse\raw\industry\components\dx_components.parquet | rows=21830
2026-08-09 16:58:05 | INFO | src.jobs_xlsx.trendforce.get_dx_comp_index | TrendForce industry data_lake job started | input_dir=/Users/tommy/Desktop/Pycharm/FinancialData/data_lake/industry/TrendForce | metadata_path=/Users/tommy/Desktop/Pycharm/FinancialData/data_lake/metadata.xlsx
2026-08-09 16:58:05 | INFO | src.jobs_xlsx.trendforce.get_dx_comp_index | TrendForce metadata loaded | symbols=123
2026-08-09 16:58:05 | INFO | src.jobs_xlsx.trendforce.get_dx_comp_index | TrendForce sheet loaded | file=DRAM.xlsx | sheet=DRAM | mode=multi_field | rows=2323 | columns=28
2026-08-09 16:58:05 | INFO | src.jobs_xlsx.trendforce.get_dx_comp_index | TrendForce sheet transformed | file=DRAM.xlsx | sheet=DRAM | category=DRAM | sub_category=DDR | rows=17835
2026-08-09 16:58:05 | INFO | src.jobs_xlsx.trendforce.get_dx_comp_index | TrendForce sheet loaded | file=DRAM.xlsx | sheet=DRAM Contract | mode=multi_field | rows=8 | columns=25
2026-08-09 16:58:05 | INFO | src.jobs_xlsx.trendforce.get_dx_comp_index | TrendForce sheet transformed | file=DRAM.xlsx | sheet=DRAM Contract | category=DRAM | sub_category=DDR | rows=153
2026-08-09 16:58:05 | INFO | src.jobs_xlsx.trendforce.get_dx_comp_index | TrendForce sheet loaded | file=DRAM.xlsx | sheet=Module | mode=multi_field | rows=38 | columns=22
2026-08-09 16:58:05 | INFO | src.jobs_xlsx.trendforce.get_dx_comp_index | TrendForce sheet transformed | file=DRAM.xlsx | sheet=Module | category=DRAM | sub_category=Module | rows=342
2026-08-09 16:58:05 | INFO | src.jobs_xlsx.trendforce.get_dx_comp_index | TrendForce sheet loaded | file=DRAM.xlsx | sheet=GDDR | mode=multi_field | rows=38 | columns=10
2026-08-09 16:58:05 | INFO | src.jobs_xlsx.trendforce.get_dx_comp_index | TrendForce sheet transformed | file=DRAM.xlsx | sheet=GDDR | category=DRAM | sub_category=GDDR | rows=228
2026-08-09 16:58:05 | INFO | src.jobs_xlsx.trendforce.get_dx_comp_index | TrendForce workbook transformed | file=DRAM.xlsx | rows=18558
2026-08-09 16:58:05 | INFO | src.jobs_xlsx.trendforce.get_dx_comp_index | TrendForce sheet loaded | file=NAND Flash.xlsx | sheet=Flash | mode=multi_field | rows=38 | columns=16
2026-08-09 16:58:05 | INFO | src.jobs_xlsx.trendforce.get_dx_comp_index | TrendForce sheet transformed | file=NAND Flash.xlsx | sheet=Flash | category=Flash Memory | sub_category=NAND | rows=456
2026-08-09 16:58:05 | INFO | src.jobs_xlsx.trendforce.get_dx_comp_index | TrendForce sheet loaded | file=NAND Flash.xlsx | sheet=Flash Contract | mode=multi_field | rows=7 | columns=13
2026-08-09 16:58:05 | INFO | src.jobs_xlsx.trendforce.get_dx_comp_index | TrendForce sheet transformed | file=NAND Flash.xlsx | sheet=Flash Contract | category=Flash Memory | sub_category=NAND | rows=60
2026-08-09 16:58:05 | INFO | src.jobs_xlsx.trendforce.get_dx_comp_index | TrendForce sheet loaded | file=NAND Flash.xlsx | sheet=Wafer | mode=multi_field | rows=38 | columns=13
2026-08-09 16:58:05 | INFO | src.jobs_xlsx.trendforce.get_dx_comp_index | TrendForce sheet transformed | file=NAND Flash.xlsx | sheet=Wafer | category=Flash Memory | sub_category=Wafer | rows=342
2026-08-09 16:58:05 | INFO | src.jobs_xlsx.trendforce.get_dx_comp_index | TrendForce sheet loaded | file=NAND Flash.xlsx | sheet=Memory Card | mode=multi_field | rows=38 | columns=16
2026-08-09 16:58:05 | INFO | src.jobs_xlsx.trendforce.get_dx_comp_index | TrendForce sheet transformed | file=NAND Flash.xlsx | sheet=Memory Card | category=Flash Memory | sub_category=Micro SD | rows=456
2026-08-09 16:58:05 | INFO | src.jobs_xlsx.trendforce.get_dx_comp_index | TrendForce sheet loaded | file=NAND Flash.xlsx | sheet=PC-Client OEM SSD | mode=multi_field | rows=3 | columns=13
2026-08-09 16:58:05 | INFO | src.jobs_xlsx.trendforce.get_dx_comp_index | TrendForce sheet transformed | file=NAND Flash.xlsx | sheet=PC-Client OEM SSD | category=Flash Memory | sub_category=SSD | rows=27
2026-08-09 16:58:05 | INFO | src.jobs_xlsx.trendforce.get_dx_comp_index | TrendForce sheet loaded | file=NAND Flash.xlsx | sheet=SSD Street | mode=multi_field | rows=19 | columns=28
2026-08-09 16:58:05 | INFO | src.jobs_xlsx.trendforce.get_dx_comp_index | TrendForce sheet transformed | file=NAND Flash.xlsx | sheet=SSD Street | category=Flash Memory | sub_category=SSD | rows=282
2026-08-09 16:58:05 | INFO | src.jobs_xlsx.trendforce.get_dx_comp_index | TrendForce workbook transformed | file=NAND Flash.xlsx | rows=1623
2026-08-09 16:58:05 | INFO | src.jobs_xlsx.trendforce.get_dx_comp_index | TrendForce sheet loaded | file=PV.xlsx | sheet=Polysilicon | mode=multi_field | rows=27 | columns=16
2026-08-09 16:58:05 | INFO | src.jobs_xlsx.trendforce.get_dx_comp_index | TrendForce sheet transformed | file=PV.xlsx | sheet=Polysilicon | category=PV | sub_category=Polysilicon | rows=312
2026-08-09 16:58:05 | INFO | src.jobs_xlsx.trendforce.get_dx_comp_index | TrendForce sheet loaded | file=PV.xlsx | sheet=Wafer | mode=multi_field | rows=27 | columns=13
2026-08-09 16:58:05 | INFO | src.jobs_xlsx.trendforce.get_dx_comp_index | TrendForce sheet transformed | file=PV.xlsx | sheet=Wafer | category=PV | sub_category=Wafer | rows=234
2026-08-09 16:58:05 | INFO | src.jobs_xlsx.trendforce.get_dx_comp_index | TrendForce sheet loaded | file=PV.xlsx | sheet=Cell | mode=multi_field | rows=27 | columns=13
2026-08-09 16:58:05 | INFO | src.jobs_xlsx.trendforce.get_dx_comp_index | TrendForce sheet transformed | file=PV.xlsx | sheet=Cell | category=PV | sub_category=Cell | rows=234
2026-08-09 16:58:05 | INFO | src.jobs_xlsx.trendforce.get_dx_comp_index | TrendForce sheet loaded | file=PV.xlsx | sheet=Module | mode=multi_field | rows=27 | columns=10
2026-08-09 16:58:05 | INFO | src.jobs_xlsx.trendforce.get_dx_comp_index | TrendForce sheet transformed | file=PV.xlsx | sheet=Module | category=PV | sub_category=Module | rows=156
2026-08-09 16:58:05 | INFO | src.jobs_xlsx.trendforce.get_dx_comp_index | TrendForce sheet loaded | file=PV.xlsx | sheet=PV Glass | mode=multi_field | rows=27 | columns=13
2026-08-09 16:58:05 | INFO | src.jobs_xlsx.trendforce.get_dx_comp_index | TrendForce sheet transformed | file=PV.xlsx | sheet=PV Glass | category=PV | sub_category=PV Glass | rows=234
2026-08-09 16:58:05 | INFO | src.jobs_xlsx.trendforce.get_dx_comp_index | TrendForce workbook transformed | file=PV.xlsx | rows=1170
2026-08-09 16:58:05 | INFO | src.jobs_xlsx.trendforce.get_dx_comp_index | TrendForce sheet loaded | file=TFT LCD.xlsx | sheet=Large Size Panel | mode=multi_field | rows=7 | columns=16
2026-08-09 16:58:05 | INFO | src.jobs_xlsx.trendforce.get_dx_comp_index | TrendForce sheet transformed | file=TFT LCD.xlsx | sheet=Large Size Panel | category=TFTLCD | sub_category=Large Panel | rows=63
2026-08-09 16:58:05 | INFO | src.jobs_xlsx.trendforce.get_dx_comp_index | TrendForce sheet loaded | file=TFT LCD.xlsx | sheet=LCD Smartphone Panel | mode=multi_field | rows=8 | columns=12
2026-08-09 16:58:05 | INFO | src.jobs_xlsx.trendforce.get_dx_comp_index | TrendForce sheet transformed | file=TFT LCD.xlsx | sheet=LCD Smartphone Panel | category=TFTLCD | sub_category=Smartphone Panel | rows=48
2026-08-09 16:58:05 | INFO | src.jobs_xlsx.trendforce.get_dx_comp_index | TrendForce sheet loaded | file=TFT LCD.xlsx | sheet=Street | mode=multi_field | rows=9 | columns=24
2026-08-09 16:58:05 | INFO | src.jobs_xlsx.trendforce.get_dx_comp_index | TrendForce sheet transformed | file=TFT LCD.xlsx | sheet=Street | category=TFTLCD | sub_category=LCD | rows=127
2026-08-09 16:58:05 | INFO | src.jobs_xlsx.trendforce.get_dx_comp_index | TrendForce sheet loaded | file=TFT LCD.xlsx | sheet=Large Size Panel Shipment | mode=multi_field | rows=8 | columns=14
2026-08-09 16:58:05 | INFO | src.jobs_xlsx.trendforce.get_dx_comp_index | TrendForce sheet transformed | file=TFT LCD.xlsx | sheet=Large Size Panel Shipment | category=TFTLCD | sub_category=Shipment | rows=80
2026-08-09 16:58:05 | INFO | src.jobs_xlsx.trendforce.get_dx_comp_index | TrendForce workbook transformed | file=TFT LCD.xlsx | rows=318
2026-08-09 16:58:05 | INFO | src.jobs_xlsx.trendforce.get_dx_comp_index | TrendForce sheet loaded | file=Li-Ion Battery.xlsx | sheet=Battery Cell & Pack | mode=single_value | rows=7 | columns=11
2026-08-09 16:58:05 | INFO | src.jobs_xlsx.trendforce.get_dx_comp_index | TrendForce sheet transformed | file=Li-Ion Battery.xlsx | sheet=Battery Cell & Pack | category=Battery | sub_category=None | rows=49
2026-08-09 16:58:05 | INFO | src.jobs_xlsx.trendforce.get_dx_comp_index | TrendForce sheet loaded | file=Li-Ion Battery.xlsx | sheet=Precursor and Cathode Material | mode=single_value | rows=7 | columns=14
2026-08-09 16:58:05 | INFO | src.jobs_xlsx.trendforce.get_dx_comp_index | TrendForce sheet transformed | file=Li-Ion Battery.xlsx | sheet=Precursor and Cathode Material | category=Battery | sub_category=None | rows=70
2026-08-09 16:58:05 | INFO | src.jobs_xlsx.trendforce.get_dx_comp_index | TrendForce sheet loaded | file=Li-Ion Battery.xlsx | sheet=Anode Material | mode=single_value | rows=7 | columns=12
2026-08-09 16:58:05 | INFO | src.jobs_xlsx.trendforce.get_dx_comp_index | TrendForce sheet transformed | file=Li-Ion Battery.xlsx | sheet=Anode Material | category=Battery | sub_category=Anode Material | rows=56
2026-08-09 16:58:05 | INFO | src.jobs_xlsx.trendforce.get_dx_comp_index | TrendForce sheet loaded | file=Li-Ion Battery.xlsx | sheet=Separator | mode=single_value | rows=7 | columns=9
2026-08-09 16:58:05 | INFO | src.jobs_xlsx.trendforce.get_dx_comp_index | TrendForce sheet transformed | file=Li-Ion Battery.xlsx | sheet=Separator | category=Battery | sub_category=Separator | rows=35
2026-08-09 16:58:05 | INFO | src.jobs_xlsx.trendforce.get_dx_comp_index | TrendForce sheet loaded | file=Li-Ion Battery.xlsx | sheet=Electrolyte | mode=single_value | rows=7 | columns=8
2026-08-09 16:58:05 | INFO | src.jobs_xlsx.trendforce.get_dx_comp_index | TrendForce sheet transformed | file=Li-Ion Battery.xlsx | sheet=Electrolyte | category=Battery | sub_category=Electrolyte | rows=28
2026-08-09 16:58:05 | INFO | src.jobs_xlsx.trendforce.get_dx_comp_index | TrendForce sheet loaded | file=Li-Ion Battery.xlsx | sheet=Li & Co & Ni | mode=single_value | rows=7 | columns=12
2026-08-09 16:58:05 | INFO | src.jobs_xlsx.trendforce.get_dx_comp_index | TrendForce sheet transformed | file=Li-Ion Battery.xlsx | sheet=Li & Co & Ni | category=Battery | sub_category=LiCoNi | rows=56
2026-08-09 16:58:05 | INFO | src.jobs_xlsx.trendforce.get_dx_comp_index | TrendForce sheet loaded | file=Li-Ion Battery.xlsx | sheet=Other | mode=single_value | rows=7 | columns=6
2026-08-09 16:58:05 | INFO | src.jobs_xlsx.trendforce.get_dx_comp_index | TrendForce sheet transformed | file=Li-Ion Battery.xlsx | sheet=Other | category=Battery | sub_category=Other | rows=14
2026-08-09 16:58:05 | INFO | src.jobs_xlsx.trendforce.get_dx_comp_index | TrendForce workbook transformed | file=Li-Ion Battery.xlsx | rows=308
2026-08-09 16:58:05 | INFO | src.jobs_xlsx.trendforce.get_dx_comp_index | TrendForce industry Parquet saved | output_path=/Users/tommy/Desktop/Pycharm/FinancialData/data_warehouse/raw/industry/components/dx_components.parquet | rows=21977
2026-08-18 00:44:20 | INFO | src.jobs_xlsx.trendforce.get_dx_comp_index | TrendForce industry data_lake job started | input_dir=/Users/tommy/Desktop/Pycharm/FinancialData/data_lake/industry/TrendForce | metadata_path=/Users/tommy/Desktop/Pycharm/FinancialData/data_lake/metadata.xlsx
2026-08-18 00:44:20 | INFO | src.jobs_xlsx.trendforce.get_dx_comp_index | TrendForce metadata loaded | symbols=123
2026-08-18 00:44:20 | INFO | src.jobs_xlsx.trendforce.get_dx_comp_index | TrendForce sheet loaded | file=DRAM.xlsx | sheet=DRAM | mode=multi_field | rows=2341 | columns=28
2026-08-18 00:44:20 | INFO | src.jobs_xlsx.trendforce.get_dx_comp_index | TrendForce sheet transformed | file=DRAM.xlsx | sheet=DRAM | category=DRAM | sub_category=DDR | rows=18447
2026-08-18 00:44:20 | INFO | src.jobs_xlsx.trendforce.get_dx_comp_index | TrendForce sheet loaded | file=DRAM.xlsx | sheet=DRAM Contract | mode=multi_field | rows=8 | columns=25
2026-08-18 00:44:20 | INFO | src.jobs_xlsx.trendforce.get_dx_comp_index | TrendForce sheet transformed | file=DRAM.xlsx | sheet=DRAM Contract | category=DRAM | sub_category=DDR | rows=153
2026-08-18 00:44:20 | INFO | src.jobs_xlsx.trendforce.get_dx_comp_index | TrendForce sheet loaded | file=DRAM.xlsx | sheet=Module | mode=multi_field | rows=40 | columns=22
2026-08-18 00:44:20 | INFO | src.jobs_xlsx.trendforce.get_dx_comp_index | TrendForce sheet transformed | file=DRAM.xlsx | sheet=Module | category=DRAM | sub_category=Module | rows=360
2026-08-18 00:44:20 | INFO | src.jobs_xlsx.trendforce.get_dx_comp_index | TrendForce sheet loaded | file=DRAM.xlsx | sheet=GDDR | mode=multi_field | rows=40 | columns=10
2026-08-18 00:44:20 | INFO | src.jobs_xlsx.trendforce.get_dx_comp_index | TrendForce sheet transformed | file=DRAM.xlsx | sheet=GDDR | category=DRAM | sub_category=GDDR | rows=240
2026-08-18 00:44:20 | INFO | src.jobs_xlsx.trendforce.get_dx_comp_index | TrendForce workbook transformed | file=DRAM.xlsx | rows=19200
2026-08-18 00:44:20 | INFO | src.jobs_xlsx.trendforce.get_dx_comp_index | TrendForce sheet loaded | file=NAND Flash.xlsx | sheet=Flash | mode=multi_field | rows=40 | columns=16
2026-08-18 00:44:20 | INFO | src.jobs_xlsx.trendforce.get_dx_comp_index | TrendForce sheet transformed | file=NAND Flash.xlsx | sheet=Flash | category=Flash Memory | sub_category=NAND | rows=480
2026-08-18 00:44:20 | INFO | src.jobs_xlsx.trendforce.get_dx_comp_index | TrendForce sheet loaded | file=NAND Flash.xlsx | sheet=Flash Contract | mode=multi_field | rows=7 | columns=13
2026-08-18 00:44:20 | INFO | src.jobs_xlsx.trendforce.get_dx_comp_index | TrendForce sheet transformed | file=NAND Flash.xlsx | sheet=Flash Contract | category=Flash Memory | sub_category=NAND | rows=60
2026-08-18 00:44:20 | INFO | src.jobs_xlsx.trendforce.get_dx_comp_index | TrendForce sheet loaded | file=NAND Flash.xlsx | sheet=Wafer | mode=multi_field | rows=40 | columns=13
2026-08-18 00:44:20 | INFO | src.jobs_xlsx.trendforce.get_dx_comp_index | TrendForce sheet transformed | file=NAND Flash.xlsx | sheet=Wafer | category=Flash Memory | sub_category=Wafer | rows=360
2026-08-18 00:44:20 | INFO | src.jobs_xlsx.trendforce.get_dx_comp_index | TrendForce sheet loaded | file=NAND Flash.xlsx | sheet=Memory Card | mode=multi_field | rows=40 | columns=16
2026-08-18 00:44:20 | INFO | src.jobs_xlsx.trendforce.get_dx_comp_index | TrendForce sheet transformed | file=NAND Flash.xlsx | sheet=Memory Card | category=Flash Memory | sub_category=Micro SD | rows=480
2026-08-18 00:44:20 | INFO | src.jobs_xlsx.trendforce.get_dx_comp_index | TrendForce sheet loaded | file=NAND Flash.xlsx | sheet=PC-Client OEM SSD | mode=multi_field | rows=3 | columns=13
2026-08-18 00:44:20 | INFO | src.jobs_xlsx.trendforce.get_dx_comp_index | TrendForce sheet transformed | file=NAND Flash.xlsx | sheet=PC-Client OEM SSD | category=Flash Memory | sub_category=SSD | rows=27
2026-08-18 00:44:20 | INFO | src.jobs_xlsx.trendforce.get_dx_comp_index | TrendForce sheet loaded | file=NAND Flash.xlsx | sheet=SSD Street | mode=multi_field | rows=20 | columns=28
2026-08-18 00:44:20 | INFO | src.jobs_xlsx.trendforce.get_dx_comp_index | TrendForce sheet transformed | file=NAND Flash.xlsx | sheet=SSD Street | category=Flash Memory | sub_category=SSD | rows=297
2026-08-18 00:44:20 | INFO | src.jobs_xlsx.trendforce.get_dx_comp_index | TrendForce workbook transformed | file=NAND Flash.xlsx | rows=1704
2026-08-18 00:44:20 | INFO | src.jobs_xlsx.trendforce.get_dx_comp_index | TrendForce sheet loaded | file=PV.xlsx | sheet=Polysilicon | mode=multi_field | rows=28 | columns=16
2026-08-18 00:44:20 | INFO | src.jobs_xlsx.trendforce.get_dx_comp_index | TrendForce sheet transformed | file=PV.xlsx | sheet=Polysilicon | category=PV | sub_category=Polysilicon | rows=336
2026-08-18 00:44:20 | INFO | src.jobs_xlsx.trendforce.get_dx_comp_index | TrendForce sheet loaded | file=PV.xlsx | sheet=Wafer | mode=multi_field | rows=28 | columns=13
2026-08-18 00:44:20 | INFO | src.jobs_xlsx.trendforce.get_dx_comp_index | TrendForce sheet transformed | file=PV.xlsx | sheet=Wafer | category=PV | sub_category=Wafer | rows=252
2026-08-18 00:44:20 | INFO | src.jobs_xlsx.trendforce.get_dx_comp_index | TrendForce sheet loaded | file=PV.xlsx | sheet=Cell | mode=multi_field | rows=28 | columns=13
2026-08-18 00:44:20 | INFO | src.jobs_xlsx.trendforce.get_dx_comp_index | TrendForce sheet transformed | file=PV.xlsx | sheet=Cell | category=PV | sub_category=Cell | rows=252
2026-08-18 00:44:20 | INFO | src.jobs_xlsx.trendforce.get_dx_comp_index | TrendForce sheet loaded | file=PV.xlsx | sheet=Module | mode=multi_field | rows=28 | columns=10
2026-08-18 00:44:20 | INFO | src.jobs_xlsx.trendforce.get_dx_comp_index | TrendForce sheet transformed | file=PV.xlsx | sheet=Module | category=PV | sub_category=Module | rows=168
2026-08-18 00:44:20 | INFO | src.jobs_xlsx.trendforce.get_dx_comp_index | TrendForce sheet loaded | file=PV.xlsx | sheet=PV Glass | mode=multi_field | rows=28 | columns=13
2026-08-18 00:44:20 | INFO | src.jobs_xlsx.trendforce.get_dx_comp_index | TrendForce sheet transformed | file=PV.xlsx | sheet=PV Glass | category=PV | sub_category=PV Glass | rows=252
2026-08-18 00:44:20 | INFO | src.jobs_xlsx.trendforce.get_dx_comp_index | TrendForce workbook transformed | file=PV.xlsx | rows=1260
2026-08-18 00:44:20 | INFO | src.jobs_xlsx.trendforce.get_dx_comp_index | TrendForce sheet loaded | file=TFT LCD.xlsx | sheet=Large Size Panel | mode=multi_field | rows=7 | columns=16
2026-08-18 00:44:20 | INFO | src.jobs_xlsx.trendforce.get_dx_comp_index | TrendForce sheet transformed | file=TFT LCD.xlsx | sheet=Large Size Panel | category=TFTLCD | sub_category=Large Panel | rows=63
2026-08-18 00:44:20 | INFO | src.jobs_xlsx.trendforce.get_dx_comp_index | TrendForce sheet loaded | file=TFT LCD.xlsx | sheet=LCD Smartphone Panel | mode=multi_field | rows=8 | columns=12
2026-08-18 00:44:20 | INFO | src.jobs_xlsx.trendforce.get_dx_comp_index | TrendForce sheet transformed | file=TFT LCD.xlsx | sheet=LCD Smartphone Panel | category=TFTLCD | sub_category=Smartphone Panel | rows=48
2026-08-18 00:44:20 | INFO | src.jobs_xlsx.trendforce.get_dx_comp_index | TrendForce sheet loaded | file=TFT LCD.xlsx | sheet=Street | mode=multi_field | rows=9 | columns=24
2026-08-18 00:44:20 | INFO | src.jobs_xlsx.trendforce.get_dx_comp_index | TrendForce sheet transformed | file=TFT LCD.xlsx | sheet=Street | category=TFTLCD | sub_category=LCD | rows=127
2026-08-18 00:44:20 | INFO | src.jobs_xlsx.trendforce.get_dx_comp_index | TrendForce sheet loaded | file=TFT LCD.xlsx | sheet=Large Size Panel Shipment | mode=multi_field | rows=8 | columns=14
2026-08-18 00:44:20 | INFO | src.jobs_xlsx.trendforce.get_dx_comp_index | TrendForce sheet transformed | file=TFT LCD.xlsx | sheet=Large Size Panel Shipment | category=TFTLCD | sub_category=Shipment | rows=80
2026-08-18 00:44:20 | INFO | src.jobs_xlsx.trendforce.get_dx_comp_index | TrendForce workbook transformed | file=TFT LCD.xlsx | rows=318
2026-08-18 00:44:20 | INFO | src.jobs_xlsx.trendforce.get_dx_comp_index | TrendForce sheet loaded | file=Li-Ion Battery.xlsx | sheet=Battery Cell & Pack | mode=single_value | rows=8 | columns=11
2026-08-18 00:44:20 | INFO | src.jobs_xlsx.trendforce.get_dx_comp_index | TrendForce sheet transformed | file=Li-Ion Battery.xlsx | sheet=Battery Cell & Pack | category=Battery | sub_category=None | rows=56
2026-08-18 00:44:20 | INFO | src.jobs_xlsx.trendforce.get_dx_comp_index | TrendForce sheet loaded | file=Li-Ion Battery.xlsx | sheet=Precursor and Cathode Material | mode=single_value | rows=8 | columns=14
2026-08-18 00:44:20 | INFO | src.jobs_xlsx.trendforce.get_dx_comp_index | TrendForce sheet transformed | file=Li-Ion Battery.xlsx | sheet=Precursor and Cathode Material | category=Battery | sub_category=None | rows=80
2026-08-18 00:44:20 | INFO | src.jobs_xlsx.trendforce.get_dx_comp_index | TrendForce sheet loaded | file=Li-Ion Battery.xlsx | sheet=Anode Material | mode=single_value | rows=8 | columns=12
2026-08-18 00:44:20 | INFO | src.jobs_xlsx.trendforce.get_dx_comp_index | TrendForce sheet transformed | file=Li-Ion Battery.xlsx | sheet=Anode Material | category=Battery | sub_category=Anode Material | rows=64
2026-08-18 00:44:20 | INFO | src.jobs_xlsx.trendforce.get_dx_comp_index | TrendForce sheet loaded | file=Li-Ion Battery.xlsx | sheet=Separator | mode=single_value | rows=8 | columns=9
2026-08-18 00:44:20 | INFO | src.jobs_xlsx.trendforce.get_dx_comp_index | TrendForce sheet transformed | file=Li-Ion Battery.xlsx | sheet=Separator | category=Battery | sub_category=Separator | rows=40
2026-08-18 00:44:20 | INFO | src.jobs_xlsx.trendforce.get_dx_comp_index | TrendForce sheet loaded | file=Li-Ion Battery.xlsx | sheet=Electrolyte | mode=single_value | rows=8 | columns=8
2026-08-18 00:44:20 | INFO | src.jobs_xlsx.trendforce.get_dx_comp_index | TrendForce sheet transformed | file=Li-Ion Battery.xlsx | sheet=Electrolyte | category=Battery | sub_category=Electrolyte | rows=32
2026-08-18 00:44:20 | INFO | src.jobs_xlsx.trendforce.get_dx_comp_index | TrendForce sheet loaded | file=Li-Ion Battery.xlsx | sheet=Li & Co & Ni | mode=single_value | rows=8 | columns=12
2026-08-18 00:44:20 | INFO | src.jobs_xlsx.trendforce.get_dx_comp_index | TrendForce sheet transformed | file=Li-Ion Battery.xlsx | sheet=Li & Co & Ni | category=Battery | sub_category=LiCoNi | rows=64
2026-08-18 00:44:20 | INFO | src.jobs_xlsx.trendforce.get_dx_comp_index | TrendForce sheet loaded | file=Li-Ion Battery.xlsx | sheet=Other | mode=single_value | rows=8 | columns=6
2026-08-18 00:44:20 | INFO | src.jobs_xlsx.trendforce.get_dx_comp_index | TrendForce sheet transformed | file=Li-Ion Battery.xlsx | sheet=Other | category=Battery | sub_category=Other | rows=16
2026-08-18 00:44:20 | INFO | src.jobs_xlsx.trendforce.get_dx_comp_index | TrendForce workbook transformed | file=Li-Ion Battery.xlsx | rows=352
2026-08-18 00:44:20 | INFO | src.jobs_xlsx.trendforce.get_dx_comp_index | TrendForce industry Parquet saved | output_path=/Users/tommy/Desktop/Pycharm/FinancialData/data_warehouse/raw/industry/components/dx_components.parquet | rows=22834
2026-08-30 11:45:53 | INFO | src.jobs_xlsx.trendforce.get_dx_comp_index | TrendForce industry data_lake job started | input_dir=/Users/junghunlee/Desktop/Pycharm/FinancialData/data_lake/industry/TrendForce | metadata_path=/Users/junghunlee/Desktop/Pycharm/FinancialData/data_lake/metadata.xlsx
2026-08-30 11:45:54 | INFO | src.jobs_xlsx.trendforce.get_dx_comp_index | TrendForce metadata loaded | symbols=123
2026-08-30 11:45:54 | INFO | src.jobs_xlsx.trendforce.get_dx_comp_index | TrendForce sheet loaded | file=DRAM.xlsx | sheet=DRAM | mode=multi_field | rows=2368 | columns=28
2026-08-30 11:45:54 | INFO | src.jobs_xlsx.trendforce.get_dx_comp_index | TrendForce sheet transformed | file=DRAM.xlsx | sheet=DRAM | category=DRAM | sub_category=DDR | rows=19014
2026-08-30 11:45:54 | INFO | src.jobs_xlsx.trendforce.get_dx_comp_index | TrendForce sheet loaded | file=DRAM.xlsx | sheet=DRAM Contract | mode=multi_field | rows=8 | columns=25
2026-08-30 11:45:54 | INFO | src.jobs_xlsx.trendforce.get_dx_comp_index | TrendForce sheet transformed | file=DRAM.xlsx | sheet=DRAM Contract | category=DRAM | sub_category=DDR | rows=153
2026-08-30 11:45:54 | INFO | src.jobs_xlsx.trendforce.get_dx_comp_index | TrendForce sheet loaded | file=DRAM.xlsx | sheet=Module | mode=multi_field | rows=41 | columns=22
2026-08-30 11:45:54 | INFO | src.jobs_xlsx.trendforce.get_dx_comp_index | TrendForce sheet transformed | file=DRAM.xlsx | sheet=Module | category=DRAM | sub_category=Module | rows=369
2026-08-30 11:45:54 | INFO | src.jobs_xlsx.trendforce.get_dx_comp_index | TrendForce sheet loaded | file=DRAM.xlsx | sheet=GDDR | mode=multi_field | rows=41 | columns=10
2026-08-30 11:45:54 | INFO | src.jobs_xlsx.trendforce.get_dx_comp_index | TrendForce sheet transformed | file=DRAM.xlsx | sheet=GDDR | category=DRAM | sub_category=GDDR | rows=246
2026-08-30 11:45:54 | INFO | src.jobs_xlsx.trendforce.get_dx_comp_index | TrendForce workbook transformed | file=DRAM.xlsx | rows=19782
2026-08-30 11:45:54 | INFO | src.jobs_xlsx.trendforce.get_dx_comp_index | TrendForce sheet loaded | file=NAND Flash.xlsx | sheet=Flash | mode=multi_field | rows=41 | columns=16
2026-08-30 11:45:54 | INFO | src.jobs_xlsx.trendforce.get_dx_comp_index | TrendForce sheet transformed | file=NAND Flash.xlsx | sheet=Flash | category=Flash Memory | sub_category=NAND | rows=492
2026-08-30 11:45:54 | INFO | src.jobs_xlsx.trendforce.get_dx_comp_index | TrendForce sheet loaded | file=NAND Flash.xlsx | sheet=Flash Contract | mode=multi_field | rows=7 | columns=13
2026-08-30 11:45:54 | INFO | src.jobs_xlsx.trendforce.get_dx_comp_index | TrendForce sheet transformed | file=NAND Flash.xlsx | sheet=Flash Contract | category=Flash Memory | sub_category=NAND | rows=60
2026-08-30 11:45:54 | INFO | src.jobs_xlsx.trendforce.get_dx_comp_index | TrendForce sheet loaded | file=NAND Flash.xlsx | sheet=Wafer | mode=multi_field | rows=41 | columns=13
2026-08-30 11:45:54 | INFO | src.jobs_xlsx.trendforce.get_dx_comp_index | TrendForce sheet transformed | file=NAND Flash.xlsx | sheet=Wafer | category=Flash Memory | sub_category=Wafer | rows=369
2026-08-30 11:45:54 | INFO | src.jobs_xlsx.trendforce.get_dx_comp_index | TrendForce sheet loaded | file=NAND Flash.xlsx | sheet=Memory Card | mode=multi_field | rows=41 | columns=16
2026-08-30 11:45:54 | INFO | src.jobs_xlsx.trendforce.get_dx_comp_index | TrendForce sheet transformed | file=NAND Flash.xlsx | sheet=Memory Card | category=Flash Memory | sub_category=Micro SD | rows=492
2026-08-30 11:45:54 | INFO | src.jobs_xlsx.trendforce.get_dx_comp_index | TrendForce sheet loaded | file=NAND Flash.xlsx | sheet=PC-Client OEM SSD | mode=multi_field | rows=3 | columns=13
2026-08-30 11:45:54 | INFO | src.jobs_xlsx.trendforce.get_dx_comp_index | TrendForce sheet transformed | file=NAND Flash.xlsx | sheet=PC-Client OEM SSD | category=Flash Memory | sub_category=SSD | rows=27
2026-08-30 11:45:54 | INFO | src.jobs_xlsx.trendforce.get_dx_comp_index | TrendForce sheet loaded | file=NAND Flash.xlsx | sheet=SSD Street | mode=multi_field | rows=20 | columns=28
2026-08-30 11:45:54 | INFO | src.jobs_xlsx.trendforce.get_dx_comp_index | TrendForce sheet transformed | file=NAND Flash.xlsx | sheet=SSD Street | category=Flash Memory | sub_category=SSD | rows=297
2026-08-30 11:45:54 | INFO | src.jobs_xlsx.trendforce.get_dx_comp_index | TrendForce workbook transformed | file=NAND Flash.xlsx | rows=1737
2026-08-30 11:45:54 | INFO | src.jobs_xlsx.trendforce.get_dx_comp_index | TrendForce sheet loaded | file=PV.xlsx | sheet=Polysilicon | mode=multi_field | rows=30 | columns=16
2026-08-30 11:45:54 | INFO | src.jobs_xlsx.trendforce.get_dx_comp_index | TrendForce sheet transformed | file=PV.xlsx | sheet=Polysilicon | category=PV | sub_category=Polysilicon | rows=360
2026-08-30 11:45:54 | INFO | src.jobs_xlsx.trendforce.get_dx_comp_index | TrendForce sheet loaded | file=PV.xlsx | sheet=Wafer | mode=multi_field | rows=30 | columns=13
2026-08-30 11:45:54 | INFO | src.jobs_xlsx.trendforce.get_dx_comp_index | TrendForce sheet transformed | file=PV.xlsx | sheet=Wafer | category=PV | sub_category=Wafer | rows=270
2026-08-30 11:45:54 | INFO | src.jobs_xlsx.trendforce.get_dx_comp_index | TrendForce sheet loaded | file=PV.xlsx | sheet=Cell | mode=multi_field | rows=30 | columns=13
2026-08-30 11:45:54 | INFO | src.jobs_xlsx.trendforce.get_dx_comp_index | TrendForce sheet transformed | file=PV.xlsx | sheet=Cell | category=PV | sub_category=Cell | rows=270
2026-08-30 11:45:54 | INFO | src.jobs_xlsx.trendforce.get_dx_comp_index | TrendForce sheet loaded | file=PV.xlsx | sheet=Module | mode=multi_field | rows=30 | columns=10
2026-08-30 11:45:54 | INFO | src.jobs_xlsx.trendforce.get_dx_comp_index | TrendForce sheet transformed | file=PV.xlsx | sheet=Module | category=PV | sub_category=Module | rows=180
2026-08-30 11:45:54 | INFO | src.jobs_xlsx.trendforce.get_dx_comp_index | TrendForce sheet loaded | file=PV.xlsx | sheet=PV Glass | mode=multi_field | rows=30 | columns=13
2026-08-30 11:45:54 | INFO | src.jobs_xlsx.trendforce.get_dx_comp_index | TrendForce sheet transformed | file=PV.xlsx | sheet=PV Glass | category=PV | sub_category=PV Glass | rows=270
2026-08-30 11:45:54 | INFO | src.jobs_xlsx.trendforce.get_dx_comp_index | TrendForce workbook transformed | file=PV.xlsx | rows=1350
2026-08-30 11:45:54 | INFO | src.jobs_xlsx.trendforce.get_dx_comp_index | TrendForce sheet loaded | file=TFT LCD.xlsx | sheet=Large Size Panel | mode=multi_field | rows=8 | columns=16
2026-08-30 11:45:54 | INFO | src.jobs_xlsx.trendforce.get_dx_comp_index | TrendForce sheet transformed | file=TFT LCD.xlsx | sheet=Large Size Panel | category=TFTLCD | sub_category=Large Panel | rows=72
2026-08-30 11:45:54 | INFO | src.jobs_xlsx.trendforce.get_dx_comp_index | TrendForce sheet loaded | file=TFT LCD.xlsx | sheet=LCD Smartphone Panel | mode=multi_field | rows=8 | columns=12
2026-08-30 11:45:54 | INFO | src.jobs_xlsx.trendforce.get_dx_comp_index | TrendForce sheet transformed | file=TFT LCD.xlsx | sheet=LCD Smartphone Panel | category=TFTLCD | sub_category=Smartphone Panel | rows=48
2026-08-30 11:45:54 | INFO | src.jobs_xlsx.trendforce.get_dx_comp_index | TrendForce sheet loaded | file=TFT LCD.xlsx | sheet=Street | mode=multi_field | rows=9 | columns=24
2026-08-30 11:45:54 | INFO | src.jobs_xlsx.trendforce.get_dx_comp_index | TrendForce sheet transformed | file=TFT LCD.xlsx | sheet=Street | category=TFTLCD | sub_category=LCD | rows=127
2026-08-30 11:45:54 | INFO | src.jobs_xlsx.trendforce.get_dx_comp_index | TrendForce sheet loaded | file=TFT LCD.xlsx | sheet=Large Size Panel Shipment | mode=multi_field | rows=9 | columns=14
2026-08-30 11:45:54 | INFO | src.jobs_xlsx.trendforce.get_dx_comp_index | TrendForce sheet transformed | file=TFT LCD.xlsx | sheet=Large Size Panel Shipment | category=TFTLCD | sub_category=Shipment | rows=90
2026-08-30 11:45:54 | INFO | src.jobs_xlsx.trendforce.get_dx_comp_index | TrendForce workbook transformed | file=TFT LCD.xlsx | rows=337
2026-08-30 11:45:54 | INFO | src.jobs_xlsx.trendforce.get_dx_comp_index | TrendForce sheet loaded | file=Li-Ion Battery.xlsx | sheet=Battery Cell & Pack | mode=single_value | rows=8 | columns=11
2026-08-30 11:45:54 | INFO | src.jobs_xlsx.trendforce.get_dx_comp_index | TrendForce sheet transformed | file=Li-Ion Battery.xlsx | sheet=Battery Cell & Pack | category=Battery | sub_category=None | rows=56
2026-08-30 11:45:54 | INFO | src.jobs_xlsx.trendforce.get_dx_comp_index | TrendForce sheet loaded | file=Li-Ion Battery.xlsx | sheet=Precursor and Cathode Material | mode=single_value | rows=8 | columns=14
2026-08-30 11:45:54 | INFO | src.jobs_xlsx.trendforce.get_dx_comp_index | TrendForce sheet transformed | file=Li-Ion Battery.xlsx | sheet=Precursor and Cathode Material | category=Battery | sub_category=None | rows=80
2026-08-30 11:45:54 | INFO | src.jobs_xlsx.trendforce.get_dx_comp_index | TrendForce sheet loaded | file=Li-Ion Battery.xlsx | sheet=Anode Material | mode=single_value | rows=8 | columns=12
2026-08-30 11:45:54 | INFO | src.jobs_xlsx.trendforce.get_dx_comp_index | TrendForce sheet transformed | file=Li-Ion Battery.xlsx | sheet=Anode Material | category=Battery | sub_category=Anode Material | rows=64
2026-08-30 11:45:54 | INFO | src.jobs_xlsx.trendforce.get_dx_comp_index | TrendForce sheet loaded | file=Li-Ion Battery.xlsx | sheet=Separator | mode=single_value | rows=8 | columns=9
2026-08-30 11:45:54 | INFO | src.jobs_xlsx.trendforce.get_dx_comp_index | TrendForce sheet transformed | file=Li-Ion Battery.xlsx | sheet=Separator | category=Battery | sub_category=Separator | rows=40
2026-08-30 11:45:54 | INFO | src.jobs_xlsx.trendforce.get_dx_comp_index | TrendForce sheet loaded | file=Li-Ion Battery.xlsx | sheet=Electrolyte | mode=single_value | rows=8 | columns=8
2026-08-30 11:45:54 | INFO | src.jobs_xlsx.trendforce.get_dx_comp_index | TrendForce sheet transformed | file=Li-Ion Battery.xlsx | sheet=Electrolyte | category=Battery | sub_category=Electrolyte | rows=32
2026-08-30 11:45:54 | INFO | src.jobs_xlsx.trendforce.get_dx_comp_index | TrendForce sheet loaded | file=Li-Ion Battery.xlsx | sheet=Li & Co & Ni | mode=single_value | rows=8 | columns=12
2026-08-30 11:45:54 | INFO | src.jobs_xlsx.trendforce.get_dx_comp_index | TrendForce sheet transformed | file=Li-Ion Battery.xlsx | sheet=Li & Co & Ni | category=Battery | sub_category=LiCoNi | rows=64
2026-08-30 11:45:54 | INFO | src.jobs_xlsx.trendforce.get_dx_comp_index | TrendForce sheet loaded | file=Li-Ion Battery.xlsx | sheet=Other | mode=single_value | rows=8 | columns=6
2026-08-30 11:45:54 | INFO | src.jobs_xlsx.trendforce.get_dx_comp_index | TrendForce sheet transformed | file=Li-Ion Battery.xlsx | sheet=Other | category=Battery | sub_category=Other | rows=16
2026-08-30 11:45:54 | INFO | src.jobs_xlsx.trendforce.get_dx_comp_index | TrendForce workbook transformed | file=Li-Ion Battery.xlsx | rows=352
2026-08-30 11:45:54 | INFO | src.jobs_xlsx.trendforce.get_dx_comp_index | TrendForce industry Parquet saved | output_path=/Users/junghunlee/Desktop/Pycharm/FinancialData/data_warehouse/raw/industry/components/dx_components.parquet | rows=23558
